[0.000000] (-) TimerEvent: {}
[0.000565] (-) JobUnselected: {'identifier': 'drive_base_msgs'}
[0.000626] (-) JobUnselected: {'identifier': 'micro_ros_setup'}
[0.000647] (micro_ros_msgs) JobQueued: {'identifier': 'micro_ros_msgs', 'dependencies': OrderedDict()}
[0.000666] (micro_ros_agent) JobQueued: {'identifier': 'micro_ros_agent', 'dependencies': OrderedDict({'micro_ros_msgs': '/home/ali/STM32CubeIDE/microros_ws/install/micro_ros_msgs'})}
[0.000686] (micro_ros_msgs) JobStarted: {'identifier': 'micro_ros_msgs'}
[0.005179] (micro_ros_msgs) JobProgress: {'identifier': 'micro_ros_msgs', 'progress': 'cmake'}
[0.005629] (micro_ros_msgs) Command: {'cmd': ['/usr/bin/cmake', '/home/ali/STM32CubeIDE/microros_ws/src/uros/micro_ros_msgs', '-DUAGENT_BUILD_EXECUTABLE=OFF', '-DUAGENT_P2P_PROFILE=OFF', '--no-warn-unused-cli', '-DCMAKE_INSTALL_PREFIX=/home/ali/STM32CubeIDE/microros_ws/install/micro_ros_msgs'], 'cwd': '/home/ali/STM32CubeIDE/microros_ws/build/micro_ros_msgs', 'env': OrderedDict({'LESSOPEN': '| /usr/bin/lesspipe %s', 'USER': 'ali', 'XDG_SESSION_TYPE': 'x11', 'SHLVL': '2', 'LD_LIBRARY_PATH': '/usr/local/cuda/lib64:/opt/ros/jazzy/opt/rviz_ogre_vendor/lib:/opt/ros/jazzy/lib/x86_64-linux-gnu:/opt/ros/jazzy/opt/gz_math_vendor/lib:/opt/ros/jazzy/opt/gz_utils_vendor/lib:/opt/ros/jazzy/opt/gz_cmake_vendor/lib:/opt/ros/jazzy/lib', 'HOME': '/home/ali', 'CONDA_SHLVL': '0', 'OLDPWD': '/home/ali/STM32CubeIDE/microros_ws/src', 'DESKTOP_SESSION': 'ubuntu', 'ROS_PYTHON_VERSION': '3', 'GNOME_SHELL_SESSION_MODE': 'ubuntu', 'GTK_MODULES': 'gail:atk-bridge', 'DBUS_STARTER_BUS_TYPE': 'session', 'SYSTEMD_EXEC_PID': '3737', 'GSM_SKIP_SSH_AGENT_WORKAROUND': 'true', 'DBUS_SESSION_BUS_ADDRESS': 'unix:path=/run/user/1000/bus,guid=0604e28faa751846e4adda7b6881fc05', 'COLORTERM': 'truecolor', '_CE_M': '', 'DEBUGINFOD_URLS': 'https://debuginfod.ubuntu.com', 'COLCON_PREFIX_PATH': '/home/ali/STM32CubeIDE/microros_ws/install', 'ROS_DISTRO': 'jazzy', 'LOGNAME': 'ali', '_': '/usr/bin/colcon', 'ROS_VERSION': '2', 'MEMORY_PRESSURE_WATCH': '/sys/fs/cgroup/user.slice/user-1000.slice/user@1000.service/app.slice/app-gnome\\x2dsession\\x2dmanager.slice/gnome-session-manager@ubuntu.service/memory.pressure', 'XDG_SESSION_CLASS': 'user', 'USERNAME': 'ali', 'TERM': 'xterm-256color', 'GNOME_DESKTOP_SESSION_ID': 'this-is-deprecated', '_CE_CONDA': '', 'WINDOWPATH': '2', 'PATH': '/opt/gcc-arm-none-eabi-10.3-2021.10/bin:/opt/xpack-openocd-0.12.0-6/bin:/home/ali/anaconda3/condabin:/usr/local/cuda/bin:/opt/ros/jazzy/bin:/usr/local/sbin:/usr/local/bin:/usr/sbin:/usr/bin:/sbin:/bin:/usr/games:/usr/local/games:/snap/bin:/snap/bin', 'SESSION_MANAGER': 'local/Asus:@/tmp/.ICE-unix/3737,unix/Asus:/tmp/.ICE-unix/3737', 'XDG_MENU_PREFIX': 'gnome-', 'GNOME_TERMINAL_SCREEN': '/org/gnome/Terminal/screen/dcb9ce6c_90fc_45e0_b803_e109dc5ac748', 'XDG_RUNTIME_DIR': '/run/user/1000', 'DISPLAY': ':1', 'LANG': 'en_US.UTF-8', 'XDG_CURRENT_DESKTOP': 'ubuntu:GNOME', 'XMODIFIERS': '@im=ibus', 'XDG_SESSION_DESKTOP': 'ubuntu', 'XAUTHORITY': '/run/user/1000/gdm/Xauthority', 'LS_COLORS': 'rs=0:di=01;34:ln=01;36:mh=00:pi=40;33:so=01;35:do=01;35:bd=40;33;01:cd=40;33;01:or=40;31;01:mi=00:su=37;41:sg=30;43:ca=00:tw=30;42:ow=34;42:st=37;44:ex=01;32:*.tar=01;31:*.tgz=01;31:*.arc=01;31:*.arj=01;31:*.taz=01;31:*.lha=01;31:*.lz4=01;31:*.lzh=01;31:*.lzma=01;31:*.tlz=01;31:*.txz=01;31:*.tzo=01;31:*.t7z=01;31:*.zip=01;31:*.z=01;31:*.dz=01;31:*.gz=01;31:*.lrz=01;31:*.lz=01;31:*.lzo=01;31:*.xz=01;31:*.zst=01;31:*.tzst=01;31:*.bz2=01;31:*.bz=01;31:*.tbz=01;31:*.tbz2=01;31:*.tz=01;31:*.deb=01;31:*.rpm=01;31:*.jar=01;31:*.war=01;31:*.ear=01;31:*.sar=01;31:*.rar=01;31:*.alz=01;31:*.ace=01;31:*.zoo=01;31:*.cpio=01;31:*.7z=01;31:*.rz=01;31:*.cab=01;31:*.wim=01;31:*.swm=01;31:*.dwm=01;31:*.esd=01;31:*.avif=01;35:*.jpg=01;35:*.jpeg=01;35:*.mjpg=01;35:*.mjpeg=01;35:*.gif=01;35:*.bmp=01;35:*.pbm=01;35:*.pgm=01;35:*.ppm=01;35:*.tga=01;35:*.xbm=01;35:*.xpm=01;35:*.tif=01;35:*.tiff=01;35:*.png=01;35:*.svg=01;35:*.svgz=01;35:*.mng=01;35:*.pcx=01;35:*.mov=01;35:*.mpg=01;35:*.mpeg=01;35:*.m2v=01;35:*.mkv=01;35:*.webm=01;35:*.webp=01;35:*.ogm=01;35:*.mp4=01;35:*.m4v=01;35:*.mp4v=01;35:*.vob=01;35:*.qt=01;35:*.nuv=01;35:*.wmv=01;35:*.asf=01;35:*.rm=01;35:*.rmvb=01;35:*.flc=01;35:*.avi=01;35:*.fli=01;35:*.flv=01;35:*.gl=01;35:*.dl=01;35:*.xcf=01;35:*.xwd=01;35:*.yuv=01;35:*.cgm=01;35:*.emf=01;35:*.ogv=01;35:*.ogx=01;35:*.aac=00;36:*.au=00;36:*.flac=00;36:*.m4a=00;36:*.mid=00;36:*.midi=00;36:*.mka=00;36:*.mp3=00;36:*.mpc=00;36:*.ogg=00;36:*.ra=00;36:*.wav=00;36:*.oga=00;36:*.opus=00;36:*.spx=00;36:*.xspf=00;36:*~=00;90:*#=00;90:*.bak=00;90:*.crdownload=00;90:*.dpkg-dist=00;90:*.dpkg-new=00;90:*.dpkg-old=00;90:*.dpkg-tmp=00;90:*.old=00;90:*.orig=00;90:*.part=00;90:*.rej=00;90:*.rpmnew=00;90:*.rpmorig=00;90:*.rpmsave=00;90:*.swp=00;90:*.tmp=00;90:*.ucf-dist=00;90:*.ucf-new=00;90:*.ucf-old=00;90:', 'GNOME_TERMINAL_SERVICE': ':1.151', 'SSH_AUTH_SOCK': '/run/user/1000/keyring/ssh', 'AMENT_PREFIX_PATH': '/home/ali/STM32CubeIDE/microros_ws/install/micro_ros_setup:/opt/ros/jazzy', 'CONDA_PYTHON_EXE': '/home/ali/anaconda3/bin/python', 'SHELL': '/bin/bash', 'QT_ACCESSIBILITY': '1', 'GDMSESSION': 'ubuntu', 'LESSCLOSE': '/usr/bin/lesspipe %s %s', 'GPG_AGENT_INFO': '/run/user/1000/gnupg/S.gpg-agent:0:1', 'ROS_AUTOMATIC_DISCOVERY_RANGE': 'SUBNET', 'QT_IM_MODULE': 'ibus', 'PWD': '/home/ali/STM32CubeIDE/microros_ws/build/micro_ros_msgs', 'LC_ALL': 'en_US.UTF-8', 'XDG_CONFIG_DIRS': '/etc/xdg/xdg-ubuntu:/etc/xdg', 'CONDA_EXE': '/home/ali/anaconda3/bin/conda', 'DBUS_STARTER_ADDRESS': 'unix:path=/run/user/1000/bus,guid=0604e28faa751846e4adda7b6881fc05', 'XDG_DATA_DIRS': '/usr/share/ubuntu:/usr/share/gnome:/usr/local/share/:/usr/share/:/var/lib/snapd/desktop', 'PYTHONPATH': '/opt/ros/jazzy/lib/python3.12/site-packages', 'COLCON': '1', 'MEMORY_PRESSURE_WRITE': 'c29tZSAyMDAwMDAgMjAwMDAwMAA=', 'VTE_VERSION': '7600', 'CMAKE_PREFIX_PATH': '/home/ali/STM32CubeIDE/microros_ws/install/micro_ros_setup:/opt/ros/jazzy/opt/gz_math_vendor:/opt/ros/jazzy/opt/gz_utils_vendor:/opt/ros/jazzy/opt/gz_cmake_vendor:/opt/ros/jazzy'}), 'shell': False}
[0.013054] (micro_ros_msgs) StdoutLine: {'line': b'Not searching for unused variables given on the command line.\n'}
[0.049082] (micro_ros_msgs) StdoutLine: {'line': b'-- The C compiler identification is GNU 13.3.0\n'}
[0.089196] (micro_ros_msgs) StdoutLine: {'line': b'-- The CXX compiler identification is GNU 13.3.0\n'}
[0.100007] (-) TimerEvent: {}
[0.102888] (micro_ros_msgs) StdoutLine: {'line': b'-- Detecting C compiler ABI info\n'}
[0.185395] (micro_ros_msgs) StdoutLine: {'line': b'-- Detecting C compiler ABI info - done\n'}
[0.194293] (micro_ros_msgs) StdoutLine: {'line': b'-- Check for working C compiler: /usr/bin/cc - skipped\n'}
[0.194404] (micro_ros_msgs) StdoutLine: {'line': b'-- Detecting C compile features\n'}
[0.194607] (micro_ros_msgs) StdoutLine: {'line': b'-- Detecting C compile features - done\n'}
[0.200069] (-) TimerEvent: {}
[0.205078] (micro_ros_msgs) StdoutLine: {'line': b'-- Detecting CXX compiler ABI info\n'}
[0.292040] (micro_ros_msgs) StdoutLine: {'line': b'-- Detecting CXX compiler ABI info - done\n'}
[0.300196] (-) TimerEvent: {}
[0.301818] (micro_ros_msgs) StdoutLine: {'line': b'-- Check for working CXX compiler: /usr/bin/c++ - skipped\n'}
[0.302003] (micro_ros_msgs) StdoutLine: {'line': b'-- Detecting CXX compile features\n'}
[0.302728] (micro_ros_msgs) StdoutLine: {'line': b'-- Detecting CXX compile features - done\n'}
[0.303571] (micro_ros_msgs) StdoutLine: {'line': b'-- Found ament_cmake: 2.5.4 (/opt/ros/jazzy/share/ament_cmake/cmake)\n'}
[0.394408] (micro_ros_msgs) StdoutLine: {'line': b'-- Found Python3: /usr/bin/python3 (found version "3.12.3") found components: Interpreter \n'}
[0.400368] (-) TimerEvent: {}
[0.458641] (micro_ros_msgs) StdoutLine: {'line': b'-- Found rosidl_default_generators: 1.6.0 (/opt/ros/jazzy/share/rosidl_default_generators/cmake)\n'}
[0.465224] (micro_ros_msgs) StdoutLine: {'line': b'-- Using all available rosidl_typesupport_c: rosidl_typesupport_fastrtps_c;rosidl_typesupport_introspection_c\n'}
[0.499706] (micro_ros_msgs) StdoutLine: {'line': b'-- Using all available rosidl_typesupport_cpp: rosidl_typesupport_fastrtps_cpp;rosidl_typesupport_introspection_cpp\n'}
[0.500430] (-) TimerEvent: {}
[0.530710] (micro_ros_msgs) StdoutLine: {'line': b'-- Found rosidl_adapter: 4.6.5 (/opt/ros/jazzy/share/rosidl_adapter/cmake)\n'}
[0.532723] (micro_ros_msgs) StdoutLine: {'line': b'-- Found ament_lint_auto: 0.17.2 (/opt/ros/jazzy/share/ament_lint_auto/cmake)\n'}
[0.600524] (-) TimerEvent: {}
[0.700782] (-) TimerEvent: {}
[0.800979] (-) TimerEvent: {}
[0.901258] (-) TimerEvent: {}
[0.936976] (micro_ros_msgs) StdoutLine: {'line': b'-- Found ament_cmake_ros: 0.12.0 (/opt/ros/jazzy/share/ament_cmake_ros/cmake)\n'}
[1.001450] (-) TimerEvent: {}
[1.101748] (-) TimerEvent: {}
[1.201931] (-) TimerEvent: {}
[1.226112] (micro_ros_msgs) StdoutLine: {'line': b'-- Using all available rosidl_typesupport_c: rosidl_typesupport_fastrtps_c;rosidl_typesupport_introspection_c\n'}
[1.302014] (-) TimerEvent: {}
[1.402193] (-) TimerEvent: {}
[1.502521] (-) TimerEvent: {}
[1.602703] (-) TimerEvent: {}
[1.613032] (micro_ros_msgs) StdoutLine: {'line': b'-- Using all available rosidl_typesupport_cpp: rosidl_typesupport_fastrtps_cpp;rosidl_typesupport_introspection_cpp\n'}
[1.616650] (micro_ros_msgs) StdoutLine: {'line': b'-- Found python_cmake_module: 0.11.1 (/opt/ros/jazzy/share/python_cmake_module/cmake)\n'}
[1.702890] (-) TimerEvent: {}
[1.708910] (micro_ros_msgs) StdoutLine: {'line': b'-- Found PythonExtra: /usr/bin/python3  \n'}
[1.803013] (-) TimerEvent: {}
[1.903213] (-) TimerEvent: {}
[2.003503] (-) TimerEvent: {}
[2.049446] (micro_ros_msgs) StdoutLine: {'line': b'-- Found Python3: /usr/bin/python3 (found version "3.12.3") found components: Interpreter Development NumPy Development.Module Development.Embed \n'}
[2.071348] (micro_ros_msgs) StdoutLine: {'line': b"-- Added test 'copyright' to check source files copyright and LICENSE\n"}
[2.075148] (micro_ros_msgs) StdoutLine: {'line': b"-- Added test 'lint_cmake' to check CMake code style\n"}
[2.077121] (micro_ros_msgs) StdoutLine: {'line': b"-- Added test 'xmllint' to check XML markup files\n"}
[2.082795] (micro_ros_msgs) StdoutLine: {'line': b'-- Configuring done (2.1s)\n'}
[2.101107] (micro_ros_msgs) StdoutLine: {'line': b'-- Generating done (0.0s)\n'}
[2.103669] (-) TimerEvent: {}
[2.107008] (micro_ros_msgs) StdoutLine: {'line': b'-- Build files have been written to: /home/ali/STM32CubeIDE/microros_ws/build/micro_ros_msgs\n'}
[2.111289] (micro_ros_msgs) CommandEnded: {'returncode': 0}
[2.111620] (micro_ros_msgs) JobProgress: {'identifier': 'micro_ros_msgs', 'progress': 'build'}
[2.112381] (micro_ros_msgs) Command: {'cmd': ['/usr/bin/cmake', '--build', '/home/ali/STM32CubeIDE/microros_ws/build/micro_ros_msgs', '--', '-j20', '-l20'], 'cwd': '/home/ali/STM32CubeIDE/microros_ws/build/micro_ros_msgs', 'env': OrderedDict({'LESSOPEN': '| /usr/bin/lesspipe %s', 'USER': 'ali', 'XDG_SESSION_TYPE': 'x11', 'SHLVL': '2', 'LD_LIBRARY_PATH': '/usr/local/cuda/lib64:/opt/ros/jazzy/opt/rviz_ogre_vendor/lib:/opt/ros/jazzy/lib/x86_64-linux-gnu:/opt/ros/jazzy/opt/gz_math_vendor/lib:/opt/ros/jazzy/opt/gz_utils_vendor/lib:/opt/ros/jazzy/opt/gz_cmake_vendor/lib:/opt/ros/jazzy/lib', 'HOME': '/home/ali', 'CONDA_SHLVL': '0', 'OLDPWD': '/home/ali/STM32CubeIDE/microros_ws/src', 'DESKTOP_SESSION': 'ubuntu', 'ROS_PYTHON_VERSION': '3', 'GNOME_SHELL_SESSION_MODE': 'ubuntu', 'GTK_MODULES': 'gail:atk-bridge', 'DBUS_STARTER_BUS_TYPE': 'session', 'SYSTEMD_EXEC_PID': '3737', 'GSM_SKIP_SSH_AGENT_WORKAROUND': 'true', 'DBUS_SESSION_BUS_ADDRESS': 'unix:path=/run/user/1000/bus,guid=0604e28faa751846e4adda7b6881fc05', 'COLORTERM': 'truecolor', '_CE_M': '', 'DEBUGINFOD_URLS': 'https://debuginfod.ubuntu.com', 'COLCON_PREFIX_PATH': '/home/ali/STM32CubeIDE/microros_ws/install', 'ROS_DISTRO': 'jazzy', 'LOGNAME': 'ali', '_': '/usr/bin/colcon', 'ROS_VERSION': '2', 'MEMORY_PRESSURE_WATCH': '/sys/fs/cgroup/user.slice/user-1000.slice/user@1000.service/app.slice/app-gnome\\x2dsession\\x2dmanager.slice/gnome-session-manager@ubuntu.service/memory.pressure', 'XDG_SESSION_CLASS': 'user', 'USERNAME': 'ali', 'TERM': 'xterm-256color', 'GNOME_DESKTOP_SESSION_ID': 'this-is-deprecated', '_CE_CONDA': '', 'WINDOWPATH': '2', 'PATH': '/opt/gcc-arm-none-eabi-10.3-2021.10/bin:/opt/xpack-openocd-0.12.0-6/bin:/home/ali/anaconda3/condabin:/usr/local/cuda/bin:/opt/ros/jazzy/bin:/usr/local/sbin:/usr/local/bin:/usr/sbin:/usr/bin:/sbin:/bin:/usr/games:/usr/local/games:/snap/bin:/snap/bin', 'SESSION_MANAGER': 'local/Asus:@/tmp/.ICE-unix/3737,unix/Asus:/tmp/.ICE-unix/3737', 'XDG_MENU_PREFIX': 'gnome-', 'GNOME_TERMINAL_SCREEN': '/org/gnome/Terminal/screen/dcb9ce6c_90fc_45e0_b803_e109dc5ac748', 'XDG_RUNTIME_DIR': '/run/user/1000', 'DISPLAY': ':1', 'LANG': 'en_US.UTF-8', 'XDG_CURRENT_DESKTOP': 'ubuntu:GNOME', 'XMODIFIERS': '@im=ibus', 'XDG_SESSION_DESKTOP': 'ubuntu', 'XAUTHORITY': '/run/user/1000/gdm/Xauthority', 'LS_COLORS': 'rs=0:di=01;34:ln=01;36:mh=00:pi=40;33:so=01;35:do=01;35:bd=40;33;01:cd=40;33;01:or=40;31;01:mi=00:su=37;41:sg=30;43:ca=00:tw=30;42:ow=34;42:st=37;44:ex=01;32:*.tar=01;31:*.tgz=01;31:*.arc=01;31:*.arj=01;31:*.taz=01;31:*.lha=01;31:*.lz4=01;31:*.lzh=01;31:*.lzma=01;31:*.tlz=01;31:*.txz=01;31:*.tzo=01;31:*.t7z=01;31:*.zip=01;31:*.z=01;31:*.dz=01;31:*.gz=01;31:*.lrz=01;31:*.lz=01;31:*.lzo=01;31:*.xz=01;31:*.zst=01;31:*.tzst=01;31:*.bz2=01;31:*.bz=01;31:*.tbz=01;31:*.tbz2=01;31:*.tz=01;31:*.deb=01;31:*.rpm=01;31:*.jar=01;31:*.war=01;31:*.ear=01;31:*.sar=01;31:*.rar=01;31:*.alz=01;31:*.ace=01;31:*.zoo=01;31:*.cpio=01;31:*.7z=01;31:*.rz=01;31:*.cab=01;31:*.wim=01;31:*.swm=01;31:*.dwm=01;31:*.esd=01;31:*.avif=01;35:*.jpg=01;35:*.jpeg=01;35:*.mjpg=01;35:*.mjpeg=01;35:*.gif=01;35:*.bmp=01;35:*.pbm=01;35:*.pgm=01;35:*.ppm=01;35:*.tga=01;35:*.xbm=01;35:*.xpm=01;35:*.tif=01;35:*.tiff=01;35:*.png=01;35:*.svg=01;35:*.svgz=01;35:*.mng=01;35:*.pcx=01;35:*.mov=01;35:*.mpg=01;35:*.mpeg=01;35:*.m2v=01;35:*.mkv=01;35:*.webm=01;35:*.webp=01;35:*.ogm=01;35:*.mp4=01;35:*.m4v=01;35:*.mp4v=01;35:*.vob=01;35:*.qt=01;35:*.nuv=01;35:*.wmv=01;35:*.asf=01;35:*.rm=01;35:*.rmvb=01;35:*.flc=01;35:*.avi=01;35:*.fli=01;35:*.flv=01;35:*.gl=01;35:*.dl=01;35:*.xcf=01;35:*.xwd=01;35:*.yuv=01;35:*.cgm=01;35:*.emf=01;35:*.ogv=01;35:*.ogx=01;35:*.aac=00;36:*.au=00;36:*.flac=00;36:*.m4a=00;36:*.mid=00;36:*.midi=00;36:*.mka=00;36:*.mp3=00;36:*.mpc=00;36:*.ogg=00;36:*.ra=00;36:*.wav=00;36:*.oga=00;36:*.opus=00;36:*.spx=00;36:*.xspf=00;36:*~=00;90:*#=00;90:*.bak=00;90:*.crdownload=00;90:*.dpkg-dist=00;90:*.dpkg-new=00;90:*.dpkg-old=00;90:*.dpkg-tmp=00;90:*.old=00;90:*.orig=00;90:*.part=00;90:*.rej=00;90:*.rpmnew=00;90:*.rpmorig=00;90:*.rpmsave=00;90:*.swp=00;90:*.tmp=00;90:*.ucf-dist=00;90:*.ucf-new=00;90:*.ucf-old=00;90:', 'GNOME_TERMINAL_SERVICE': ':1.151', 'SSH_AUTH_SOCK': '/run/user/1000/keyring/ssh', 'AMENT_PREFIX_PATH': '/home/ali/STM32CubeIDE/microros_ws/install/micro_ros_setup:/opt/ros/jazzy', 'CONDA_PYTHON_EXE': '/home/ali/anaconda3/bin/python', 'SHELL': '/bin/bash', 'QT_ACCESSIBILITY': '1', 'GDMSESSION': 'ubuntu', 'LESSCLOSE': '/usr/bin/lesspipe %s %s', 'GPG_AGENT_INFO': '/run/user/1000/gnupg/S.gpg-agent:0:1', 'ROS_AUTOMATIC_DISCOVERY_RANGE': 'SUBNET', 'QT_IM_MODULE': 'ibus', 'PWD': '/home/ali/STM32CubeIDE/microros_ws/build/micro_ros_msgs', 'LC_ALL': 'en_US.UTF-8', 'XDG_CONFIG_DIRS': '/etc/xdg/xdg-ubuntu:/etc/xdg', 'CONDA_EXE': '/home/ali/anaconda3/bin/conda', 'DBUS_STARTER_ADDRESS': 'unix:path=/run/user/1000/bus,guid=0604e28faa751846e4adda7b6881fc05', 'XDG_DATA_DIRS': '/usr/share/ubuntu:/usr/share/gnome:/usr/local/share/:/usr/share/:/var/lib/snapd/desktop', 'PYTHONPATH': '/opt/ros/jazzy/lib/python3.12/site-packages', 'COLCON': '1', 'MEMORY_PRESSURE_WRITE': 'c29tZSAyMDAwMDAgMjAwMDAwMAA=', 'VTE_VERSION': '7600', 'CMAKE_PREFIX_PATH': '/home/ali/STM32CubeIDE/microros_ws/install/micro_ros_setup:/opt/ros/jazzy/opt/gz_math_vendor:/opt/ros/jazzy/opt/gz_utils_vendor:/opt/ros/jazzy/opt/gz_cmake_vendor:/opt/ros/jazzy'}), 'shell': False}
[2.150055] (micro_ros_msgs) StdoutLine: {'line': b'[  1%] \x1b[34m\x1b[1mGenerating type hashes for ROS interfaces\x1b[0m\n'}
[2.158639] (micro_ros_msgs) StdoutLine: {'line': b'[  1%] Built target ament_cmake_python_copy_micro_ros_msgs\n'}
[2.203760] (-) TimerEvent: {}
[2.282386] (micro_ros_msgs) StdoutLine: {'line': b'running egg_info\n'}
[2.283027] (micro_ros_msgs) StdoutLine: {'line': b'creating micro_ros_msgs.egg-info\n'}
[2.292472] (micro_ros_msgs) StdoutLine: {'line': b'writing micro_ros_msgs.egg-info/PKG-INFO\n'}
[2.292593] (micro_ros_msgs) StdoutLine: {'line': b'writing dependency_links to micro_ros_msgs.egg-info/dependency_links.txt\n'}
[2.292758] (micro_ros_msgs) StdoutLine: {'line': b'writing top-level names to micro_ros_msgs.egg-info/top_level.txt\n'}
[2.292833] (micro_ros_msgs) StdoutLine: {'line': b"writing manifest file 'micro_ros_msgs.egg-info/SOURCES.txt'\n"}
[2.301949] (micro_ros_msgs) StdoutLine: {'line': b'[  1%] Built target micro_ros_msgs__rosidl_generator_type_description\n'}
[2.303831] (-) TimerEvent: {}
[2.309879] (micro_ros_msgs) StdoutLine: {'line': b'[  3%] \x1b[34m\x1b[1mGenerating C code for ROS interfaces\x1b[0m\n'}
[2.316728] (micro_ros_msgs) StdoutLine: {'line': b'[  5%] \x1b[34m\x1b[1mGenerating C++ code for ROS interfaces\x1b[0m\n'}
[2.321757] (micro_ros_msgs) StdoutLine: {'line': b"reading manifest file 'micro_ros_msgs.egg-info/SOURCES.txt'\n"}
[2.322064] (micro_ros_msgs) StdoutLine: {'line': b"writing manifest file 'micro_ros_msgs.egg-info/SOURCES.txt'\n"}
[2.340601] (micro_ros_msgs) StdoutLine: {'line': b'[  5%] Built target ament_cmake_python_build_micro_ros_msgs_egg\n'}
[2.403919] (-) TimerEvent: {}
[2.504144] (-) TimerEvent: {}
[2.505663] (micro_ros_msgs) StdoutLine: {'line': b'[  5%] Built target micro_ros_msgs__cpp\n'}
[2.538442] (micro_ros_msgs) StdoutLine: {'line': b'[  7%] \x1b[32mBuilding C object CMakeFiles/micro_ros_msgs__rosidl_generator_c.dir/rosidl_generator_c/micro_ros_msgs/msg/detail/node__functions.c.o\x1b[0m\n'}
[2.538750] (micro_ros_msgs) StdoutLine: {'line': b'[  9%] \x1b[32mBuilding C object CMakeFiles/micro_ros_msgs__rosidl_generator_c.dir/rosidl_generator_c/micro_ros_msgs/msg/detail/node__type_support.c.o\x1b[0m\n'}
[2.538908] (micro_ros_msgs) StdoutLine: {'line': b'[ 11%] \x1b[32mBuilding C object CMakeFiles/micro_ros_msgs__rosidl_generator_c.dir/rosidl_generator_c/micro_ros_msgs/msg/detail/entity__description.c.o\x1b[0m\n'}
[2.539138] (micro_ros_msgs) StdoutLine: {'line': b'[ 12%] \x1b[32mBuilding C object CMakeFiles/micro_ros_msgs__rosidl_generator_c.dir/rosidl_generator_c/micro_ros_msgs/msg/detail/entity__functions.c.o\x1b[0m\n'}
[2.539385] (micro_ros_msgs) StdoutLine: {'line': b'[ 14%] \x1b[32mBuilding C object CMakeFiles/micro_ros_msgs__rosidl_generator_c.dir/rosidl_generator_c/micro_ros_msgs/msg/detail/entity__type_support.c.o\x1b[0m\n'}
[2.540325] (micro_ros_msgs) StdoutLine: {'line': b'[ 16%] \x1b[32mBuilding C object CMakeFiles/micro_ros_msgs__rosidl_generator_c.dir/rosidl_generator_c/micro_ros_msgs/msg/detail/graph__description.c.o\x1b[0m\n'}
[2.540512] (micro_ros_msgs) StdoutLine: {'line': b'[ 18%] \x1b[32mBuilding C object CMakeFiles/micro_ros_msgs__rosidl_generator_c.dir/rosidl_generator_c/micro_ros_msgs/msg/detail/graph__functions.c.o\x1b[0m\n'}
[2.540630] (micro_ros_msgs) StdoutLine: {'line': b'[ 20%] \x1b[32mBuilding C object CMakeFiles/micro_ros_msgs__rosidl_generator_c.dir/rosidl_generator_c/micro_ros_msgs/msg/detail/graph__type_support.c.o\x1b[0m\n'}
[2.540953] (micro_ros_msgs) StdoutLine: {'line': b'[ 22%] \x1b[32mBuilding C object CMakeFiles/micro_ros_msgs__rosidl_generator_c.dir/rosidl_generator_c/micro_ros_msgs/msg/detail/node__description.c.o\x1b[0m\n'}
[2.579185] (micro_ros_msgs) StdoutLine: {'line': b'[ 24%] \x1b[32m\x1b[1mLinking C shared library libmicro_ros_msgs__rosidl_generator_c.so\x1b[0m\n'}
[2.602434] (micro_ros_msgs) StdoutLine: {'line': b'[ 24%] Built target micro_ros_msgs__rosidl_generator_c\n'}
[2.604255] (-) TimerEvent: {}
[2.611471] (micro_ros_msgs) StdoutLine: {'line': b'[ 27%] \x1b[34m\x1b[1mGenerating C type support for eProsima Fast-RTPS\x1b[0m\n'}
[2.611663] (micro_ros_msgs) StdoutLine: {'line': b'[ 27%] \x1b[34m\x1b[1mGenerating C introspection for ROS interfaces\x1b[0m\n'}
[2.611755] (micro_ros_msgs) StdoutLine: {'line': b'[ 29%] \x1b[34m\x1b[1mGenerating C++ introspection for ROS interfaces\x1b[0m\n'}
[2.612463] (micro_ros_msgs) StdoutLine: {'line': b'[ 31%] \x1b[34m\x1b[1mGenerating C type support dispatch for ROS interfaces\x1b[0m\n'}
[2.612605] (micro_ros_msgs) StdoutLine: {'line': b'[ 33%] \x1b[34m\x1b[1mGenerating C++ type support for eProsima Fast-RTPS\x1b[0m\n'}
[2.612791] (micro_ros_msgs) StdoutLine: {'line': b'[ 35%] \x1b[34m\x1b[1mGenerating C++ type support dispatch for ROS interfaces\x1b[0m\n'}
[2.704348] (-) TimerEvent: {}
[2.795419] (micro_ros_msgs) StdoutLine: {'line': b'[ 37%] \x1b[32mBuilding CXX object CMakeFiles/micro_ros_msgs__rosidl_typesupport_cpp.dir/rosidl_typesupport_cpp/micro_ros_msgs/msg/graph__type_support.cpp.o\x1b[0m\n'}
[2.795572] (micro_ros_msgs) StdoutLine: {'line': b'[ 38%] \x1b[32mBuilding CXX object CMakeFiles/micro_ros_msgs__rosidl_typesupport_c.dir/rosidl_typesupport_c/micro_ros_msgs/msg/graph__type_support.cpp.o\x1b[0m\n'}
[2.795681] (micro_ros_msgs) StdoutLine: {'line': b'[ 40%] \x1b[32mBuilding CXX object CMakeFiles/micro_ros_msgs__rosidl_typesupport_cpp.dir/rosidl_typesupport_cpp/micro_ros_msgs/msg/node__type_support.cpp.o\x1b[0m\n'}
[2.796785] (micro_ros_msgs) StdoutLine: {'line': b'[ 42%] \x1b[32mBuilding CXX object CMakeFiles/micro_ros_msgs__rosidl_typesupport_cpp.dir/rosidl_typesupport_cpp/micro_ros_msgs/msg/entity__type_support.cpp.o\x1b[0m\n'}
[2.796973] (micro_ros_msgs) StdoutLine: {'line': b'[ 46%] \x1b[32mBuilding CXX object CMakeFiles/micro_ros_msgs__rosidl_typesupport_c.dir/rosidl_typesupport_c/micro_ros_msgs/msg/entity__type_support.cpp.o\x1b[0m\n'}
[2.797029] (micro_ros_msgs) StdoutLine: {'line': b'[ 46%] \x1b[32mBuilding CXX object CMakeFiles/micro_ros_msgs__rosidl_typesupport_c.dir/rosidl_typesupport_c/micro_ros_msgs/msg/node__type_support.cpp.o\x1b[0m\n'}
[2.804439] (-) TimerEvent: {}
[2.812320] (micro_ros_msgs) StdoutLine: {'line': b'[ 51%] \x1b[32mBuilding CXX object CMakeFiles/micro_ros_msgs__rosidl_typesupport_introspection_cpp.dir/rosidl_typesupport_introspection_cpp/micro_ros_msgs/msg/detail/entity__type_support.cpp.o\x1b[0m\n'}
[2.812536] (micro_ros_msgs) StdoutLine: {'line': b'[ 51%] \x1b[32mBuilding C object CMakeFiles/micro_ros_msgs__rosidl_typesupport_introspection_c.dir/rosidl_typesupport_introspection_c/micro_ros_msgs/msg/detail/graph__type_support.c.o\x1b[0m\n'}
[2.812648] (micro_ros_msgs) StdoutLine: {'line': b'[ 51%] \x1b[32mBuilding C object CMakeFiles/micro_ros_msgs__rosidl_typesupport_introspection_c.dir/rosidl_typesupport_introspection_c/micro_ros_msgs/msg/detail/entity__type_support.c.o\x1b[0m\n'}
[2.813501] (micro_ros_msgs) StdoutLine: {'line': b'[ 53%] \x1b[32mBuilding CXX object CMakeFiles/micro_ros_msgs__rosidl_typesupport_introspection_cpp.dir/rosidl_typesupport_introspection_cpp/micro_ros_msgs/msg/detail/graph__type_support.cpp.o\x1b[0m\n'}
[2.813669] (micro_ros_msgs) StdoutLine: {'line': b'[ 57%] \x1b[32mBuilding C object CMakeFiles/micro_ros_msgs__rosidl_typesupport_introspection_c.dir/rosidl_typesupport_introspection_c/micro_ros_msgs/msg/detail/node__type_support.c.o\x1b[0m\n'}
[2.813769] (micro_ros_msgs) StdoutLine: {'line': b'[ 57%] \x1b[32mBuilding CXX object CMakeFiles/micro_ros_msgs__rosidl_typesupport_introspection_cpp.dir/rosidl_typesupport_introspection_cpp/micro_ros_msgs/msg/detail/node__type_support.cpp.o\x1b[0m\n'}
[2.836412] (micro_ros_msgs) StdoutLine: {'line': b'[ 59%] \x1b[32m\x1b[1mLinking CXX shared library libmicro_ros_msgs__rosidl_typesupport_c.so\x1b[0m\n'}
[2.844576] (micro_ros_msgs) StdoutLine: {'line': b'[ 62%] \x1b[32mBuilding CXX object CMakeFiles/micro_ros_msgs__rosidl_typesupport_fastrtps_cpp.dir/rosidl_typesupport_fastrtps_cpp/micro_ros_msgs/msg/detail/dds_fastrtps/graph__type_support.cpp.o\x1b[0m\n'}
[2.844787] (micro_ros_msgs) StdoutLine: {'line': b'[ 62%] \x1b[32mBuilding CXX object CMakeFiles/micro_ros_msgs__rosidl_typesupport_fastrtps_cpp.dir/rosidl_typesupport_fastrtps_cpp/micro_ros_msgs/msg/detail/dds_fastrtps/node__type_support.cpp.o\x1b[0m\n'}
[2.844897] (micro_ros_msgs) StdoutLine: {'line': b'[ 64%] \x1b[32mBuilding CXX object CMakeFiles/micro_ros_msgs__rosidl_typesupport_fastrtps_cpp.dir/rosidl_typesupport_fastrtps_cpp/micro_ros_msgs/msg/detail/dds_fastrtps/entity__type_support.cpp.o\x1b[0m\n'}
[2.851001] (micro_ros_msgs) StdoutLine: {'line': b'[ 66%] \x1b[32m\x1b[1mLinking C shared library libmicro_ros_msgs__rosidl_typesupport_introspection_c.so\x1b[0m\n'}
[2.855528] (micro_ros_msgs) StdoutLine: {'line': b'[ 68%] \x1b[32mBuilding CXX object CMakeFiles/micro_ros_msgs__rosidl_typesupport_fastrtps_c.dir/rosidl_typesupport_fastrtps_c/micro_ros_msgs/msg/detail/entity__type_support_c.cpp.o\x1b[0m\n'}
[2.855764] (micro_ros_msgs) StdoutLine: {'line': b'[ 70%] \x1b[32mBuilding CXX object CMakeFiles/micro_ros_msgs__rosidl_typesupport_fastrtps_c.dir/rosidl_typesupport_fastrtps_c/micro_ros_msgs/msg/detail/graph__type_support_c.cpp.o\x1b[0m\n'}
[2.855888] (micro_ros_msgs) StdoutLine: {'line': b'[ 72%] \x1b[32mBuilding CXX object CMakeFiles/micro_ros_msgs__rosidl_typesupport_fastrtps_c.dir/rosidl_typesupport_fastrtps_c/micro_ros_msgs/msg/detail/node__type_support_c.cpp.o\x1b[0m\n'}
[2.865928] (micro_ros_msgs) StdoutLine: {'line': b'[ 72%] Built target micro_ros_msgs__rosidl_typesupport_c\n'}
[2.880013] (micro_ros_msgs) StdoutLine: {'line': b'[ 72%] Built target micro_ros_msgs__rosidl_typesupport_introspection_c\n'}
[2.904562] (-) TimerEvent: {}
[3.004871] (-) TimerEvent: {}
[3.105138] (-) TimerEvent: {}
[3.140483] (micro_ros_msgs) StdoutLine: {'line': b'[ 74%] \x1b[32m\x1b[1mLinking CXX shared library libmicro_ros_msgs__rosidl_typesupport_cpp.so\x1b[0m\n'}
[3.172442] (micro_ros_msgs) StdoutLine: {'line': b'[ 74%] Built target micro_ros_msgs__rosidl_typesupport_cpp\n'}
[3.197235] (micro_ros_msgs) StdoutLine: {'line': b'[ 75%] \x1b[32m\x1b[1mLinking CXX shared library libmicro_ros_msgs__rosidl_typesupport_fastrtps_c.so\x1b[0m\n'}
[3.202179] (micro_ros_msgs) StdoutLine: {'line': b'[ 77%] \x1b[32m\x1b[1mLinking CXX shared library libmicro_ros_msgs__rosidl_typesupport_introspection_cpp.so\x1b[0m\n'}
[3.205209] (-) TimerEvent: {}
[3.246019] (micro_ros_msgs) StdoutLine: {'line': b'[ 77%] Built target micro_ros_msgs__rosidl_typesupport_fastrtps_c\n'}
[3.251419] (micro_ros_msgs) StdoutLine: {'line': b'[ 77%] Built target micro_ros_msgs__rosidl_typesupport_introspection_cpp\n'}
[3.299049] (micro_ros_msgs) StdoutLine: {'line': b'[ 79%] \x1b[32m\x1b[1mLinking CXX shared library libmicro_ros_msgs__rosidl_typesupport_fastrtps_cpp.so\x1b[0m\n'}
[3.305333] (-) TimerEvent: {}
[3.346095] (micro_ros_msgs) StdoutLine: {'line': b'[ 79%] Built target micro_ros_msgs__rosidl_typesupport_fastrtps_cpp\n'}
[3.362448] (micro_ros_msgs) StdoutLine: {'line': b'[ 79%] Built target micro_ros_msgs\n'}
[3.377815] (micro_ros_msgs) StdoutLine: {'line': b'[ 81%] \x1b[34m\x1b[1mGenerating Python code for ROS interfaces\x1b[0m\n'}
[3.405536] (-) TimerEvent: {}
[3.505751] (-) TimerEvent: {}
[3.606067] (-) TimerEvent: {}
[3.627938] (micro_ros_msgs) StdoutLine: {'line': b'[ 81%] Built target micro_ros_msgs__py\n'}
[3.640922] (micro_ros_msgs) StdoutLine: {'line': b'[ 83%] \x1b[32mBuilding C object CMakeFiles/micro_ros_msgs__rosidl_generator_py.dir/rosidl_generator_py/micro_ros_msgs/msg/_entity_s.c.o\x1b[0m\n'}
[3.641043] (micro_ros_msgs) StdoutLine: {'line': b'[ 85%] \x1b[32mBuilding C object CMakeFiles/micro_ros_msgs__rosidl_generator_py.dir/rosidl_generator_py/micro_ros_msgs/msg/_graph_s.c.o\x1b[0m\n'}
[3.641082] (micro_ros_msgs) StdoutLine: {'line': b'[ 87%] \x1b[32mBuilding C object CMakeFiles/micro_ros_msgs__rosidl_generator_py.dir/rosidl_generator_py/micro_ros_msgs/msg/_node_s.c.o\x1b[0m\n'}
[3.706161] (-) TimerEvent: {}
[3.714419] (micro_ros_msgs) StdoutLine: {'line': b'[ 88%] \x1b[32m\x1b[1mLinking C shared library libmicro_ros_msgs__rosidl_generator_py.so\x1b[0m\n'}
[3.742077] (micro_ros_msgs) StdoutLine: {'line': b'[ 88%] Built target micro_ros_msgs__rosidl_generator_py\n'}
[3.755279] (micro_ros_msgs) StdoutLine: {'line': b'[ 90%] \x1b[32mBuilding C object CMakeFiles/micro_ros_msgs_s__rosidl_typesupport_fastrtps_c.dir/rosidl_generator_py/micro_ros_msgs/_micro_ros_msgs_s.ep.rosidl_typesupport_fastrtps_c.c.o\x1b[0m\n'}
[3.756672] (micro_ros_msgs) StdoutLine: {'line': b'[ 92%] \x1b[32mBuilding C object CMakeFiles/micro_ros_msgs_s__rosidl_typesupport_introspection_c.dir/rosidl_generator_py/micro_ros_msgs/_micro_ros_msgs_s.ep.rosidl_typesupport_introspection_c.c.o\x1b[0m\n'}
[3.756757] (micro_ros_msgs) StdoutLine: {'line': b'[ 94%] \x1b[32mBuilding C object CMakeFiles/micro_ros_msgs_s__rosidl_typesupport_c.dir/rosidl_generator_py/micro_ros_msgs/_micro_ros_msgs_s.ep.rosidl_typesupport_c.c.o\x1b[0m\n'}
[3.806331] (-) TimerEvent: {}
[3.819827] (micro_ros_msgs) StdoutLine: {'line': b'[ 96%] \x1b[32m\x1b[1mLinking C shared module rosidl_generator_py/micro_ros_msgs/micro_ros_msgs_s__rosidl_typesupport_introspection_c.so\x1b[0m\n'}
[3.820518] (micro_ros_msgs) StdoutLine: {'line': b'[100%] \x1b[32m\x1b[1mLinking C shared module rosidl_generator_py/micro_ros_msgs/micro_ros_msgs_s__rosidl_typesupport_c.so\x1b[0m\n'}
[3.820593] (micro_ros_msgs) StdoutLine: {'line': b'[100%] \x1b[32m\x1b[1mLinking C shared module rosidl_generator_py/micro_ros_msgs/micro_ros_msgs_s__rosidl_typesupport_fastrtps_c.so\x1b[0m\n'}
[3.840432] (micro_ros_msgs) StdoutLine: {'line': b'[100%] Built target micro_ros_msgs_s__rosidl_typesupport_introspection_c\n'}
[3.842725] (micro_ros_msgs) StdoutLine: {'line': b'[100%] Built target micro_ros_msgs_s__rosidl_typesupport_fastrtps_c\n'}
[3.842807] (micro_ros_msgs) StdoutLine: {'line': b'[100%] Built target micro_ros_msgs_s__rosidl_typesupport_c\n'}
[3.852273] (micro_ros_msgs) CommandEnded: {'returncode': 0}
[3.852737] (micro_ros_msgs) JobProgress: {'identifier': 'micro_ros_msgs', 'progress': 'install'}
[3.859700] (micro_ros_msgs) Command: {'cmd': ['/usr/bin/cmake', '--install', '/home/ali/STM32CubeIDE/microros_ws/build/micro_ros_msgs'], 'cwd': '/home/ali/STM32CubeIDE/microros_ws/build/micro_ros_msgs', 'env': OrderedDict({'LESSOPEN': '| /usr/bin/lesspipe %s', 'USER': 'ali', 'XDG_SESSION_TYPE': 'x11', 'SHLVL': '2', 'LD_LIBRARY_PATH': '/usr/local/cuda/lib64:/opt/ros/jazzy/opt/rviz_ogre_vendor/lib:/opt/ros/jazzy/lib/x86_64-linux-gnu:/opt/ros/jazzy/opt/gz_math_vendor/lib:/opt/ros/jazzy/opt/gz_utils_vendor/lib:/opt/ros/jazzy/opt/gz_cmake_vendor/lib:/opt/ros/jazzy/lib', 'HOME': '/home/ali', 'CONDA_SHLVL': '0', 'OLDPWD': '/home/ali/STM32CubeIDE/microros_ws/src', 'DESKTOP_SESSION': 'ubuntu', 'ROS_PYTHON_VERSION': '3', 'GNOME_SHELL_SESSION_MODE': 'ubuntu', 'GTK_MODULES': 'gail:atk-bridge', 'DBUS_STARTER_BUS_TYPE': 'session', 'SYSTEMD_EXEC_PID': '3737', 'GSM_SKIP_SSH_AGENT_WORKAROUND': 'true', 'DBUS_SESSION_BUS_ADDRESS': 'unix:path=/run/user/1000/bus,guid=0604e28faa751846e4adda7b6881fc05', 'COLORTERM': 'truecolor', '_CE_M': '', 'DEBUGINFOD_URLS': 'https://debuginfod.ubuntu.com', 'COLCON_PREFIX_PATH': '/home/ali/STM32CubeIDE/microros_ws/install', 'ROS_DISTRO': 'jazzy', 'LOGNAME': 'ali', '_': '/usr/bin/colcon', 'ROS_VERSION': '2', 'MEMORY_PRESSURE_WATCH': '/sys/fs/cgroup/user.slice/user-1000.slice/user@1000.service/app.slice/app-gnome\\x2dsession\\x2dmanager.slice/gnome-session-manager@ubuntu.service/memory.pressure', 'XDG_SESSION_CLASS': 'user', 'USERNAME': 'ali', 'TERM': 'xterm-256color', 'GNOME_DESKTOP_SESSION_ID': 'this-is-deprecated', '_CE_CONDA': '', 'WINDOWPATH': '2', 'PATH': '/opt/gcc-arm-none-eabi-10.3-2021.10/bin:/opt/xpack-openocd-0.12.0-6/bin:/home/ali/anaconda3/condabin:/usr/local/cuda/bin:/opt/ros/jazzy/bin:/usr/local/sbin:/usr/local/bin:/usr/sbin:/usr/bin:/sbin:/bin:/usr/games:/usr/local/games:/snap/bin:/snap/bin', 'SESSION_MANAGER': 'local/Asus:@/tmp/.ICE-unix/3737,unix/Asus:/tmp/.ICE-unix/3737', 'XDG_MENU_PREFIX': 'gnome-', 'GNOME_TERMINAL_SCREEN': '/org/gnome/Terminal/screen/dcb9ce6c_90fc_45e0_b803_e109dc5ac748', 'XDG_RUNTIME_DIR': '/run/user/1000', 'DISPLAY': ':1', 'LANG': 'en_US.UTF-8', 'XDG_CURRENT_DESKTOP': 'ubuntu:GNOME', 'XMODIFIERS': '@im=ibus', 'XDG_SESSION_DESKTOP': 'ubuntu', 'XAUTHORITY': '/run/user/1000/gdm/Xauthority', 'LS_COLORS': 'rs=0:di=01;34:ln=01;36:mh=00:pi=40;33:so=01;35:do=01;35:bd=40;33;01:cd=40;33;01:or=40;31;01:mi=00:su=37;41:sg=30;43:ca=00:tw=30;42:ow=34;42:st=37;44:ex=01;32:*.tar=01;31:*.tgz=01;31:*.arc=01;31:*.arj=01;31:*.taz=01;31:*.lha=01;31:*.lz4=01;31:*.lzh=01;31:*.lzma=01;31:*.tlz=01;31:*.txz=01;31:*.tzo=01;31:*.t7z=01;31:*.zip=01;31:*.z=01;31:*.dz=01;31:*.gz=01;31:*.lrz=01;31:*.lz=01;31:*.lzo=01;31:*.xz=01;31:*.zst=01;31:*.tzst=01;31:*.bz2=01;31:*.bz=01;31:*.tbz=01;31:*.tbz2=01;31:*.tz=01;31:*.deb=01;31:*.rpm=01;31:*.jar=01;31:*.war=01;31:*.ear=01;31:*.sar=01;31:*.rar=01;31:*.alz=01;31:*.ace=01;31:*.zoo=01;31:*.cpio=01;31:*.7z=01;31:*.rz=01;31:*.cab=01;31:*.wim=01;31:*.swm=01;31:*.dwm=01;31:*.esd=01;31:*.avif=01;35:*.jpg=01;35:*.jpeg=01;35:*.mjpg=01;35:*.mjpeg=01;35:*.gif=01;35:*.bmp=01;35:*.pbm=01;35:*.pgm=01;35:*.ppm=01;35:*.tga=01;35:*.xbm=01;35:*.xpm=01;35:*.tif=01;35:*.tiff=01;35:*.png=01;35:*.svg=01;35:*.svgz=01;35:*.mng=01;35:*.pcx=01;35:*.mov=01;35:*.mpg=01;35:*.mpeg=01;35:*.m2v=01;35:*.mkv=01;35:*.webm=01;35:*.webp=01;35:*.ogm=01;35:*.mp4=01;35:*.m4v=01;35:*.mp4v=01;35:*.vob=01;35:*.qt=01;35:*.nuv=01;35:*.wmv=01;35:*.asf=01;35:*.rm=01;35:*.rmvb=01;35:*.flc=01;35:*.avi=01;35:*.fli=01;35:*.flv=01;35:*.gl=01;35:*.dl=01;35:*.xcf=01;35:*.xwd=01;35:*.yuv=01;35:*.cgm=01;35:*.emf=01;35:*.ogv=01;35:*.ogx=01;35:*.aac=00;36:*.au=00;36:*.flac=00;36:*.m4a=00;36:*.mid=00;36:*.midi=00;36:*.mka=00;36:*.mp3=00;36:*.mpc=00;36:*.ogg=00;36:*.ra=00;36:*.wav=00;36:*.oga=00;36:*.opus=00;36:*.spx=00;36:*.xspf=00;36:*~=00;90:*#=00;90:*.bak=00;90:*.crdownload=00;90:*.dpkg-dist=00;90:*.dpkg-new=00;90:*.dpkg-old=00;90:*.dpkg-tmp=00;90:*.old=00;90:*.orig=00;90:*.part=00;90:*.rej=00;90:*.rpmnew=00;90:*.rpmorig=00;90:*.rpmsave=00;90:*.swp=00;90:*.tmp=00;90:*.ucf-dist=00;90:*.ucf-new=00;90:*.ucf-old=00;90:', 'GNOME_TERMINAL_SERVICE': ':1.151', 'SSH_AUTH_SOCK': '/run/user/1000/keyring/ssh', 'AMENT_PREFIX_PATH': '/home/ali/STM32CubeIDE/microros_ws/install/micro_ros_setup:/opt/ros/jazzy', 'CONDA_PYTHON_EXE': '/home/ali/anaconda3/bin/python', 'SHELL': '/bin/bash', 'QT_ACCESSIBILITY': '1', 'GDMSESSION': 'ubuntu', 'LESSCLOSE': '/usr/bin/lesspipe %s %s', 'GPG_AGENT_INFO': '/run/user/1000/gnupg/S.gpg-agent:0:1', 'ROS_AUTOMATIC_DISCOVERY_RANGE': 'SUBNET', 'QT_IM_MODULE': 'ibus', 'PWD': '/home/ali/STM32CubeIDE/microros_ws/build/micro_ros_msgs', 'LC_ALL': 'en_US.UTF-8', 'XDG_CONFIG_DIRS': '/etc/xdg/xdg-ubuntu:/etc/xdg', 'CONDA_EXE': '/home/ali/anaconda3/bin/conda', 'DBUS_STARTER_ADDRESS': 'unix:path=/run/user/1000/bus,guid=0604e28faa751846e4adda7b6881fc05', 'XDG_DATA_DIRS': '/usr/share/ubuntu:/usr/share/gnome:/usr/local/share/:/usr/share/:/var/lib/snapd/desktop', 'PYTHONPATH': '/opt/ros/jazzy/lib/python3.12/site-packages', 'COLCON': '1', 'MEMORY_PRESSURE_WRITE': 'c29tZSAyMDAwMDAgMjAwMDAwMAA=', 'VTE_VERSION': '7600', 'CMAKE_PREFIX_PATH': '/home/ali/STM32CubeIDE/microros_ws/install/micro_ros_setup:/opt/ros/jazzy/opt/gz_math_vendor:/opt/ros/jazzy/opt/gz_utils_vendor:/opt/ros/jazzy/opt/gz_cmake_vendor:/opt/ros/jazzy'}), 'shell': False}
[3.866599] (micro_ros_msgs) StdoutLine: {'line': b'-- Install configuration: ""\n'}
[3.866778] (micro_ros_msgs) StdoutLine: {'line': b'-- Installing: /home/ali/STM32CubeIDE/microros_ws/install/micro_ros_msgs/share/ament_index/resource_index/rosidl_interfaces/micro_ros_msgs\n'}
[3.866858] (micro_ros_msgs) StdoutLine: {'line': b'-- Installing: /home/ali/STM32CubeIDE/microros_ws/install/micro_ros_msgs/share/micro_ros_msgs/msg/Graph.json\n'}
[3.866898] (micro_ros_msgs) StdoutLine: {'line': b'-- Installing: /home/ali/STM32CubeIDE/microros_ws/install/micro_ros_msgs/share/micro_ros_msgs/msg/Node.json\n'}
[3.867052] (micro_ros_msgs) StdoutLine: {'line': b'-- Installing: /home/ali/STM32CubeIDE/microros_ws/install/micro_ros_msgs/share/micro_ros_msgs/msg/Entity.json\n'}
[3.867131] (micro_ros_msgs) StdoutLine: {'line': b'-- Installing: /home/ali/STM32CubeIDE/microros_ws/install/micro_ros_msgs/include/micro_ros_msgs/micro_ros_msgs\n'}
[3.867167] (micro_ros_msgs) StdoutLine: {'line': b'-- Installing: /home/ali/STM32CubeIDE/microros_ws/install/micro_ros_msgs/include/micro_ros_msgs/micro_ros_msgs/msg\n'}
[3.867200] (micro_ros_msgs) StdoutLine: {'line': b'-- Installing: /home/ali/STM32CubeIDE/microros_ws/install/micro_ros_msgs/include/micro_ros_msgs/micro_ros_msgs/msg/node.h\n'}
[3.867367] (micro_ros_msgs) StdoutLine: {'line': b'-- Installing: /home/ali/STM32CubeIDE/microros_ws/install/micro_ros_msgs/include/micro_ros_msgs/micro_ros_msgs/msg/detail\n'}
[3.867407] (micro_ros_msgs) StdoutLine: {'line': b'-- Installing: /home/ali/STM32CubeIDE/microros_ws/install/micro_ros_msgs/include/micro_ros_msgs/micro_ros_msgs/msg/detail/node__struct.h\n'}
[3.867442] (micro_ros_msgs) StdoutLine: {'line': b'-- Installing: /home/ali/STM32CubeIDE/microros_ws/install/micro_ros_msgs/include/micro_ros_msgs/micro_ros_msgs/msg/detail/graph__functions.h\n'}
[3.867475] (micro_ros_msgs) StdoutLine: {'line': b'-- Installing: /home/ali/STM32CubeIDE/microros_ws/install/micro_ros_msgs/include/micro_ros_msgs/micro_ros_msgs/msg/detail/node__functions.c\n'}
[3.867507] (micro_ros_msgs) StdoutLine: {'line': b'-- Installing: /home/ali/STM32CubeIDE/microros_ws/install/micro_ros_msgs/include/micro_ros_msgs/micro_ros_msgs/msg/detail/node__type_support.c\n'}
[3.867544] (micro_ros_msgs) StdoutLine: {'line': b'-- Installing: /home/ali/STM32CubeIDE/microros_ws/install/micro_ros_msgs/include/micro_ros_msgs/micro_ros_msgs/msg/detail/graph__description.c\n'}
[3.867575] (micro_ros_msgs) StdoutLine: {'line': b'-- Installing: /home/ali/STM32CubeIDE/microros_ws/install/micro_ros_msgs/include/micro_ros_msgs/micro_ros_msgs/msg/detail/node__functions.h\n'}
[3.867605] (micro_ros_msgs) StdoutLine: {'line': b'-- Installing: /home/ali/STM32CubeIDE/microros_ws/install/micro_ros_msgs/include/micro_ros_msgs/micro_ros_msgs/msg/detail/graph__type_support.c\n'}
[3.867635] (micro_ros_msgs) StdoutLine: {'line': b'-- Installing: /home/ali/STM32CubeIDE/microros_ws/install/micro_ros_msgs/include/micro_ros_msgs/micro_ros_msgs/msg/detail/node__description.c\n'}
[3.867664] (micro_ros_msgs) StdoutLine: {'line': b'-- Installing: /home/ali/STM32CubeIDE/microros_ws/install/micro_ros_msgs/include/micro_ros_msgs/micro_ros_msgs/msg/detail/entity__functions.h\n'}
[3.867694] (micro_ros_msgs) StdoutLine: {'line': b'-- Installing: /home/ali/STM32CubeIDE/microros_ws/install/micro_ros_msgs/include/micro_ros_msgs/micro_ros_msgs/msg/detail/entity__type_support.c\n'}
[3.867724] (micro_ros_msgs) StdoutLine: {'line': b'-- Installing: /home/ali/STM32CubeIDE/microros_ws/install/micro_ros_msgs/include/micro_ros_msgs/micro_ros_msgs/msg/detail/entity__functions.c\n'}
[3.867754] (micro_ros_msgs) StdoutLine: {'line': b'-- Installing: /home/ali/STM32CubeIDE/microros_ws/install/micro_ros_msgs/include/micro_ros_msgs/micro_ros_msgs/msg/detail/graph__struct.h\n'}
[3.867884] (micro_ros_msgs) StdoutLine: {'line': b'-- Installing: /home/ali/STM32CubeIDE/microros_ws/install/micro_ros_msgs/include/micro_ros_msgs/micro_ros_msgs/msg/detail/graph__type_support.h\n'}
[3.867974] (micro_ros_msgs) StdoutLine: {'line': b'-- Installing: /home/ali/STM32CubeIDE/microros_ws/install/micro_ros_msgs/include/micro_ros_msgs/micro_ros_msgs/msg/detail/entity__type_support.h\n'}
[3.868012] (micro_ros_msgs) StdoutLine: {'line': b'-- Installing: /home/ali/STM32CubeIDE/microros_ws/install/micro_ros_msgs/include/micro_ros_msgs/micro_ros_msgs/msg/detail/graph__functions.c\n'}
[3.868048] (micro_ros_msgs) StdoutLine: {'line': b'-- Installing: /home/ali/STM32CubeIDE/microros_ws/install/micro_ros_msgs/include/micro_ros_msgs/micro_ros_msgs/msg/detail/entity__struct.h\n'}
[3.868080] (micro_ros_msgs) StdoutLine: {'line': b'-- Installing: /home/ali/STM32CubeIDE/microros_ws/install/micro_ros_msgs/include/micro_ros_msgs/micro_ros_msgs/msg/detail/node__type_support.h\n'}
[3.868111] (micro_ros_msgs) StdoutLine: {'line': b'-- Installing: /home/ali/STM32CubeIDE/microros_ws/install/micro_ros_msgs/include/micro_ros_msgs/micro_ros_msgs/msg/detail/entity__description.c\n'}
[3.868144] (micro_ros_msgs) StdoutLine: {'line': b'-- Installing: /home/ali/STM32CubeIDE/microros_ws/install/micro_ros_msgs/include/micro_ros_msgs/micro_ros_msgs/msg/rosidl_generator_c__visibility_control.h\n'}
[3.868174] (micro_ros_msgs) StdoutLine: {'line': b'-- Installing: /home/ali/STM32CubeIDE/microros_ws/install/micro_ros_msgs/include/micro_ros_msgs/micro_ros_msgs/msg/graph.h\n'}
[3.868210] (micro_ros_msgs) StdoutLine: {'line': b'-- Installing: /home/ali/STM32CubeIDE/microros_ws/install/micro_ros_msgs/include/micro_ros_msgs/micro_ros_msgs/msg/entity.h\n'}
[3.868242] (micro_ros_msgs) StdoutLine: {'line': b'-- Installing: /home/ali/STM32CubeIDE/microros_ws/install/micro_ros_msgs/share/micro_ros_msgs/environment/library_path.sh\n'}
[3.868272] (micro_ros_msgs) StdoutLine: {'line': b'-- Installing: /home/ali/STM32CubeIDE/microros_ws/install/micro_ros_msgs/share/micro_ros_msgs/environment/library_path.dsv\n'}
[3.868301] (micro_ros_msgs) StdoutLine: {'line': b'-- Installing: /home/ali/STM32CubeIDE/microros_ws/install/micro_ros_msgs/lib/libmicro_ros_msgs__rosidl_generator_c.so\n'}
[3.868331] (micro_ros_msgs) StdoutLine: {'line': b'-- Set non-toolchain portion of runtime path of "/home/ali/STM32CubeIDE/microros_ws/install/micro_ros_msgs/lib/libmicro_ros_msgs__rosidl_generator_c.so" to ""\n'}
[3.868386] (micro_ros_msgs) StdoutLine: {'line': b'-- Up-to-date: /home/ali/STM32CubeIDE/microros_ws/install/micro_ros_msgs/include/micro_ros_msgs/micro_ros_msgs\n'}
[3.868419] (micro_ros_msgs) StdoutLine: {'line': b'-- Up-to-date: /home/ali/STM32CubeIDE/microros_ws/install/micro_ros_msgs/include/micro_ros_msgs/micro_ros_msgs/msg\n'}
[3.868450] (micro_ros_msgs) StdoutLine: {'line': b'-- Installing: /home/ali/STM32CubeIDE/microros_ws/install/micro_ros_msgs/include/micro_ros_msgs/micro_ros_msgs/msg/rosidl_typesupport_fastrtps_c__visibility_control.h\n'}
[3.868480] (micro_ros_msgs) StdoutLine: {'line': b'-- Up-to-date: /home/ali/STM32CubeIDE/microros_ws/install/micro_ros_msgs/include/micro_ros_msgs/micro_ros_msgs/msg/detail\n'}
[3.868510] (micro_ros_msgs) StdoutLine: {'line': b'-- Installing: /home/ali/STM32CubeIDE/microros_ws/install/micro_ros_msgs/include/micro_ros_msgs/micro_ros_msgs/msg/detail/graph__rosidl_typesupport_fastrtps_c.h\n'}
[3.868540] (micro_ros_msgs) StdoutLine: {'line': b'-- Installing: /home/ali/STM32CubeIDE/microros_ws/install/micro_ros_msgs/include/micro_ros_msgs/micro_ros_msgs/msg/detail/node__rosidl_typesupport_fastrtps_c.h\n'}
[3.868570] (micro_ros_msgs) StdoutLine: {'line': b'-- Installing: /home/ali/STM32CubeIDE/microros_ws/install/micro_ros_msgs/include/micro_ros_msgs/micro_ros_msgs/msg/detail/entity__rosidl_typesupport_fastrtps_c.h\n'}
[3.868601] (micro_ros_msgs) StdoutLine: {'line': b'-- Installing: /home/ali/STM32CubeIDE/microros_ws/install/micro_ros_msgs/lib/libmicro_ros_msgs__rosidl_typesupport_fastrtps_c.so\n'}
[3.868638] (micro_ros_msgs) StdoutLine: {'line': b'-- Set non-toolchain portion of runtime path of "/home/ali/STM32CubeIDE/microros_ws/install/micro_ros_msgs/lib/libmicro_ros_msgs__rosidl_typesupport_fastrtps_c.so" to ""\n'}
[3.868668] (micro_ros_msgs) StdoutLine: {'line': b'-- Up-to-date: /home/ali/STM32CubeIDE/microros_ws/install/micro_ros_msgs/include/micro_ros_msgs/micro_ros_msgs\n'}
[3.868717] (micro_ros_msgs) StdoutLine: {'line': b'-- Up-to-date: /home/ali/STM32CubeIDE/microros_ws/install/micro_ros_msgs/include/micro_ros_msgs/micro_ros_msgs/msg\n'}
[3.868749] (micro_ros_msgs) StdoutLine: {'line': b'-- Installing: /home/ali/STM32CubeIDE/microros_ws/install/micro_ros_msgs/include/micro_ros_msgs/micro_ros_msgs/msg/rosidl_typesupport_introspection_c__visibility_control.h\n'}
[3.868781] (micro_ros_msgs) StdoutLine: {'line': b'-- Up-to-date: /home/ali/STM32CubeIDE/microros_ws/install/micro_ros_msgs/include/micro_ros_msgs/micro_ros_msgs/msg/detail\n'}
[3.868811] (micro_ros_msgs) StdoutLine: {'line': b'-- Installing: /home/ali/STM32CubeIDE/microros_ws/install/micro_ros_msgs/include/micro_ros_msgs/micro_ros_msgs/msg/detail/node__rosidl_typesupport_introspection_c.h\n'}
[3.868846] (micro_ros_msgs) StdoutLine: {'line': b'-- Up-to-date: /home/ali/STM32CubeIDE/microros_ws/install/micro_ros_msgs/include/micro_ros_msgs/micro_ros_msgs/msg/detail/node__type_support.c\n'}
[3.868892] (micro_ros_msgs) StdoutLine: {'line': b'-- Up-to-date: /home/ali/STM32CubeIDE/microros_ws/install/micro_ros_msgs/include/micro_ros_msgs/micro_ros_msgs/msg/detail/graph__type_support.c\n'}
[3.868933] (micro_ros_msgs) StdoutLine: {'line': b'-- Installing: /home/ali/STM32CubeIDE/microros_ws/install/micro_ros_msgs/include/micro_ros_msgs/micro_ros_msgs/msg/detail/entity__rosidl_typesupport_introspection_c.h\n'}
[3.868965] (micro_ros_msgs) StdoutLine: {'line': b'-- Up-to-date: /home/ali/STM32CubeIDE/microros_ws/install/micro_ros_msgs/include/micro_ros_msgs/micro_ros_msgs/msg/detail/entity__type_support.c\n'}
[3.868996] (micro_ros_msgs) StdoutLine: {'line': b'-- Installing: /home/ali/STM32CubeIDE/microros_ws/install/micro_ros_msgs/include/micro_ros_msgs/micro_ros_msgs/msg/detail/graph__rosidl_typesupport_introspection_c.h\n'}
[3.869027] (micro_ros_msgs) StdoutLine: {'line': b'-- Installing: /home/ali/STM32CubeIDE/microros_ws/install/micro_ros_msgs/lib/libmicro_ros_msgs__rosidl_typesupport_introspection_c.so\n'}
[3.869056] (micro_ros_msgs) StdoutLine: {'line': b'-- Set non-toolchain portion of runtime path of "/home/ali/STM32CubeIDE/microros_ws/install/micro_ros_msgs/lib/libmicro_ros_msgs__rosidl_typesupport_introspection_c.so" to ""\n'}
[3.869085] (micro_ros_msgs) StdoutLine: {'line': b'-- Installing: /home/ali/STM32CubeIDE/microros_ws/install/micro_ros_msgs/lib/libmicro_ros_msgs__rosidl_typesupport_c.so\n'}
[3.869113] (micro_ros_msgs) StdoutLine: {'line': b'-- Set non-toolchain portion of runtime path of "/home/ali/STM32CubeIDE/microros_ws/install/micro_ros_msgs/lib/libmicro_ros_msgs__rosidl_typesupport_c.so" to ""\n'}
[3.869142] (micro_ros_msgs) StdoutLine: {'line': b'-- Up-to-date: /home/ali/STM32CubeIDE/microros_ws/install/micro_ros_msgs/include/micro_ros_msgs/micro_ros_msgs\n'}
[3.869181] (micro_ros_msgs) StdoutLine: {'line': b'-- Up-to-date: /home/ali/STM32CubeIDE/microros_ws/install/micro_ros_msgs/include/micro_ros_msgs/micro_ros_msgs/msg\n'}
[3.869233] (micro_ros_msgs) StdoutLine: {'line': b'-- Installing: /home/ali/STM32CubeIDE/microros_ws/install/micro_ros_msgs/include/micro_ros_msgs/micro_ros_msgs/msg/entity.hpp\n'}
[3.869263] (micro_ros_msgs) StdoutLine: {'line': b'-- Installing: /home/ali/STM32CubeIDE/microros_ws/install/micro_ros_msgs/include/micro_ros_msgs/micro_ros_msgs/msg/graph.hpp\n'}
[3.869293] (micro_ros_msgs) StdoutLine: {'line': b'-- Installing: /home/ali/STM32CubeIDE/microros_ws/install/micro_ros_msgs/include/micro_ros_msgs/micro_ros_msgs/msg/rosidl_generator_cpp__visibility_control.hpp\n'}
[3.869323] (micro_ros_msgs) StdoutLine: {'line': b'-- Up-to-date: /home/ali/STM32CubeIDE/microros_ws/install/micro_ros_msgs/include/micro_ros_msgs/micro_ros_msgs/msg/detail\n'}
[3.869352] (micro_ros_msgs) StdoutLine: {'line': b'-- Installing: /home/ali/STM32CubeIDE/microros_ws/install/micro_ros_msgs/include/micro_ros_msgs/micro_ros_msgs/msg/detail/graph__struct.hpp\n'}
[3.869382] (micro_ros_msgs) StdoutLine: {'line': b'-- Installing: /home/ali/STM32CubeIDE/microros_ws/install/micro_ros_msgs/include/micro_ros_msgs/micro_ros_msgs/msg/detail/node__type_support.hpp\n'}
[3.869410] (micro_ros_msgs) StdoutLine: {'line': b'-- Installing: /home/ali/STM32CubeIDE/microros_ws/install/micro_ros_msgs/include/micro_ros_msgs/micro_ros_msgs/msg/detail/graph__builder.hpp\n'}
[3.869439] (micro_ros_msgs) StdoutLine: {'line': b'-- Installing: /home/ali/STM32CubeIDE/microros_ws/install/micro_ros_msgs/include/micro_ros_msgs/micro_ros_msgs/msg/detail/node__builder.hpp\n'}
[3.869468] (micro_ros_msgs) StdoutLine: {'line': b'-- Installing: /home/ali/STM32CubeIDE/microros_ws/install/micro_ros_msgs/include/micro_ros_msgs/micro_ros_msgs/msg/detail/entity__traits.hpp\n'}
[3.869498] (micro_ros_msgs) StdoutLine: {'line': b'-- Installing: /home/ali/STM32CubeIDE/microros_ws/install/micro_ros_msgs/include/micro_ros_msgs/micro_ros_msgs/msg/detail/entity__type_support.hpp\n'}
[3.869536] (micro_ros_msgs) StdoutLine: {'line': b'-- Installing: /home/ali/STM32CubeIDE/microros_ws/install/micro_ros_msgs/include/micro_ros_msgs/micro_ros_msgs/msg/detail/node__struct.hpp\n'}
[3.869587] (micro_ros_msgs) StdoutLine: {'line': b'-- Installing: /home/ali/STM32CubeIDE/microros_ws/install/micro_ros_msgs/include/micro_ros_msgs/micro_ros_msgs/msg/detail/entity__builder.hpp\n'}
[3.869621] (micro_ros_msgs) StdoutLine: {'line': b'-- Installing: /home/ali/STM32CubeIDE/microros_ws/install/micro_ros_msgs/include/micro_ros_msgs/micro_ros_msgs/msg/detail/graph__type_support.hpp\n'}
[3.869652] (micro_ros_msgs) StdoutLine: {'line': b'-- Installing: /home/ali/STM32CubeIDE/microros_ws/install/micro_ros_msgs/include/micro_ros_msgs/micro_ros_msgs/msg/detail/node__traits.hpp\n'}
[3.869682] (micro_ros_msgs) StdoutLine: {'line': b'-- Installing: /home/ali/STM32CubeIDE/microros_ws/install/micro_ros_msgs/include/micro_ros_msgs/micro_ros_msgs/msg/detail/graph__traits.hpp\n'}
[3.869711] (micro_ros_msgs) StdoutLine: {'line': b'-- Installing: /home/ali/STM32CubeIDE/microros_ws/install/micro_ros_msgs/include/micro_ros_msgs/micro_ros_msgs/msg/detail/entity__struct.hpp\n'}
[3.869741] (micro_ros_msgs) StdoutLine: {'line': b'-- Installing: /home/ali/STM32CubeIDE/microros_ws/install/micro_ros_msgs/include/micro_ros_msgs/micro_ros_msgs/msg/node.hpp\n'}
[3.869782] (micro_ros_msgs) StdoutLine: {'line': b'-- Up-to-date: /home/ali/STM32CubeIDE/microros_ws/install/micro_ros_msgs/include/micro_ros_msgs/micro_ros_msgs\n'}
[3.869810] (micro_ros_msgs) StdoutLine: {'line': b'-- Up-to-date: /home/ali/STM32CubeIDE/microros_ws/install/micro_ros_msgs/include/micro_ros_msgs/micro_ros_msgs/msg\n'}
[3.869842] (micro_ros_msgs) StdoutLine: {'line': b'-- Up-to-date: /home/ali/STM32CubeIDE/microros_ws/install/micro_ros_msgs/include/micro_ros_msgs/micro_ros_msgs/msg/detail\n'}
[3.869871] (micro_ros_msgs) StdoutLine: {'line': b'-- Installing: /home/ali/STM32CubeIDE/microros_ws/install/micro_ros_msgs/include/micro_ros_msgs/micro_ros_msgs/msg/detail/dds_fastrtps\n'}
[3.869900] (micro_ros_msgs) StdoutLine: {'line': b'-- Installing: /home/ali/STM32CubeIDE/microros_ws/install/micro_ros_msgs/include/micro_ros_msgs/micro_ros_msgs/msg/detail/node__rosidl_typesupport_fastrtps_cpp.hpp\n'}
[3.869928] (micro_ros_msgs) StdoutLine: {'line': b'-- Installing: /home/ali/STM32CubeIDE/microros_ws/install/micro_ros_msgs/include/micro_ros_msgs/micro_ros_msgs/msg/detail/entity__rosidl_typesupport_fastrtps_cpp.hpp\n'}
[3.869964] (micro_ros_msgs) StdoutLine: {'line': b'-- Installing: /home/ali/STM32CubeIDE/microros_ws/install/micro_ros_msgs/include/micro_ros_msgs/micro_ros_msgs/msg/detail/graph__rosidl_typesupport_fastrtps_cpp.hpp\n'}
[3.869996] (micro_ros_msgs) StdoutLine: {'line': b'-- Installing: /home/ali/STM32CubeIDE/microros_ws/install/micro_ros_msgs/include/micro_ros_msgs/micro_ros_msgs/msg/rosidl_typesupport_fastrtps_cpp__visibility_control.h\n'}
[3.870028] (micro_ros_msgs) StdoutLine: {'line': b'-- Installing: /home/ali/STM32CubeIDE/microros_ws/install/micro_ros_msgs/lib/libmicro_ros_msgs__rosidl_typesupport_fastrtps_cpp.so\n'}
[3.870067] (micro_ros_msgs) StdoutLine: {'line': b'-- Set non-toolchain portion of runtime path of "/home/ali/STM32CubeIDE/microros_ws/install/micro_ros_msgs/lib/libmicro_ros_msgs__rosidl_typesupport_fastrtps_cpp.so" to ""\n'}
[3.870119] (micro_ros_msgs) StdoutLine: {'line': b'-- Up-to-date: /home/ali/STM32CubeIDE/microros_ws/install/micro_ros_msgs/include/micro_ros_msgs/micro_ros_msgs\n'}
[3.870151] (micro_ros_msgs) StdoutLine: {'line': b'-- Up-to-date: /home/ali/STM32CubeIDE/microros_ws/install/micro_ros_msgs/include/micro_ros_msgs/micro_ros_msgs/msg\n'}
[3.870181] (micro_ros_msgs) StdoutLine: {'line': b'-- Up-to-date: /home/ali/STM32CubeIDE/microros_ws/install/micro_ros_msgs/include/micro_ros_msgs/micro_ros_msgs/msg/detail\n'}
[3.870211] (micro_ros_msgs) StdoutLine: {'line': b'-- Installing: /home/ali/STM32CubeIDE/microros_ws/install/micro_ros_msgs/include/micro_ros_msgs/micro_ros_msgs/msg/detail/graph__rosidl_typesupport_introspection_cpp.hpp\n'}
[3.870241] (micro_ros_msgs) StdoutLine: {'line': b'-- Installing: /home/ali/STM32CubeIDE/microros_ws/install/micro_ros_msgs/include/micro_ros_msgs/micro_ros_msgs/msg/detail/node__type_support.cpp\n'}
[3.870271] (micro_ros_msgs) StdoutLine: {'line': b'-- Installing: /home/ali/STM32CubeIDE/microros_ws/install/micro_ros_msgs/include/micro_ros_msgs/micro_ros_msgs/msg/detail/node__rosidl_typesupport_introspection_cpp.hpp\n'}
[3.870310] (micro_ros_msgs) StdoutLine: {'line': b'-- Installing: /home/ali/STM32CubeIDE/microros_ws/install/micro_ros_msgs/include/micro_ros_msgs/micro_ros_msgs/msg/detail/entity__rosidl_typesupport_introspection_cpp.hpp\n'}
[3.870338] (micro_ros_msgs) StdoutLine: {'line': b'-- Installing: /home/ali/STM32CubeIDE/microros_ws/install/micro_ros_msgs/include/micro_ros_msgs/micro_ros_msgs/msg/detail/graph__type_support.cpp\n'}
[3.870364] (micro_ros_msgs) StdoutLine: {'line': b'-- Installing: /home/ali/STM32CubeIDE/microros_ws/install/micro_ros_msgs/include/micro_ros_msgs/micro_ros_msgs/msg/detail/entity__type_support.cpp\n'}
[3.870390] (micro_ros_msgs) StdoutLine: {'line': b'-- Installing: /home/ali/STM32CubeIDE/microros_ws/install/micro_ros_msgs/lib/libmicro_ros_msgs__rosidl_typesupport_introspection_cpp.so\n'}
[3.870430] (micro_ros_msgs) StdoutLine: {'line': b'-- Set non-toolchain portion of runtime path of "/home/ali/STM32CubeIDE/microros_ws/install/micro_ros_msgs/lib/libmicro_ros_msgs__rosidl_typesupport_introspection_cpp.so" to ""\n'}
[3.870470] (micro_ros_msgs) StdoutLine: {'line': b'-- Installing: /home/ali/STM32CubeIDE/microros_ws/install/micro_ros_msgs/lib/libmicro_ros_msgs__rosidl_typesupport_cpp.so\n'}
[3.870566] (micro_ros_msgs) StdoutLine: {'line': b'-- Set non-toolchain portion of runtime path of "/home/ali/STM32CubeIDE/microros_ws/install/micro_ros_msgs/lib/libmicro_ros_msgs__rosidl_typesupport_cpp.so" to ""\n'}
[3.870606] (micro_ros_msgs) StdoutLine: {'line': b'-- Installing: /home/ali/STM32CubeIDE/microros_ws/install/micro_ros_msgs/share/micro_ros_msgs/environment/pythonpath.sh\n'}
[3.870644] (micro_ros_msgs) StdoutLine: {'line': b'-- Installing: /home/ali/STM32CubeIDE/microros_ws/install/micro_ros_msgs/share/micro_ros_msgs/environment/pythonpath.dsv\n'}
[3.870683] (micro_ros_msgs) StdoutLine: {'line': b'-- Installing: /home/ali/STM32CubeIDE/microros_ws/install/micro_ros_msgs/lib/python3.12/site-packages/micro_ros_msgs-5.0.2-py3.12.egg-info\n'}
[3.870721] (micro_ros_msgs) StdoutLine: {'line': b'-- Installing: /home/ali/STM32CubeIDE/microros_ws/install/micro_ros_msgs/lib/python3.12/site-packages/micro_ros_msgs-5.0.2-py3.12.egg-info/PKG-INFO\n'}
[3.870760] (micro_ros_msgs) StdoutLine: {'line': b'-- Installing: /home/ali/STM32CubeIDE/microros_ws/install/micro_ros_msgs/lib/python3.12/site-packages/micro_ros_msgs-5.0.2-py3.12.egg-info/top_level.txt\n'}
[3.870799] (micro_ros_msgs) StdoutLine: {'line': b'-- Installing: /home/ali/STM32CubeIDE/microros_ws/install/micro_ros_msgs/lib/python3.12/site-packages/micro_ros_msgs-5.0.2-py3.12.egg-info/dependency_links.txt\n'}
[3.870841] (micro_ros_msgs) StdoutLine: {'line': b'-- Installing: /home/ali/STM32CubeIDE/microros_ws/install/micro_ros_msgs/lib/python3.12/site-packages/micro_ros_msgs-5.0.2-py3.12.egg-info/SOURCES.txt\n'}
[3.870885] (micro_ros_msgs) StdoutLine: {'line': b'-- Installing: /home/ali/STM32CubeIDE/microros_ws/install/micro_ros_msgs/lib/python3.12/site-packages/micro_ros_msgs\n'}
[3.870924] (micro_ros_msgs) StdoutLine: {'line': b'-- Installing: /home/ali/STM32CubeIDE/microros_ws/install/micro_ros_msgs/lib/python3.12/site-packages/micro_ros_msgs/micro_ros_msgs_s__rosidl_typesupport_c.so\n'}
[3.870965] (micro_ros_msgs) StdoutLine: {'line': b'-- Installing: /home/ali/STM32CubeIDE/microros_ws/install/micro_ros_msgs/lib/python3.12/site-packages/micro_ros_msgs/micro_ros_msgs_s__rosidl_typesupport_introspection_c.so\n'}
[3.871005] (micro_ros_msgs) StdoutLine: {'line': b'-- Installing: /home/ali/STM32CubeIDE/microros_ws/install/micro_ros_msgs/lib/python3.12/site-packages/micro_ros_msgs/_micro_ros_msgs_s.ep.rosidl_typesupport_introspection_c.c\n'}
[3.871043] (micro_ros_msgs) StdoutLine: {'line': b'-- Installing: /home/ali/STM32CubeIDE/microros_ws/install/micro_ros_msgs/lib/python3.12/site-packages/micro_ros_msgs/_micro_ros_msgs_s.ep.rosidl_typesupport_fastrtps_c.c\n'}
[3.871080] (micro_ros_msgs) StdoutLine: {'line': b'-- Installing: /home/ali/STM32CubeIDE/microros_ws/install/micro_ros_msgs/lib/python3.12/site-packages/micro_ros_msgs/_micro_ros_msgs_s.ep.rosidl_typesupport_c.c\n'}
[3.871120] (micro_ros_msgs) StdoutLine: {'line': b'-- Installing: /home/ali/STM32CubeIDE/microros_ws/install/micro_ros_msgs/lib/python3.12/site-packages/micro_ros_msgs/__init__.py\n'}
[3.871156] (micro_ros_msgs) StdoutLine: {'line': b'-- Installing: /home/ali/STM32CubeIDE/microros_ws/install/micro_ros_msgs/lib/python3.12/site-packages/micro_ros_msgs/msg\n'}
[3.871194] (micro_ros_msgs) StdoutLine: {'line': b'-- Installing: /home/ali/STM32CubeIDE/microros_ws/install/micro_ros_msgs/lib/python3.12/site-packages/micro_ros_msgs/msg/_entity.py\n'}
[3.871233] (micro_ros_msgs) StdoutLine: {'line': b'-- Installing: /home/ali/STM32CubeIDE/microros_ws/install/micro_ros_msgs/lib/python3.12/site-packages/micro_ros_msgs/msg/_node_s.c\n'}
[3.871272] (micro_ros_msgs) StdoutLine: {'line': b'-- Installing: /home/ali/STM32CubeIDE/microros_ws/install/micro_ros_msgs/lib/python3.12/site-packages/micro_ros_msgs/msg/_graph_s.c\n'}
[3.871310] (micro_ros_msgs) StdoutLine: {'line': b'-- Installing: /home/ali/STM32CubeIDE/microros_ws/install/micro_ros_msgs/lib/python3.12/site-packages/micro_ros_msgs/msg/_node.py\n'}
[3.871373] (micro_ros_msgs) StdoutLine: {'line': b'-- Installing: /home/ali/STM32CubeIDE/microros_ws/install/micro_ros_msgs/lib/python3.12/site-packages/micro_ros_msgs/msg/__init__.py\n'}
[3.871402] (micro_ros_msgs) StdoutLine: {'line': b'-- Installing: /home/ali/STM32CubeIDE/microros_ws/install/micro_ros_msgs/lib/python3.12/site-packages/micro_ros_msgs/msg/_entity_s.c\n'}
[3.871443] (micro_ros_msgs) StdoutLine: {'line': b'-- Installing: /home/ali/STM32CubeIDE/microros_ws/install/micro_ros_msgs/lib/python3.12/site-packages/micro_ros_msgs/msg/_graph.py\n'}
[3.871472] (micro_ros_msgs) StdoutLine: {'line': b'-- Installing: /home/ali/STM32CubeIDE/microros_ws/install/micro_ros_msgs/lib/python3.12/site-packages/micro_ros_msgs/micro_ros_msgs_s__rosidl_typesupport_fastrtps_c.so\n'}
[3.897259] (micro_ros_msgs) StdoutLine: {'line': b"Listing '/home/ali/STM32CubeIDE/microros_ws/install/micro_ros_msgs/lib/python3.12/site-packages/micro_ros_msgs'...\n"}
[3.897338] (micro_ros_msgs) StdoutLine: {'line': b"Compiling '/home/ali/STM32CubeIDE/microros_ws/install/micro_ros_msgs/lib/python3.12/site-packages/micro_ros_msgs/__init__.py'...\n"}
[3.897373] (micro_ros_msgs) StdoutLine: {'line': b"Listing '/home/ali/STM32CubeIDE/microros_ws/install/micro_ros_msgs/lib/python3.12/site-packages/micro_ros_msgs/msg'...\n"}
[3.897405] (micro_ros_msgs) StdoutLine: {'line': b"Compiling '/home/ali/STM32CubeIDE/microros_ws/install/micro_ros_msgs/lib/python3.12/site-packages/micro_ros_msgs/msg/__init__.py'...\n"}
[3.897435] (micro_ros_msgs) StdoutLine: {'line': b"Compiling '/home/ali/STM32CubeIDE/microros_ws/install/micro_ros_msgs/lib/python3.12/site-packages/micro_ros_msgs/msg/_entity.py'...\n"}
[3.897463] (micro_ros_msgs) StdoutLine: {'line': b"Compiling '/home/ali/STM32CubeIDE/microros_ws/install/micro_ros_msgs/lib/python3.12/site-packages/micro_ros_msgs/msg/_graph.py'...\n"}
[3.897492] (micro_ros_msgs) StdoutLine: {'line': b"Compiling '/home/ali/STM32CubeIDE/microros_ws/install/micro_ros_msgs/lib/python3.12/site-packages/micro_ros_msgs/msg/_node.py'...\n"}
[3.900515] (micro_ros_msgs) StdoutLine: {'line': b'-- Installing: /home/ali/STM32CubeIDE/microros_ws/install/micro_ros_msgs/lib/python3.12/site-packages/micro_ros_msgs/micro_ros_msgs_s__rosidl_typesupport_fastrtps_c.so\n'}
[3.900704] (micro_ros_msgs) StdoutLine: {'line': b'-- Set non-toolchain portion of runtime path of "/home/ali/STM32CubeIDE/microros_ws/install/micro_ros_msgs/lib/python3.12/site-packages/micro_ros_msgs/micro_ros_msgs_s__rosidl_typesupport_fastrtps_c.so" to ""\n'}
[3.900774] (micro_ros_msgs) StdoutLine: {'line': b'-- Installing: /home/ali/STM32CubeIDE/microros_ws/install/micro_ros_msgs/lib/python3.12/site-packages/micro_ros_msgs/micro_ros_msgs_s__rosidl_typesupport_introspection_c.so\n'}
[3.900810] (micro_ros_msgs) StdoutLine: {'line': b'-- Set non-toolchain portion of runtime path of "/home/ali/STM32CubeIDE/microros_ws/install/micro_ros_msgs/lib/python3.12/site-packages/micro_ros_msgs/micro_ros_msgs_s__rosidl_typesupport_introspection_c.so" to ""\n'}
[3.901033] (micro_ros_msgs) StdoutLine: {'line': b'-- Installing: /home/ali/STM32CubeIDE/microros_ws/install/micro_ros_msgs/lib/python3.12/site-packages/micro_ros_msgs/micro_ros_msgs_s__rosidl_typesupport_c.so\n'}
[3.901072] (micro_ros_msgs) StdoutLine: {'line': b'-- Set non-toolchain portion of runtime path of "/home/ali/STM32CubeIDE/microros_ws/install/micro_ros_msgs/lib/python3.12/site-packages/micro_ros_msgs/micro_ros_msgs_s__rosidl_typesupport_c.so" to ""\n'}
[3.901105] (micro_ros_msgs) StdoutLine: {'line': b'-- Installing: /home/ali/STM32CubeIDE/microros_ws/install/micro_ros_msgs/lib/libmicro_ros_msgs__rosidl_generator_py.so\n'}
[3.901138] (micro_ros_msgs) StdoutLine: {'line': b'-- Set non-toolchain portion of runtime path of "/home/ali/STM32CubeIDE/microros_ws/install/micro_ros_msgs/lib/libmicro_ros_msgs__rosidl_generator_py.so" to ""\n'}
[3.901169] (micro_ros_msgs) StdoutLine: {'line': b'-- Installing: /home/ali/STM32CubeIDE/microros_ws/install/micro_ros_msgs/share/micro_ros_msgs/msg/Graph.idl\n'}
[3.901221] (micro_ros_msgs) StdoutLine: {'line': b'-- Installing: /home/ali/STM32CubeIDE/microros_ws/install/micro_ros_msgs/share/micro_ros_msgs/msg/Node.idl\n'}
[3.901258] (micro_ros_msgs) StdoutLine: {'line': b'-- Installing: /home/ali/STM32CubeIDE/microros_ws/install/micro_ros_msgs/share/micro_ros_msgs/msg/Entity.idl\n'}
[3.901290] (micro_ros_msgs) StdoutLine: {'line': b'-- Installing: /home/ali/STM32CubeIDE/microros_ws/install/micro_ros_msgs/share/micro_ros_msgs/msg/Graph.msg\n'}
[3.901339] (micro_ros_msgs) StdoutLine: {'line': b'-- Installing: /home/ali/STM32CubeIDE/microros_ws/install/micro_ros_msgs/share/micro_ros_msgs/msg/Node.msg\n'}
[3.901379] (micro_ros_msgs) StdoutLine: {'line': b'-- Installing: /home/ali/STM32CubeIDE/microros_ws/install/micro_ros_msgs/share/micro_ros_msgs/msg/Entity.msg\n'}
[3.901433] (micro_ros_msgs) StdoutLine: {'line': b'-- Installing: /home/ali/STM32CubeIDE/microros_ws/install/micro_ros_msgs/share/ament_index/resource_index/package_run_dependencies/micro_ros_msgs\n'}
[3.901467] (micro_ros_msgs) StdoutLine: {'line': b'-- Installing: /home/ali/STM32CubeIDE/microros_ws/install/micro_ros_msgs/share/ament_index/resource_index/parent_prefix_path/micro_ros_msgs\n'}
[3.901512] (micro_ros_msgs) StdoutLine: {'line': b'-- Installing: /home/ali/STM32CubeIDE/microros_ws/install/micro_ros_msgs/share/micro_ros_msgs/environment/ament_prefix_path.sh\n'}
[3.901561] (micro_ros_msgs) StdoutLine: {'line': b'-- Installing: /home/ali/STM32CubeIDE/microros_ws/install/micro_ros_msgs/share/micro_ros_msgs/environment/ament_prefix_path.dsv\n'}
[3.901590] (micro_ros_msgs) StdoutLine: {'line': b'-- Installing: /home/ali/STM32CubeIDE/microros_ws/install/micro_ros_msgs/share/micro_ros_msgs/environment/path.sh\n'}
[3.901629] (micro_ros_msgs) StdoutLine: {'line': b'-- Installing: /home/ali/STM32CubeIDE/microros_ws/install/micro_ros_msgs/share/micro_ros_msgs/environment/path.dsv\n'}
[3.901669] (micro_ros_msgs) StdoutLine: {'line': b'-- Installing: /home/ali/STM32CubeIDE/microros_ws/install/micro_ros_msgs/share/micro_ros_msgs/local_setup.bash\n'}
[3.901708] (micro_ros_msgs) StdoutLine: {'line': b'-- Installing: /home/ali/STM32CubeIDE/microros_ws/install/micro_ros_msgs/share/micro_ros_msgs/local_setup.sh\n'}
[3.901746] (micro_ros_msgs) StdoutLine: {'line': b'-- Installing: /home/ali/STM32CubeIDE/microros_ws/install/micro_ros_msgs/share/micro_ros_msgs/local_setup.zsh\n'}
[3.901786] (micro_ros_msgs) StdoutLine: {'line': b'-- Installing: /home/ali/STM32CubeIDE/microros_ws/install/micro_ros_msgs/share/micro_ros_msgs/local_setup.dsv\n'}
[3.901828] (micro_ros_msgs) StdoutLine: {'line': b'-- Installing: /home/ali/STM32CubeIDE/microros_ws/install/micro_ros_msgs/share/micro_ros_msgs/package.dsv\n'}
[3.901869] (micro_ros_msgs) StdoutLine: {'line': b'-- Installing: /home/ali/STM32CubeIDE/microros_ws/install/micro_ros_msgs/share/ament_index/resource_index/packages/micro_ros_msgs\n'}
[3.902168] (micro_ros_msgs) StdoutLine: {'line': b'-- Installing: /home/ali/STM32CubeIDE/microros_ws/install/micro_ros_msgs/share/micro_ros_msgs/cmake/export_micro_ros_msgs__rosidl_generator_cExport.cmake\n'}
[3.902215] (micro_ros_msgs) StdoutLine: {'line': b'-- Installing: /home/ali/STM32CubeIDE/microros_ws/install/micro_ros_msgs/share/micro_ros_msgs/cmake/export_micro_ros_msgs__rosidl_generator_cExport-noconfig.cmake\n'}
[3.902266] (micro_ros_msgs) StdoutLine: {'line': b'-- Installing: /home/ali/STM32CubeIDE/microros_ws/install/micro_ros_msgs/share/micro_ros_msgs/cmake/export_micro_ros_msgs__rosidl_typesupport_fastrtps_cExport.cmake\n'}
[3.902312] (micro_ros_msgs) StdoutLine: {'line': b'-- Installing: /home/ali/STM32CubeIDE/microros_ws/install/micro_ros_msgs/share/micro_ros_msgs/cmake/export_micro_ros_msgs__rosidl_typesupport_fastrtps_cExport-noconfig.cmake\n'}
[3.902361] (micro_ros_msgs) StdoutLine: {'line': b'-- Installing: /home/ali/STM32CubeIDE/microros_ws/install/micro_ros_msgs/share/micro_ros_msgs/cmake/micro_ros_msgs__rosidl_typesupport_introspection_cExport.cmake\n'}
[3.902404] (micro_ros_msgs) StdoutLine: {'line': b'-- Installing: /home/ali/STM32CubeIDE/microros_ws/install/micro_ros_msgs/share/micro_ros_msgs/cmake/micro_ros_msgs__rosidl_typesupport_introspection_cExport-noconfig.cmake\n'}
[3.902450] (micro_ros_msgs) StdoutLine: {'line': b'-- Installing: /home/ali/STM32CubeIDE/microros_ws/install/micro_ros_msgs/share/micro_ros_msgs/cmake/micro_ros_msgs__rosidl_typesupport_cExport.cmake\n'}
[3.902492] (micro_ros_msgs) StdoutLine: {'line': b'-- Installing: /home/ali/STM32CubeIDE/microros_ws/install/micro_ros_msgs/share/micro_ros_msgs/cmake/micro_ros_msgs__rosidl_typesupport_cExport-noconfig.cmake\n'}
[3.902538] (micro_ros_msgs) StdoutLine: {'line': b'-- Installing: /home/ali/STM32CubeIDE/microros_ws/install/micro_ros_msgs/share/micro_ros_msgs/cmake/export_micro_ros_msgs__rosidl_generator_cppExport.cmake\n'}
[3.902586] (micro_ros_msgs) StdoutLine: {'line': b'-- Installing: /home/ali/STM32CubeIDE/microros_ws/install/micro_ros_msgs/share/micro_ros_msgs/cmake/export_micro_ros_msgs__rosidl_typesupport_fastrtps_cppExport.cmake\n'}
[3.902628] (micro_ros_msgs) StdoutLine: {'line': b'-- Installing: /home/ali/STM32CubeIDE/microros_ws/install/micro_ros_msgs/share/micro_ros_msgs/cmake/export_micro_ros_msgs__rosidl_typesupport_fastrtps_cppExport-noconfig.cmake\n'}
[3.902685] (micro_ros_msgs) StdoutLine: {'line': b'-- Installing: /home/ali/STM32CubeIDE/microros_ws/install/micro_ros_msgs/share/micro_ros_msgs/cmake/micro_ros_msgs__rosidl_typesupport_introspection_cppExport.cmake\n'}
[3.902721] (micro_ros_msgs) StdoutLine: {'line': b'-- Installing: /home/ali/STM32CubeIDE/microros_ws/install/micro_ros_msgs/share/micro_ros_msgs/cmake/micro_ros_msgs__rosidl_typesupport_introspection_cppExport-noconfig.cmake\n'}
[3.902769] (micro_ros_msgs) StdoutLine: {'line': b'-- Installing: /home/ali/STM32CubeIDE/microros_ws/install/micro_ros_msgs/share/micro_ros_msgs/cmake/micro_ros_msgs__rosidl_typesupport_cppExport.cmake\n'}
[3.902811] (micro_ros_msgs) StdoutLine: {'line': b'-- Installing: /home/ali/STM32CubeIDE/microros_ws/install/micro_ros_msgs/share/micro_ros_msgs/cmake/micro_ros_msgs__rosidl_typesupport_cppExport-noconfig.cmake\n'}
[3.902862] (micro_ros_msgs) StdoutLine: {'line': b'-- Installing: /home/ali/STM32CubeIDE/microros_ws/install/micro_ros_msgs/share/micro_ros_msgs/cmake/export_micro_ros_msgs__rosidl_generator_pyExport.cmake\n'}
[3.902909] (micro_ros_msgs) StdoutLine: {'line': b'-- Installing: /home/ali/STM32CubeIDE/microros_ws/install/micro_ros_msgs/share/micro_ros_msgs/cmake/export_micro_ros_msgs__rosidl_generator_pyExport-noconfig.cmake\n'}
[3.902955] (micro_ros_msgs) StdoutLine: {'line': b'-- Installing: /home/ali/STM32CubeIDE/microros_ws/install/micro_ros_msgs/share/micro_ros_msgs/cmake/rosidl_cmake-extras.cmake\n'}
[3.902998] (micro_ros_msgs) StdoutLine: {'line': b'-- Installing: /home/ali/STM32CubeIDE/microros_ws/install/micro_ros_msgs/share/micro_ros_msgs/cmake/ament_cmake_export_include_directories-extras.cmake\n'}
[3.903039] (micro_ros_msgs) StdoutLine: {'line': b'-- Installing: /home/ali/STM32CubeIDE/microros_ws/install/micro_ros_msgs/share/micro_ros_msgs/cmake/ament_cmake_export_libraries-extras.cmake\n'}
[3.903081] (micro_ros_msgs) StdoutLine: {'line': b'-- Installing: /home/ali/STM32CubeIDE/microros_ws/install/micro_ros_msgs/share/micro_ros_msgs/cmake/ament_cmake_export_targets-extras.cmake\n'}
[3.903123] (micro_ros_msgs) StdoutLine: {'line': b'-- Installing: /home/ali/STM32CubeIDE/microros_ws/install/micro_ros_msgs/share/micro_ros_msgs/cmake/rosidl_cmake_export_typesupport_targets-extras.cmake\n'}
[3.903163] (micro_ros_msgs) StdoutLine: {'line': b'-- Installing: /home/ali/STM32CubeIDE/microros_ws/install/micro_ros_msgs/share/micro_ros_msgs/cmake/ament_cmake_export_dependencies-extras.cmake\n'}
[3.903207] (micro_ros_msgs) StdoutLine: {'line': b'-- Installing: /home/ali/STM32CubeIDE/microros_ws/install/micro_ros_msgs/share/micro_ros_msgs/cmake/rosidl_cmake_export_typesupport_libraries-extras.cmake\n'}
[3.903249] (micro_ros_msgs) StdoutLine: {'line': b'-- Installing: /home/ali/STM32CubeIDE/microros_ws/install/micro_ros_msgs/share/micro_ros_msgs/cmake/micro_ros_msgsConfig.cmake\n'}
[3.903286] (micro_ros_msgs) StdoutLine: {'line': b'-- Installing: /home/ali/STM32CubeIDE/microros_ws/install/micro_ros_msgs/share/micro_ros_msgs/cmake/micro_ros_msgsConfig-version.cmake\n'}
[3.903323] (micro_ros_msgs) StdoutLine: {'line': b'-- Installing: /home/ali/STM32CubeIDE/microros_ws/install/micro_ros_msgs/share/micro_ros_msgs/package.xml\n'}
[3.904544] (micro_ros_msgs) CommandEnded: {'returncode': 0}
[3.906459] (-) TimerEvent: {}
[3.915633] (micro_ros_msgs) JobEnded: {'identifier': 'micro_ros_msgs', 'rc': 0}
[3.915908] (micro_ros_agent) JobStarted: {'identifier': 'micro_ros_agent'}
[3.921296] (micro_ros_agent) JobProgress: {'identifier': 'micro_ros_agent', 'progress': 'cmake'}
[3.921567] (micro_ros_agent) Command: {'cmd': ['/usr/bin/cmake', '/home/ali/STM32CubeIDE/microros_ws/src/uros/micro-ROS-Agent/micro_ros_agent', '-DUAGENT_BUILD_EXECUTABLE=OFF', '-DUAGENT_P2P_PROFILE=OFF', '--no-warn-unused-cli', '-DCMAKE_INSTALL_PREFIX=/home/ali/STM32CubeIDE/microros_ws/install/micro_ros_agent'], 'cwd': '/home/ali/STM32CubeIDE/microros_ws/build/micro_ros_agent', 'env': OrderedDict({'LESSOPEN': '| /usr/bin/lesspipe %s', 'USER': 'ali', 'XDG_SESSION_TYPE': 'x11', 'SHLVL': '2', 'LD_LIBRARY_PATH': '/home/ali/STM32CubeIDE/microros_ws/install/micro_ros_msgs/lib:/usr/local/cuda/lib64:/opt/ros/jazzy/opt/rviz_ogre_vendor/lib:/opt/ros/jazzy/lib/x86_64-linux-gnu:/opt/ros/jazzy/opt/gz_math_vendor/lib:/opt/ros/jazzy/opt/gz_utils_vendor/lib:/opt/ros/jazzy/opt/gz_cmake_vendor/lib:/opt/ros/jazzy/lib', 'HOME': '/home/ali', 'CONDA_SHLVL': '0', 'OLDPWD': '/home/ali/STM32CubeIDE/microros_ws/src', 'DESKTOP_SESSION': 'ubuntu', 'ROS_PYTHON_VERSION': '3', 'GNOME_SHELL_SESSION_MODE': 'ubuntu', 'GTK_MODULES': 'gail:atk-bridge', 'DBUS_STARTER_BUS_TYPE': 'session', 'SYSTEMD_EXEC_PID': '3737', 'GSM_SKIP_SSH_AGENT_WORKAROUND': 'true', 'DBUS_SESSION_BUS_ADDRESS': 'unix:path=/run/user/1000/bus,guid=0604e28faa751846e4adda7b6881fc05', 'COLORTERM': 'truecolor', '_CE_M': '', 'DEBUGINFOD_URLS': 'https://debuginfod.ubuntu.com', 'COLCON_PREFIX_PATH': '/home/ali/STM32CubeIDE/microros_ws/install', 'ROS_DISTRO': 'jazzy', 'LOGNAME': 'ali', '_': '/usr/bin/colcon', 'ROS_VERSION': '2', 'MEMORY_PRESSURE_WATCH': '/sys/fs/cgroup/user.slice/user-1000.slice/user@1000.service/app.slice/app-gnome\\x2dsession\\x2dmanager.slice/gnome-session-manager@ubuntu.service/memory.pressure', 'XDG_SESSION_CLASS': 'user', 'USERNAME': 'ali', 'TERM': 'xterm-256color', 'GNOME_DESKTOP_SESSION_ID': 'this-is-deprecated', '_CE_CONDA': '', 'WINDOWPATH': '2', 'PATH': '/opt/gcc-arm-none-eabi-10.3-2021.10/bin:/opt/xpack-openocd-0.12.0-6/bin:/home/ali/anaconda3/condabin:/usr/local/cuda/bin:/opt/ros/jazzy/bin:/usr/local/sbin:/usr/local/bin:/usr/sbin:/usr/bin:/sbin:/bin:/usr/games:/usr/local/games:/snap/bin:/snap/bin', 'SESSION_MANAGER': 'local/Asus:@/tmp/.ICE-unix/3737,unix/Asus:/tmp/.ICE-unix/3737', 'XDG_MENU_PREFIX': 'gnome-', 'GNOME_TERMINAL_SCREEN': '/org/gnome/Terminal/screen/dcb9ce6c_90fc_45e0_b803_e109dc5ac748', 'XDG_RUNTIME_DIR': '/run/user/1000', 'DISPLAY': ':1', 'LANG': 'en_US.UTF-8', 'XDG_CURRENT_DESKTOP': 'ubuntu:GNOME', 'XMODIFIERS': '@im=ibus', 'XDG_SESSION_DESKTOP': 'ubuntu', 'XAUTHORITY': '/run/user/1000/gdm/Xauthority', 'LS_COLORS': 'rs=0:di=01;34:ln=01;36:mh=00:pi=40;33:so=01;35:do=01;35:bd=40;33;01:cd=40;33;01:or=40;31;01:mi=00:su=37;41:sg=30;43:ca=00:tw=30;42:ow=34;42:st=37;44:ex=01;32:*.tar=01;31:*.tgz=01;31:*.arc=01;31:*.arj=01;31:*.taz=01;31:*.lha=01;31:*.lz4=01;31:*.lzh=01;31:*.lzma=01;31:*.tlz=01;31:*.txz=01;31:*.tzo=01;31:*.t7z=01;31:*.zip=01;31:*.z=01;31:*.dz=01;31:*.gz=01;31:*.lrz=01;31:*.lz=01;31:*.lzo=01;31:*.xz=01;31:*.zst=01;31:*.tzst=01;31:*.bz2=01;31:*.bz=01;31:*.tbz=01;31:*.tbz2=01;31:*.tz=01;31:*.deb=01;31:*.rpm=01;31:*.jar=01;31:*.war=01;31:*.ear=01;31:*.sar=01;31:*.rar=01;31:*.alz=01;31:*.ace=01;31:*.zoo=01;31:*.cpio=01;31:*.7z=01;31:*.rz=01;31:*.cab=01;31:*.wim=01;31:*.swm=01;31:*.dwm=01;31:*.esd=01;31:*.avif=01;35:*.jpg=01;35:*.jpeg=01;35:*.mjpg=01;35:*.mjpeg=01;35:*.gif=01;35:*.bmp=01;35:*.pbm=01;35:*.pgm=01;35:*.ppm=01;35:*.tga=01;35:*.xbm=01;35:*.xpm=01;35:*.tif=01;35:*.tiff=01;35:*.png=01;35:*.svg=01;35:*.svgz=01;35:*.mng=01;35:*.pcx=01;35:*.mov=01;35:*.mpg=01;35:*.mpeg=01;35:*.m2v=01;35:*.mkv=01;35:*.webm=01;35:*.webp=01;35:*.ogm=01;35:*.mp4=01;35:*.m4v=01;35:*.mp4v=01;35:*.vob=01;35:*.qt=01;35:*.nuv=01;35:*.wmv=01;35:*.asf=01;35:*.rm=01;35:*.rmvb=01;35:*.flc=01;35:*.avi=01;35:*.fli=01;35:*.flv=01;35:*.gl=01;35:*.dl=01;35:*.xcf=01;35:*.xwd=01;35:*.yuv=01;35:*.cgm=01;35:*.emf=01;35:*.ogv=01;35:*.ogx=01;35:*.aac=00;36:*.au=00;36:*.flac=00;36:*.m4a=00;36:*.mid=00;36:*.midi=00;36:*.mka=00;36:*.mp3=00;36:*.mpc=00;36:*.ogg=00;36:*.ra=00;36:*.wav=00;36:*.oga=00;36:*.opus=00;36:*.spx=00;36:*.xspf=00;36:*~=00;90:*#=00;90:*.bak=00;90:*.crdownload=00;90:*.dpkg-dist=00;90:*.dpkg-new=00;90:*.dpkg-old=00;90:*.dpkg-tmp=00;90:*.old=00;90:*.orig=00;90:*.part=00;90:*.rej=00;90:*.rpmnew=00;90:*.rpmorig=00;90:*.rpmsave=00;90:*.swp=00;90:*.tmp=00;90:*.ucf-dist=00;90:*.ucf-new=00;90:*.ucf-old=00;90:', 'GNOME_TERMINAL_SERVICE': ':1.151', 'SSH_AUTH_SOCK': '/run/user/1000/keyring/ssh', 'AMENT_PREFIX_PATH': '/home/ali/STM32CubeIDE/microros_ws/install/micro_ros_msgs:/home/ali/STM32CubeIDE/microros_ws/install/micro_ros_setup:/opt/ros/jazzy', 'CONDA_PYTHON_EXE': '/home/ali/anaconda3/bin/python', 'SHELL': '/bin/bash', 'QT_ACCESSIBILITY': '1', 'GDMSESSION': 'ubuntu', 'LESSCLOSE': '/usr/bin/lesspipe %s %s', 'GPG_AGENT_INFO': '/run/user/1000/gnupg/S.gpg-agent:0:1', 'ROS_AUTOMATIC_DISCOVERY_RANGE': 'SUBNET', 'QT_IM_MODULE': 'ibus', 'PWD': '/home/ali/STM32CubeIDE/microros_ws/build/micro_ros_agent', 'LC_ALL': 'en_US.UTF-8', 'XDG_CONFIG_DIRS': '/etc/xdg/xdg-ubuntu:/etc/xdg', 'CONDA_EXE': '/home/ali/anaconda3/bin/conda', 'DBUS_STARTER_ADDRESS': 'unix:path=/run/user/1000/bus,guid=0604e28faa751846e4adda7b6881fc05', 'XDG_DATA_DIRS': '/usr/share/ubuntu:/usr/share/gnome:/usr/local/share/:/usr/share/:/var/lib/snapd/desktop', 'PYTHONPATH': '/home/ali/STM32CubeIDE/microros_ws/install/micro_ros_msgs/lib/python3.12/site-packages:/opt/ros/jazzy/lib/python3.12/site-packages', 'COLCON': '1', 'MEMORY_PRESSURE_WRITE': 'c29tZSAyMDAwMDAgMjAwMDAwMAA=', 'VTE_VERSION': '7600', 'CMAKE_PREFIX_PATH': '/home/ali/STM32CubeIDE/microros_ws/install/micro_ros_msgs:/home/ali/STM32CubeIDE/microros_ws/install/micro_ros_setup:/opt/ros/jazzy/opt/gz_math_vendor:/opt/ros/jazzy/opt/gz_utils_vendor:/opt/ros/jazzy/opt/gz_cmake_vendor:/opt/ros/jazzy'}), 'shell': False}
[3.926295] (micro_ros_agent) StdoutLine: {'line': b'Not searching for unused variables given on the command line.\n'}
[3.969959] (micro_ros_agent) StdoutLine: {'line': b'-- The C compiler identification is GNU 13.3.0\n'}
[3.978925] (micro_ros_agent) StdoutLine: {'line': b'-- Detecting C compiler ABI info\n'}
[4.006616] (-) TimerEvent: {}
[4.044705] (micro_ros_agent) StdoutLine: {'line': b'-- Detecting C compiler ABI info - done\n'}
[4.049841] (micro_ros_agent) StdoutLine: {'line': b'-- Check for working C compiler: /usr/bin/cc - skipped\n'}
[4.049956] (micro_ros_agent) StdoutLine: {'line': b'-- Detecting C compile features\n'}
[4.050139] (micro_ros_agent) StdoutLine: {'line': b'-- Detecting C compile features - done\n'}
[4.085957] (micro_ros_agent) StdoutLine: {'line': b'-- The CXX compiler identification is GNU 13.3.0\n'}
[4.094928] (micro_ros_agent) StdoutLine: {'line': b'-- Detecting CXX compiler ABI info\n'}
[4.106718] (-) TimerEvent: {}
[4.165815] (micro_ros_agent) StdoutLine: {'line': b'-- Detecting CXX compiler ABI info - done\n'}
[4.171133] (micro_ros_agent) StdoutLine: {'line': b'-- Check for working CXX compiler: /usr/bin/c++ - skipped\n'}
[4.171292] (micro_ros_agent) StdoutLine: {'line': b'-- Detecting CXX compile features\n'}
[4.171606] (micro_ros_agent) StdoutLine: {'line': b'-- Detecting CXX compile features - done\n'}
[4.203083] (micro_ros_agent) StdoutLine: {'line': b'-- Configuring done (0.3s)\n'}
[4.205129] (micro_ros_agent) StdoutLine: {'line': b'-- Generating done (0.0s)\n'}
[4.205898] (micro_ros_agent) StdoutLine: {'line': b'-- Build files have been written to: /home/ali/STM32CubeIDE/microros_ws/build/micro_ros_agent\n'}
[4.206780] (-) TimerEvent: {}
[4.209289] (micro_ros_agent) CommandEnded: {'returncode': 0}
[4.209696] (micro_ros_agent) JobProgress: {'identifier': 'micro_ros_agent', 'progress': 'build'}
[4.209742] (micro_ros_agent) Command: {'cmd': ['/usr/bin/cmake', '--build', '/home/ali/STM32CubeIDE/microros_ws/build/micro_ros_agent', '--', '-j20', '-l20'], 'cwd': '/home/ali/STM32CubeIDE/microros_ws/build/micro_ros_agent', 'env': OrderedDict({'LESSOPEN': '| /usr/bin/lesspipe %s', 'USER': 'ali', 'XDG_SESSION_TYPE': 'x11', 'SHLVL': '2', 'LD_LIBRARY_PATH': '/home/ali/STM32CubeIDE/microros_ws/install/micro_ros_msgs/lib:/usr/local/cuda/lib64:/opt/ros/jazzy/opt/rviz_ogre_vendor/lib:/opt/ros/jazzy/lib/x86_64-linux-gnu:/opt/ros/jazzy/opt/gz_math_vendor/lib:/opt/ros/jazzy/opt/gz_utils_vendor/lib:/opt/ros/jazzy/opt/gz_cmake_vendor/lib:/opt/ros/jazzy/lib', 'HOME': '/home/ali', 'CONDA_SHLVL': '0', 'OLDPWD': '/home/ali/STM32CubeIDE/microros_ws/src', 'DESKTOP_SESSION': 'ubuntu', 'ROS_PYTHON_VERSION': '3', 'GNOME_SHELL_SESSION_MODE': 'ubuntu', 'GTK_MODULES': 'gail:atk-bridge', 'DBUS_STARTER_BUS_TYPE': 'session', 'SYSTEMD_EXEC_PID': '3737', 'GSM_SKIP_SSH_AGENT_WORKAROUND': 'true', 'DBUS_SESSION_BUS_ADDRESS': 'unix:path=/run/user/1000/bus,guid=0604e28faa751846e4adda7b6881fc05', 'COLORTERM': 'truecolor', '_CE_M': '', 'DEBUGINFOD_URLS': 'https://debuginfod.ubuntu.com', 'COLCON_PREFIX_PATH': '/home/ali/STM32CubeIDE/microros_ws/install', 'ROS_DISTRO': 'jazzy', 'LOGNAME': 'ali', '_': '/usr/bin/colcon', 'ROS_VERSION': '2', 'MEMORY_PRESSURE_WATCH': '/sys/fs/cgroup/user.slice/user-1000.slice/user@1000.service/app.slice/app-gnome\\x2dsession\\x2dmanager.slice/gnome-session-manager@ubuntu.service/memory.pressure', 'XDG_SESSION_CLASS': 'user', 'USERNAME': 'ali', 'TERM': 'xterm-256color', 'GNOME_DESKTOP_SESSION_ID': 'this-is-deprecated', '_CE_CONDA': '', 'WINDOWPATH': '2', 'PATH': '/opt/gcc-arm-none-eabi-10.3-2021.10/bin:/opt/xpack-openocd-0.12.0-6/bin:/home/ali/anaconda3/condabin:/usr/local/cuda/bin:/opt/ros/jazzy/bin:/usr/local/sbin:/usr/local/bin:/usr/sbin:/usr/bin:/sbin:/bin:/usr/games:/usr/local/games:/snap/bin:/snap/bin', 'SESSION_MANAGER': 'local/Asus:@/tmp/.ICE-unix/3737,unix/Asus:/tmp/.ICE-unix/3737', 'XDG_MENU_PREFIX': 'gnome-', 'GNOME_TERMINAL_SCREEN': '/org/gnome/Terminal/screen/dcb9ce6c_90fc_45e0_b803_e109dc5ac748', 'XDG_RUNTIME_DIR': '/run/user/1000', 'DISPLAY': ':1', 'LANG': 'en_US.UTF-8', 'XDG_CURRENT_DESKTOP': 'ubuntu:GNOME', 'XMODIFIERS': '@im=ibus', 'XDG_SESSION_DESKTOP': 'ubuntu', 'XAUTHORITY': '/run/user/1000/gdm/Xauthority', 'LS_COLORS': 'rs=0:di=01;34:ln=01;36:mh=00:pi=40;33:so=01;35:do=01;35:bd=40;33;01:cd=40;33;01:or=40;31;01:mi=00:su=37;41:sg=30;43:ca=00:tw=30;42:ow=34;42:st=37;44:ex=01;32:*.tar=01;31:*.tgz=01;31:*.arc=01;31:*.arj=01;31:*.taz=01;31:*.lha=01;31:*.lz4=01;31:*.lzh=01;31:*.lzma=01;31:*.tlz=01;31:*.txz=01;31:*.tzo=01;31:*.t7z=01;31:*.zip=01;31:*.z=01;31:*.dz=01;31:*.gz=01;31:*.lrz=01;31:*.lz=01;31:*.lzo=01;31:*.xz=01;31:*.zst=01;31:*.tzst=01;31:*.bz2=01;31:*.bz=01;31:*.tbz=01;31:*.tbz2=01;31:*.tz=01;31:*.deb=01;31:*.rpm=01;31:*.jar=01;31:*.war=01;31:*.ear=01;31:*.sar=01;31:*.rar=01;31:*.alz=01;31:*.ace=01;31:*.zoo=01;31:*.cpio=01;31:*.7z=01;31:*.rz=01;31:*.cab=01;31:*.wim=01;31:*.swm=01;31:*.dwm=01;31:*.esd=01;31:*.avif=01;35:*.jpg=01;35:*.jpeg=01;35:*.mjpg=01;35:*.mjpeg=01;35:*.gif=01;35:*.bmp=01;35:*.pbm=01;35:*.pgm=01;35:*.ppm=01;35:*.tga=01;35:*.xbm=01;35:*.xpm=01;35:*.tif=01;35:*.tiff=01;35:*.png=01;35:*.svg=01;35:*.svgz=01;35:*.mng=01;35:*.pcx=01;35:*.mov=01;35:*.mpg=01;35:*.mpeg=01;35:*.m2v=01;35:*.mkv=01;35:*.webm=01;35:*.webp=01;35:*.ogm=01;35:*.mp4=01;35:*.m4v=01;35:*.mp4v=01;35:*.vob=01;35:*.qt=01;35:*.nuv=01;35:*.wmv=01;35:*.asf=01;35:*.rm=01;35:*.rmvb=01;35:*.flc=01;35:*.avi=01;35:*.fli=01;35:*.flv=01;35:*.gl=01;35:*.dl=01;35:*.xcf=01;35:*.xwd=01;35:*.yuv=01;35:*.cgm=01;35:*.emf=01;35:*.ogv=01;35:*.ogx=01;35:*.aac=00;36:*.au=00;36:*.flac=00;36:*.m4a=00;36:*.mid=00;36:*.midi=00;36:*.mka=00;36:*.mp3=00;36:*.mpc=00;36:*.ogg=00;36:*.ra=00;36:*.wav=00;36:*.oga=00;36:*.opus=00;36:*.spx=00;36:*.xspf=00;36:*~=00;90:*#=00;90:*.bak=00;90:*.crdownload=00;90:*.dpkg-dist=00;90:*.dpkg-new=00;90:*.dpkg-old=00;90:*.dpkg-tmp=00;90:*.old=00;90:*.orig=00;90:*.part=00;90:*.rej=00;90:*.rpmnew=00;90:*.rpmorig=00;90:*.rpmsave=00;90:*.swp=00;90:*.tmp=00;90:*.ucf-dist=00;90:*.ucf-new=00;90:*.ucf-old=00;90:', 'GNOME_TERMINAL_SERVICE': ':1.151', 'SSH_AUTH_SOCK': '/run/user/1000/keyring/ssh', 'AMENT_PREFIX_PATH': '/home/ali/STM32CubeIDE/microros_ws/install/micro_ros_msgs:/home/ali/STM32CubeIDE/microros_ws/install/micro_ros_setup:/opt/ros/jazzy', 'CONDA_PYTHON_EXE': '/home/ali/anaconda3/bin/python', 'SHELL': '/bin/bash', 'QT_ACCESSIBILITY': '1', 'GDMSESSION': 'ubuntu', 'LESSCLOSE': '/usr/bin/lesspipe %s %s', 'GPG_AGENT_INFO': '/run/user/1000/gnupg/S.gpg-agent:0:1', 'ROS_AUTOMATIC_DISCOVERY_RANGE': 'SUBNET', 'QT_IM_MODULE': 'ibus', 'PWD': '/home/ali/STM32CubeIDE/microros_ws/build/micro_ros_agent', 'LC_ALL': 'en_US.UTF-8', 'XDG_CONFIG_DIRS': '/etc/xdg/xdg-ubuntu:/etc/xdg', 'CONDA_EXE': '/home/ali/anaconda3/bin/conda', 'DBUS_STARTER_ADDRESS': 'unix:path=/run/user/1000/bus,guid=0604e28faa751846e4adda7b6881fc05', 'XDG_DATA_DIRS': '/usr/share/ubuntu:/usr/share/gnome:/usr/local/share/:/usr/share/:/var/lib/snapd/desktop', 'PYTHONPATH': '/home/ali/STM32CubeIDE/microros_ws/install/micro_ros_msgs/lib/python3.12/site-packages:/opt/ros/jazzy/lib/python3.12/site-packages', 'COLCON': '1', 'MEMORY_PRESSURE_WRITE': 'c29tZSAyMDAwMDAgMjAwMDAwMAA=', 'VTE_VERSION': '7600', 'CMAKE_PREFIX_PATH': '/home/ali/STM32CubeIDE/microros_ws/install/micro_ros_msgs:/home/ali/STM32CubeIDE/microros_ws/install/micro_ros_setup:/opt/ros/jazzy/opt/gz_math_vendor:/opt/ros/jazzy/opt/gz_utils_vendor:/opt/ros/jazzy/opt/gz_cmake_vendor:/opt/ros/jazzy'}), 'shell': False}
[4.248510] (micro_ros_agent) StdoutLine: {'line': b"[  6%] \x1b[34m\x1b[1mCreating directories for 'xrceagent'\x1b[0m\n"}
[4.270547] (micro_ros_agent) StdoutLine: {'line': b"[ 12%] \x1b[34m\x1b[1mPerforming download step (git clone) for 'xrceagent'\x1b[0m\n"}
[4.288457] (micro_ros_agent) StderrLine: {'line': b"Cloning into 'xrceagent'...\n"}
[4.306907] (-) TimerEvent: {}
[4.407512] (-) TimerEvent: {}
[4.508269] (-) TimerEvent: {}
[4.608919] (-) TimerEvent: {}
[4.709764] (-) TimerEvent: {}
[4.810355] (-) TimerEvent: {}
[4.910959] (-) TimerEvent: {}
[5.011479] (-) TimerEvent: {}
[5.111928] (-) TimerEvent: {}
[5.212494] (-) TimerEvent: {}
[5.313062] (-) TimerEvent: {}
[5.413491] (-) TimerEvent: {}
[5.513971] (-) TimerEvent: {}
[5.614387] (-) TimerEvent: {}
[5.715049] (-) TimerEvent: {}
[5.815589] (-) TimerEvent: {}
[5.916152] (-) TimerEvent: {}
[6.016543] (-) TimerEvent: {}
[6.117142] (-) TimerEvent: {}
[6.217951] (-) TimerEvent: {}
[6.318627] (-) TimerEvent: {}
[6.419265] (-) TimerEvent: {}
[6.520018] (-) TimerEvent: {}
[6.620582] (-) TimerEvent: {}
[6.721187] (-) TimerEvent: {}
[6.821683] (-) TimerEvent: {}
[6.922227] (-) TimerEvent: {}
[7.022764] (-) TimerEvent: {}
[7.123163] (-) TimerEvent: {}
[7.223643] (-) TimerEvent: {}
[7.324201] (-) TimerEvent: {}
[7.425127] (-) TimerEvent: {}
[7.525961] (-) TimerEvent: {}
[7.626689] (-) TimerEvent: {}
[7.727416] (-) TimerEvent: {}
[7.827958] (-) TimerEvent: {}
[7.928249] (-) TimerEvent: {}
[8.028673] (-) TimerEvent: {}
[8.129062] (-) TimerEvent: {}
[8.229650] (-) TimerEvent: {}
[8.330369] (-) TimerEvent: {}
[8.431046] (-) TimerEvent: {}
[8.531392] (-) TimerEvent: {}
[8.631757] (-) TimerEvent: {}
[8.732145] (-) TimerEvent: {}
[8.832598] (-) TimerEvent: {}
[8.933259] (-) TimerEvent: {}
[9.033744] (-) TimerEvent: {}
[9.134233] (-) TimerEvent: {}
[9.234774] (-) TimerEvent: {}
[9.335526] (-) TimerEvent: {}
[9.436036] (-) TimerEvent: {}
[9.536579] (-) TimerEvent: {}
[9.637259] (-) TimerEvent: {}
[9.737870] (-) TimerEvent: {}
[9.838481] (-) TimerEvent: {}
[9.939297] (-) TimerEvent: {}
[10.040063] (-) TimerEvent: {}
[10.140819] (-) TimerEvent: {}
[10.241516] (-) TimerEvent: {}
[10.341895] (-) TimerEvent: {}
[10.442259] (-) TimerEvent: {}
[10.542781] (-) TimerEvent: {}
[10.643155] (-) TimerEvent: {}
[10.743523] (-) TimerEvent: {}
[10.843871] (-) TimerEvent: {}
[10.944134] (-) TimerEvent: {}
[11.044443] (-) TimerEvent: {}
[11.144957] (-) TimerEvent: {}
[11.245635] (-) TimerEvent: {}
[11.346213] (-) TimerEvent: {}
[11.446773] (-) TimerEvent: {}
[11.547569] (-) TimerEvent: {}
[11.648338] (-) TimerEvent: {}
[11.748999] (-) TimerEvent: {}
[11.849632] (-) TimerEvent: {}
[11.950329] (-) TimerEvent: {}
[12.050963] (-) TimerEvent: {}
[12.151495] (-) TimerEvent: {}
[12.252115] (-) TimerEvent: {}
[12.352801] (-) TimerEvent: {}
[12.453399] (-) TimerEvent: {}
[12.553977] (-) TimerEvent: {}
[12.654539] (-) TimerEvent: {}
[12.755003] (-) TimerEvent: {}
[12.855703] (-) TimerEvent: {}
[12.956327] (-) TimerEvent: {}
[13.057045] (-) TimerEvent: {}
[13.157779] (-) TimerEvent: {}
[13.258392] (-) TimerEvent: {}
[13.359062] (-) TimerEvent: {}
[13.459750] (-) TimerEvent: {}
[13.560340] (-) TimerEvent: {}
[13.660932] (-) TimerEvent: {}
[13.761472] (-) TimerEvent: {}
[13.862047] (-) TimerEvent: {}
[13.962678] (-) TimerEvent: {}
[14.063204] (-) TimerEvent: {}
[14.163889] (-) TimerEvent: {}
[14.264420] (-) TimerEvent: {}
[14.365032] (-) TimerEvent: {}
[14.465638] (-) TimerEvent: {}
[14.566428] (-) TimerEvent: {}
[14.667101] (-) TimerEvent: {}
[14.767737] (-) TimerEvent: {}
[14.868332] (-) TimerEvent: {}
[14.968931] (-) TimerEvent: {}
[15.069541] (-) TimerEvent: {}
[15.170254] (-) TimerEvent: {}
[15.270936] (-) TimerEvent: {}
[15.371556] (-) TimerEvent: {}
[15.472234] (-) TimerEvent: {}
[15.572954] (-) TimerEvent: {}
[15.673522] (-) TimerEvent: {}
[15.774301] (-) TimerEvent: {}
[15.874998] (-) TimerEvent: {}
[15.975665] (-) TimerEvent: {}
[16.076248] (-) TimerEvent: {}
[16.176766] (-) TimerEvent: {}
[16.277384] (-) TimerEvent: {}
[16.378059] (-) TimerEvent: {}
[16.478795] (-) TimerEvent: {}
[16.579404] (-) TimerEvent: {}
[16.679929] (-) TimerEvent: {}
[16.780359] (-) TimerEvent: {}
[16.880953] (-) TimerEvent: {}
[16.981639] (-) TimerEvent: {}
[17.082448] (-) TimerEvent: {}
[17.183154] (-) TimerEvent: {}
[17.283731] (-) TimerEvent: {}
[17.384422] (-) TimerEvent: {}
[17.485089] (-) TimerEvent: {}
[17.585722] (-) TimerEvent: {}
[17.686496] (-) TimerEvent: {}
[17.787302] (-) TimerEvent: {}
[17.887920] (-) TimerEvent: {}
[17.988392] (-) TimerEvent: {}
[18.088954] (-) TimerEvent: {}
[18.189580] (-) TimerEvent: {}
[18.290159] (-) TimerEvent: {}
[18.390711] (-) TimerEvent: {}
[18.491493] (-) TimerEvent: {}
[18.592291] (-) TimerEvent: {}
[18.692939] (-) TimerEvent: {}
[18.793559] (-) TimerEvent: {}
[18.894284] (-) TimerEvent: {}
[18.994961] (-) TimerEvent: {}
[19.095618] (-) TimerEvent: {}
[19.196026] (-) TimerEvent: {}
[19.296464] (-) TimerEvent: {}
[19.397021] (-) TimerEvent: {}
[19.497483] (-) TimerEvent: {}
[19.598008] (-) TimerEvent: {}
[19.698629] (-) TimerEvent: {}
[19.799447] (-) TimerEvent: {}
[19.900154] (-) TimerEvent: {}
[20.000806] (-) TimerEvent: {}
[20.101425] (-) TimerEvent: {}
[20.202148] (-) TimerEvent: {}
[20.302753] (-) TimerEvent: {}
[20.403468] (-) TimerEvent: {}
[20.504003] (-) TimerEvent: {}
[20.604462] (-) TimerEvent: {}
[20.705292] (-) TimerEvent: {}
[20.805985] (-) TimerEvent: {}
[20.906752] (-) TimerEvent: {}
[21.007596] (-) TimerEvent: {}
[21.108324] (-) TimerEvent: {}
[21.208958] (-) TimerEvent: {}
[21.309718] (-) TimerEvent: {}
[21.410336] (-) TimerEvent: {}
[21.510942] (-) TimerEvent: {}
[21.611651] (-) TimerEvent: {}
[21.712267] (-) TimerEvent: {}
[21.812887] (-) TimerEvent: {}
[21.913438] (-) TimerEvent: {}
[22.013985] (-) TimerEvent: {}
[22.114519] (-) TimerEvent: {}
[22.215068] (-) TimerEvent: {}
[22.315795] (-) TimerEvent: {}
[22.416326] (-) TimerEvent: {}
[22.516955] (-) TimerEvent: {}
[22.617679] (-) TimerEvent: {}
[22.718391] (-) TimerEvent: {}
[22.819045] (-) TimerEvent: {}
[22.919763] (-) TimerEvent: {}
[23.020446] (-) TimerEvent: {}
[23.121233] (-) TimerEvent: {}
[23.221883] (-) TimerEvent: {}
[23.322574] (-) TimerEvent: {}
[23.423226] (-) TimerEvent: {}
[23.523781] (-) TimerEvent: {}
[23.624385] (-) TimerEvent: {}
[23.725057] (-) TimerEvent: {}
[23.825688] (-) TimerEvent: {}
[23.926409] (-) TimerEvent: {}
[24.027007] (-) TimerEvent: {}
[24.127611] (-) TimerEvent: {}
[24.228206] (-) TimerEvent: {}
[24.328929] (-) TimerEvent: {}
[24.429449] (-) TimerEvent: {}
[24.529988] (-) TimerEvent: {}
[24.630613] (-) TimerEvent: {}
[24.731160] (-) TimerEvent: {}
[24.831749] (-) TimerEvent: {}
[24.932466] (-) TimerEvent: {}
[25.033007] (-) TimerEvent: {}
[25.133591] (-) TimerEvent: {}
[25.234119] (-) TimerEvent: {}
[25.334729] (-) TimerEvent: {}
[25.435275] (-) TimerEvent: {}
[25.535860] (-) TimerEvent: {}
[25.636464] (-) TimerEvent: {}
[25.737127] (-) TimerEvent: {}
[25.837975] (-) TimerEvent: {}
[25.938706] (-) TimerEvent: {}
[26.039284] (-) TimerEvent: {}
[26.139904] (-) TimerEvent: {}
[26.240478] (-) TimerEvent: {}
[26.341060] (-) TimerEvent: {}
[26.441622] (-) TimerEvent: {}
[26.542195] (-) TimerEvent: {}
[26.642777] (-) TimerEvent: {}
[26.743440] (-) TimerEvent: {}
[26.844185] (-) TimerEvent: {}
[26.944767] (-) TimerEvent: {}
[27.045393] (-) TimerEvent: {}
[27.145985] (-) TimerEvent: {}
[27.246693] (-) TimerEvent: {}
[27.347490] (-) TimerEvent: {}
[27.448248] (-) TimerEvent: {}
[27.548876] (-) TimerEvent: {}
[27.649577] (-) TimerEvent: {}
[27.750197] (-) TimerEvent: {}
[27.850923] (-) TimerEvent: {}
[27.951566] (-) TimerEvent: {}
[28.052306] (-) TimerEvent: {}
[28.152953] (-) TimerEvent: {}
[28.253551] (-) TimerEvent: {}
[28.354146] (-) TimerEvent: {}
[28.454720] (-) TimerEvent: {}
[28.555410] (-) TimerEvent: {}
[28.656175] (-) TimerEvent: {}
[28.756748] (-) TimerEvent: {}
[28.857466] (-) TimerEvent: {}
[28.958032] (-) TimerEvent: {}
[29.058611] (-) TimerEvent: {}
[29.159186] (-) TimerEvent: {}
[29.259963] (-) TimerEvent: {}
[29.360694] (-) TimerEvent: {}
[29.461383] (-) TimerEvent: {}
[29.561768] (-) TimerEvent: {}
[29.662396] (-) TimerEvent: {}
[29.763261] (-) TimerEvent: {}
[29.863989] (-) TimerEvent: {}
[29.964539] (-) TimerEvent: {}
[30.065056] (-) TimerEvent: {}
[30.165623] (-) TimerEvent: {}
[30.266414] (-) TimerEvent: {}
[30.367220] (-) TimerEvent: {}
[30.467955] (-) TimerEvent: {}
[30.568548] (-) TimerEvent: {}
[30.669224] (-) TimerEvent: {}
[30.769891] (-) TimerEvent: {}
[30.870441] (-) TimerEvent: {}
[30.971032] (-) TimerEvent: {}
[31.071571] (-) TimerEvent: {}
[31.172112] (-) TimerEvent: {}
[31.272637] (-) TimerEvent: {}
[31.373196] (-) TimerEvent: {}
[31.473761] (-) TimerEvent: {}
[31.574385] (-) TimerEvent: {}
[31.675098] (-) TimerEvent: {}
[31.775687] (-) TimerEvent: {}
[31.876311] (-) TimerEvent: {}
[31.976970] (-) TimerEvent: {}
[32.077576] (-) TimerEvent: {}
[32.178217] (-) TimerEvent: {}
[32.279152] (-) TimerEvent: {}
[32.379939] (-) TimerEvent: {}
[32.480623] (-) TimerEvent: {}
[32.580992] (-) TimerEvent: {}
[32.681297] (-) TimerEvent: {}
[32.781990] (-) TimerEvent: {}
[32.882675] (-) TimerEvent: {}
[32.983493] (-) TimerEvent: {}
[33.084327] (-) TimerEvent: {}
[33.185071] (-) TimerEvent: {}
[33.285715] (-) TimerEvent: {}
[33.386335] (-) TimerEvent: {}
[33.487053] (-) TimerEvent: {}
[33.587568] (-) TimerEvent: {}
[33.688187] (-) TimerEvent: {}
[33.788801] (-) TimerEvent: {}
[33.889437] (-) TimerEvent: {}
[33.989997] (-) TimerEvent: {}
[34.090806] (-) TimerEvent: {}
[34.191525] (-) TimerEvent: {}
[34.292232] (-) TimerEvent: {}
[34.392884] (-) TimerEvent: {}
[34.493644] (-) TimerEvent: {}
[34.594375] (-) TimerEvent: {}
[34.695060] (-) TimerEvent: {}
[34.795526] (-) TimerEvent: {}
[34.896335] (-) TimerEvent: {}
[34.997114] (-) TimerEvent: {}
[35.097776] (-) TimerEvent: {}
[35.198570] (-) TimerEvent: {}
[35.299387] (-) TimerEvent: {}
[35.400091] (-) TimerEvent: {}
[35.500619] (-) TimerEvent: {}
[35.601345] (-) TimerEvent: {}
[35.702003] (-) TimerEvent: {}
[35.802462] (-) TimerEvent: {}
[35.902992] (-) TimerEvent: {}
[36.003632] (-) TimerEvent: {}
[36.104348] (-) TimerEvent: {}
[36.205004] (-) TimerEvent: {}
[36.305725] (-) TimerEvent: {}
[36.406520] (-) TimerEvent: {}
[36.507432] (-) TimerEvent: {}
[36.608242] (-) TimerEvent: {}
[36.708970] (-) TimerEvent: {}
[36.809674] (-) TimerEvent: {}
[36.910394] (-) TimerEvent: {}
[37.011114] (-) TimerEvent: {}
[37.111902] (-) TimerEvent: {}
[37.212656] (-) TimerEvent: {}
[37.313413] (-) TimerEvent: {}
[37.413886] (-) TimerEvent: {}
[37.514437] (-) TimerEvent: {}
[37.614954] (-) TimerEvent: {}
[37.715512] (-) TimerEvent: {}
[37.816135] (-) TimerEvent: {}
[37.916953] (-) TimerEvent: {}
[38.017753] (-) TimerEvent: {}
[38.118530] (-) TimerEvent: {}
[38.219342] (-) TimerEvent: {}
[38.320017] (-) TimerEvent: {}
[38.420568] (-) TimerEvent: {}
[38.521150] (-) TimerEvent: {}
[38.621949] (-) TimerEvent: {}
[38.722563] (-) TimerEvent: {}
[38.823199] (-) TimerEvent: {}
[38.923982] (-) TimerEvent: {}
[39.024646] (-) TimerEvent: {}
[39.125301] (-) TimerEvent: {}
[39.225806] (-) TimerEvent: {}
[39.326373] (-) TimerEvent: {}
[39.426952] (-) TimerEvent: {}
[39.527567] (-) TimerEvent: {}
[39.628316] (-) TimerEvent: {}
[39.728988] (-) TimerEvent: {}
[39.829716] (-) TimerEvent: {}
[39.930315] (-) TimerEvent: {}
[40.031048] (-) TimerEvent: {}
[40.131742] (-) TimerEvent: {}
[40.232338] (-) TimerEvent: {}
[40.333077] (-) TimerEvent: {}
[40.433654] (-) TimerEvent: {}
[40.534337] (-) TimerEvent: {}
[40.634989] (-) TimerEvent: {}
[40.735697] (-) TimerEvent: {}
[40.836455] (-) TimerEvent: {}
[40.937237] (-) TimerEvent: {}
[41.037940] (-) TimerEvent: {}
[41.138499] (-) TimerEvent: {}
[41.239052] (-) TimerEvent: {}
[41.339611] (-) TimerEvent: {}
[41.440142] (-) TimerEvent: {}
[41.540638] (-) TimerEvent: {}
[41.641376] (-) TimerEvent: {}
[41.741919] (-) TimerEvent: {}
[41.842446] (-) TimerEvent: {}
[41.943079] (-) TimerEvent: {}
[42.043710] (-) TimerEvent: {}
[42.144430] (-) TimerEvent: {}
[42.245058] (-) TimerEvent: {}
[42.345678] (-) TimerEvent: {}
[42.446229] (-) TimerEvent: {}
[42.546808] (-) TimerEvent: {}
[42.647589] (-) TimerEvent: {}
[42.748359] (-) TimerEvent: {}
[42.848935] (-) TimerEvent: {}
[42.949518] (-) TimerEvent: {}
[43.050050] (-) TimerEvent: {}
[43.150604] (-) TimerEvent: {}
[43.251297] (-) TimerEvent: {}
[43.352010] (-) TimerEvent: {}
[43.452736] (-) TimerEvent: {}
[43.553320] (-) TimerEvent: {}
[43.653937] (-) TimerEvent: {}
[43.754547] (-) TimerEvent: {}
[43.855253] (-) TimerEvent: {}
[43.955885] (-) TimerEvent: {}
[44.056428] (-) TimerEvent: {}
[44.156968] (-) TimerEvent: {}
[44.257530] (-) TimerEvent: {}
[44.358053] (-) TimerEvent: {}
[44.458664] (-) TimerEvent: {}
[44.559424] (-) TimerEvent: {}
[44.659986] (-) TimerEvent: {}
[44.760564] (-) TimerEvent: {}
[44.861234] (-) TimerEvent: {}
[44.961796] (-) TimerEvent: {}
[45.062413] (-) TimerEvent: {}
[45.162953] (-) TimerEvent: {}
[45.263523] (-) TimerEvent: {}
[45.364248] (-) TimerEvent: {}
[45.464975] (-) TimerEvent: {}
[45.565557] (-) TimerEvent: {}
[45.666296] (-) TimerEvent: {}
[45.766863] (-) TimerEvent: {}
[45.867395] (-) TimerEvent: {}
[45.967965] (-) TimerEvent: {}
[46.068511] (-) TimerEvent: {}
[46.169086] (-) TimerEvent: {}
[46.269726] (-) TimerEvent: {}
[46.370335] (-) TimerEvent: {}
[46.471003] (-) TimerEvent: {}
[46.571561] (-) TimerEvent: {}
[46.672266] (-) TimerEvent: {}
[46.772904] (-) TimerEvent: {}
[46.873600] (-) TimerEvent: {}
[46.974250] (-) TimerEvent: {}
[47.074995] (-) TimerEvent: {}
[47.175640] (-) TimerEvent: {}
[47.276367] (-) TimerEvent: {}
[47.376992] (-) TimerEvent: {}
[47.477681] (-) TimerEvent: {}
[47.578122] (-) TimerEvent: {}
[47.678726] (-) TimerEvent: {}
[47.779293] (-) TimerEvent: {}
[47.879967] (-) TimerEvent: {}
[47.980636] (-) TimerEvent: {}
[48.081230] (-) TimerEvent: {}
[48.181913] (-) TimerEvent: {}
[48.282545] (-) TimerEvent: {}
[48.382967] (-) TimerEvent: {}
[48.483595] (-) TimerEvent: {}
[48.584219] (-) TimerEvent: {}
[48.684731] (-) TimerEvent: {}
[48.785216] (-) TimerEvent: {}
[48.885951] (-) TimerEvent: {}
[48.986635] (-) TimerEvent: {}
[49.087217] (-) TimerEvent: {}
[49.187793] (-) TimerEvent: {}
[49.288361] (-) TimerEvent: {}
[49.388926] (-) TimerEvent: {}
[49.489534] (-) TimerEvent: {}
[49.590134] (-) TimerEvent: {}
[49.690924] (-) TimerEvent: {}
[49.791701] (-) TimerEvent: {}
[49.892475] (-) TimerEvent: {}
[49.993081] (-) TimerEvent: {}
[50.093682] (-) TimerEvent: {}
[50.194331] (-) TimerEvent: {}
[50.295015] (-) TimerEvent: {}
[50.395764] (-) TimerEvent: {}
[50.496422] (-) TimerEvent: {}
[50.596956] (-) TimerEvent: {}
[50.697448] (-) TimerEvent: {}
[50.798025] (-) TimerEvent: {}
[50.898773] (-) TimerEvent: {}
[50.999490] (-) TimerEvent: {}
[51.100163] (-) TimerEvent: {}
[51.200604] (-) TimerEvent: {}
[51.301245] (-) TimerEvent: {}
[51.401800] (-) TimerEvent: {}
[51.502575] (-) TimerEvent: {}
[51.603274] (-) TimerEvent: {}
[51.704008] (-) TimerEvent: {}
[51.804580] (-) TimerEvent: {}
[51.905265] (-) TimerEvent: {}
[52.005877] (-) TimerEvent: {}
[52.106538] (-) TimerEvent: {}
[52.207355] (-) TimerEvent: {}
[52.308019] (-) TimerEvent: {}
[52.408562] (-) TimerEvent: {}
[52.509122] (-) TimerEvent: {}
[52.609915] (-) TimerEvent: {}
[52.710577] (-) TimerEvent: {}
[52.811140] (-) TimerEvent: {}
[52.911914] (-) TimerEvent: {}
[53.012634] (-) TimerEvent: {}
[53.113309] (-) TimerEvent: {}
[53.213943] (-) TimerEvent: {}
[53.314567] (-) TimerEvent: {}
[53.415050] (-) TimerEvent: {}
[53.515480] (-) TimerEvent: {}
[53.616078] (-) TimerEvent: {}
[53.716906] (-) TimerEvent: {}
[53.817673] (-) TimerEvent: {}
[53.918487] (-) TimerEvent: {}
[54.019139] (-) TimerEvent: {}
[54.119905] (-) TimerEvent: {}
[54.220468] (-) TimerEvent: {}
[54.321229] (-) TimerEvent: {}
[54.421969] (-) TimerEvent: {}
[54.522778] (-) TimerEvent: {}
[54.623491] (-) TimerEvent: {}
[54.724068] (-) TimerEvent: {}
[54.824760] (-) TimerEvent: {}
[54.925351] (-) TimerEvent: {}
[55.025986] (-) TimerEvent: {}
[55.126514] (-) TimerEvent: {}
[55.227076] (-) TimerEvent: {}
[55.327761] (-) TimerEvent: {}
[55.428255] (-) TimerEvent: {}
[55.528999] (-) TimerEvent: {}
[55.629600] (-) TimerEvent: {}
[55.730224] (-) TimerEvent: {}
[55.830938] (-) TimerEvent: {}
[55.931546] (-) TimerEvent: {}
[56.032170] (-) TimerEvent: {}
[56.132702] (-) TimerEvent: {}
[56.233283] (-) TimerEvent: {}
[56.333952] (-) TimerEvent: {}
[56.434679] (-) TimerEvent: {}
[56.535367] (-) TimerEvent: {}
[56.635956] (-) TimerEvent: {}
[56.736570] (-) TimerEvent: {}
[56.837227] (-) TimerEvent: {}
[56.937939] (-) TimerEvent: {}
[57.038515] (-) TimerEvent: {}
[57.139141] (-) TimerEvent: {}
[57.239870] (-) TimerEvent: {}
[57.340526] (-) TimerEvent: {}
[57.441174] (-) TimerEvent: {}
[57.541747] (-) TimerEvent: {}
[57.642469] (-) TimerEvent: {}
[57.743034] (-) TimerEvent: {}
[57.843620] (-) TimerEvent: {}
[57.944233] (-) TimerEvent: {}
[58.044859] (-) TimerEvent: {}
[58.145458] (-) TimerEvent: {}
[58.246186] (-) TimerEvent: {}
[58.346802] (-) TimerEvent: {}
[58.447605] (-) TimerEvent: {}
[58.548274] (-) TimerEvent: {}
[58.649038] (-) TimerEvent: {}
[58.749803] (-) TimerEvent: {}
[58.850446] (-) TimerEvent: {}
[58.951122] (-) TimerEvent: {}
[59.051695] (-) TimerEvent: {}
[59.152360] (-) TimerEvent: {}
[59.253040] (-) TimerEvent: {}
[59.353439] (-) TimerEvent: {}
[59.453991] (-) TimerEvent: {}
[59.554488] (-) TimerEvent: {}
[59.655114] (-) TimerEvent: {}
[59.755798] (-) TimerEvent: {}
[59.856444] (-) TimerEvent: {}
[59.957156] (-) TimerEvent: {}
[60.057560] (-) TimerEvent: {}
[60.157992] (-) TimerEvent: {}
[60.258562] (-) TimerEvent: {}
[60.359198] (-) TimerEvent: {}
[60.459932] (-) TimerEvent: {}
[60.560472] (-) TimerEvent: {}
[60.661136] (-) TimerEvent: {}
[60.761921] (-) TimerEvent: {}
[60.862507] (-) TimerEvent: {}
[60.963193] (-) TimerEvent: {}
[61.063752] (-) TimerEvent: {}
[61.164455] (-) TimerEvent: {}
[61.265016] (-) TimerEvent: {}
[61.365693] (-) TimerEvent: {}
[61.466483] (-) TimerEvent: {}
[61.567032] (-) TimerEvent: {}
[61.667606] (-) TimerEvent: {}
[61.768262] (-) TimerEvent: {}
[61.868942] (-) TimerEvent: {}
[61.969514] (-) TimerEvent: {}
[62.070077] (-) TimerEvent: {}
[62.170663] (-) TimerEvent: {}
[62.271363] (-) TimerEvent: {}
[62.372085] (-) TimerEvent: {}
[62.472757] (-) TimerEvent: {}
[62.573351] (-) TimerEvent: {}
[62.674054] (-) TimerEvent: {}
[62.774757] (-) TimerEvent: {}
[62.875315] (-) TimerEvent: {}
[62.975896] (-) TimerEvent: {}
[63.076502] (-) TimerEvent: {}
[63.177223] (-) TimerEvent: {}
[63.277868] (-) TimerEvent: {}
[63.378469] (-) TimerEvent: {}
[63.479094] (-) TimerEvent: {}
[63.579817] (-) TimerEvent: {}
[63.680560] (-) TimerEvent: {}
[63.781230] (-) TimerEvent: {}
[63.881810] (-) TimerEvent: {}
[63.982305] (-) TimerEvent: {}
[64.082877] (-) TimerEvent: {}
[64.183511] (-) TimerEvent: {}
[64.284038] (-) TimerEvent: {}
[64.384508] (-) TimerEvent: {}
[64.485249] (-) TimerEvent: {}
[64.585853] (-) TimerEvent: {}
[64.686439] (-) TimerEvent: {}
[64.787217] (-) TimerEvent: {}
[64.887974] (-) TimerEvent: {}
[64.988723] (-) TimerEvent: {}
[65.089389] (-) TimerEvent: {}
[65.189984] (-) TimerEvent: {}
[65.290594] (-) TimerEvent: {}
[65.391226] (-) TimerEvent: {}
[65.491820] (-) TimerEvent: {}
[65.592517] (-) TimerEvent: {}
[65.693268] (-) TimerEvent: {}
[65.793819] (-) TimerEvent: {}
[65.894351] (-) TimerEvent: {}
[65.994937] (-) TimerEvent: {}
[66.095535] (-) TimerEvent: {}
[66.196073] (-) TimerEvent: {}
[66.296698] (-) TimerEvent: {}
[66.397305] (-) TimerEvent: {}
[66.497935] (-) TimerEvent: {}
[66.598569] (-) TimerEvent: {}
[66.699229] (-) TimerEvent: {}
[66.799941] (-) TimerEvent: {}
[66.900467] (-) TimerEvent: {}
[67.000956] (-) TimerEvent: {}
[67.101517] (-) TimerEvent: {}
[67.201995] (-) TimerEvent: {}
[67.302538] (-) TimerEvent: {}
[67.403273] (-) TimerEvent: {}
[67.503894] (-) TimerEvent: {}
[67.508730] (micro_ros_agent) StderrLine: {'line': b'HEAD is now at 7362281 Release v2.4.3\n'}
[67.565032] (micro_ros_agent) StdoutLine: {'line': b"[ 18%] \x1b[34m\x1b[1mPerforming update step for 'xrceagent'\x1b[0m\n"}
[67.589568] (micro_ros_agent) StdoutLine: {'line': b"[ 25%] \x1b[34m\x1b[1mNo patch step for 'xrceagent'\x1b[0m\n"}
[67.604006] (-) TimerEvent: {}
[67.607322] (micro_ros_agent) StdoutLine: {'line': b"[ 31%] \x1b[34m\x1b[1mPerforming configure step for 'xrceagent'\x1b[0m\n"}
[67.614189] (micro_ros_agent) StdoutLine: {'line': b'loading initial cache file /home/ali/STM32CubeIDE/microros_ws/build/micro_ros_agent/agent/tmp/xrceagent-cache-.cmake\n'}
[67.660982] (micro_ros_agent) StdoutLine: {'line': b'-- The C compiler identification is GNU 13.3.0\n'}
[67.676803] (micro_ros_agent) StdoutLine: {'line': b'-- Detecting C compiler ABI info\n'}
[67.704198] (-) TimerEvent: {}
[67.755905] (micro_ros_agent) StdoutLine: {'line': b'-- Detecting C compiler ABI info - done\n'}
[67.766091] (micro_ros_agent) StdoutLine: {'line': b'-- Check for working C compiler: /usr/bin/cc - skipped\n'}
[67.766304] (micro_ros_agent) StdoutLine: {'line': b'-- Detecting C compile features\n'}
[67.766494] (micro_ros_agent) StdoutLine: {'line': b'-- Detecting C compile features - done\n'}
[67.804318] (-) TimerEvent: {}
[67.808652] (micro_ros_agent) StdoutLine: {'line': b'-- The CXX compiler identification is GNU 13.3.0\n'}
[67.818983] (micro_ros_agent) StdoutLine: {'line': b'-- Detecting CXX compiler ABI info\n'}
[67.904520] (-) TimerEvent: {}
[67.914487] (micro_ros_agent) StdoutLine: {'line': b'-- Detecting CXX compiler ABI info - done\n'}
[67.924389] (micro_ros_agent) StdoutLine: {'line': b'-- Check for working CXX compiler: /usr/bin/c++ - skipped\n'}
[67.924502] (micro_ros_agent) StdoutLine: {'line': b'-- Detecting CXX compile features\n'}
[67.924779] (micro_ros_agent) StdoutLine: {'line': b'-- Detecting CXX compile features - done\n'}
[67.948807] (micro_ros_agent) StdoutLine: {'line': b'-- Configuring done (0.3s)\n'}
[67.950382] (micro_ros_agent) StdoutLine: {'line': b'-- Generating done (0.0s)\n'}
[67.950556] (micro_ros_agent) StdoutLine: {'line': b'-- Build files have been written to: /home/ali/STM32CubeIDE/microros_ws/build/micro_ros_agent/agent/src/xrceagent-build\n'}
[67.964514] (micro_ros_agent) StdoutLine: {'line': b"[ 37%] \x1b[34m\x1b[1mPerforming build step for 'xrceagent'\x1b[0m\n"}
[67.991004] (micro_ros_agent) StdoutLine: {'line': b"[  6%] \x1b[34m\x1b[1mCreating directories for 'spdlog'\x1b[0m\n"}
[68.004700] (-) TimerEvent: {}
[68.008105] (micro_ros_agent) StdoutLine: {'line': b"[ 12%] \x1b[34m\x1b[1mPerforming download step (git clone) for 'spdlog'\x1b[0m\n"}
[68.025192] (micro_ros_agent) StderrLine: {'line': b"Cloning into 'spdlog'...\n"}
[68.104976] (-) TimerEvent: {}
[68.205565] (-) TimerEvent: {}
[68.306302] (-) TimerEvent: {}
[68.406904] (-) TimerEvent: {}
[68.507615] (-) TimerEvent: {}
[68.608179] (-) TimerEvent: {}
[68.708740] (-) TimerEvent: {}
[68.809363] (-) TimerEvent: {}
[68.910091] (-) TimerEvent: {}
[69.010648] (-) TimerEvent: {}
[69.111288] (-) TimerEvent: {}
[69.211965] (-) TimerEvent: {}
[69.312687] (-) TimerEvent: {}
[69.413162] (-) TimerEvent: {}
[69.513666] (-) TimerEvent: {}
[69.614139] (-) TimerEvent: {}
[69.714671] (-) TimerEvent: {}
[69.815332] (-) TimerEvent: {}
[69.915794] (-) TimerEvent: {}
[70.016569] (-) TimerEvent: {}
[70.117364] (-) TimerEvent: {}
[70.218059] (-) TimerEvent: {}
[70.318780] (-) TimerEvent: {}
[70.419573] (-) TimerEvent: {}
[70.520252] (-) TimerEvent: {}
[70.620983] (-) TimerEvent: {}
[70.721757] (-) TimerEvent: {}
[70.822542] (-) TimerEvent: {}
[70.923195] (-) TimerEvent: {}
[71.023891] (-) TimerEvent: {}
[71.124543] (-) TimerEvent: {}
[71.225303] (-) TimerEvent: {}
[71.326041] (-) TimerEvent: {}
[71.426745] (-) TimerEvent: {}
[71.527385] (-) TimerEvent: {}
[71.628109] (-) TimerEvent: {}
[71.728663] (-) TimerEvent: {}
[71.829279] (-) TimerEvent: {}
[71.929980] (-) TimerEvent: {}
[72.030619] (-) TimerEvent: {}
[72.131056] (-) TimerEvent: {}
[72.231518] (-) TimerEvent: {}
[72.332232] (-) TimerEvent: {}
[72.432712] (-) TimerEvent: {}
[72.533425] (-) TimerEvent: {}
[72.635506] (-) TimerEvent: {}
[72.736047] (-) TimerEvent: {}
[72.836456] (-) TimerEvent: {}
[72.936972] (-) TimerEvent: {}
[73.037464] (-) TimerEvent: {}
[73.138217] (-) TimerEvent: {}
[73.238776] (-) TimerEvent: {}
[73.339227] (-) TimerEvent: {}
[73.439772] (-) TimerEvent: {}
[73.540379] (-) TimerEvent: {}
[73.641016] (-) TimerEvent: {}
[73.741754] (-) TimerEvent: {}
[73.842394] (-) TimerEvent: {}
[73.943115] (-) TimerEvent: {}
[74.043779] (-) TimerEvent: {}
[74.144484] (-) TimerEvent: {}
[74.245009] (-) TimerEvent: {}
[74.345700] (-) TimerEvent: {}
[74.446285] (-) TimerEvent: {}
[74.546968] (-) TimerEvent: {}
[74.647663] (-) TimerEvent: {}
[74.748412] (-) TimerEvent: {}
[74.849100] (-) TimerEvent: {}
[74.949787] (-) TimerEvent: {}
[75.050382] (-) TimerEvent: {}
[75.150973] (-) TimerEvent: {}
[75.251675] (-) TimerEvent: {}
[75.352339] (-) TimerEvent: {}
[75.453093] (-) TimerEvent: {}
[75.553652] (-) TimerEvent: {}
[75.654239] (-) TimerEvent: {}
[75.754892] (-) TimerEvent: {}
[75.855464] (-) TimerEvent: {}
[75.956195] (-) TimerEvent: {}
[76.056759] (-) TimerEvent: {}
[76.157325] (-) TimerEvent: {}
[76.257929] (-) TimerEvent: {}
[76.358447] (-) TimerEvent: {}
[76.459030] (-) TimerEvent: {}
[76.559507] (-) TimerEvent: {}
[76.659929] (-) TimerEvent: {}
[76.760539] (-) TimerEvent: {}
[76.861222] (-) TimerEvent: {}
[76.961789] (-) TimerEvent: {}
[77.062414] (-) TimerEvent: {}
[77.163069] (-) TimerEvent: {}
[77.263628] (-) TimerEvent: {}
[77.364275] (-) TimerEvent: {}
[77.464960] (-) TimerEvent: {}
[77.565426] (-) TimerEvent: {}
[77.666028] (-) TimerEvent: {}
[77.766553] (-) TimerEvent: {}
[77.866965] (-) TimerEvent: {}
[77.967483] (-) TimerEvent: {}
[78.068092] (-) TimerEvent: {}
[78.168786] (-) TimerEvent: {}
[78.269361] (-) TimerEvent: {}
[78.369992] (-) TimerEvent: {}
[78.470695] (-) TimerEvent: {}
[78.571315] (-) TimerEvent: {}
[78.672029] (-) TimerEvent: {}
[78.772733] (-) TimerEvent: {}
[78.873383] (-) TimerEvent: {}
[78.973955] (-) TimerEvent: {}
[79.074556] (-) TimerEvent: {}
[79.175196] (-) TimerEvent: {}
[79.275872] (-) TimerEvent: {}
[79.376640] (-) TimerEvent: {}
[79.477390] (-) TimerEvent: {}
[79.577973] (-) TimerEvent: {}
[79.678626] (-) TimerEvent: {}
[79.779366] (-) TimerEvent: {}
[79.880011] (-) TimerEvent: {}
[79.980532] (-) TimerEvent: {}
[80.081277] (-) TimerEvent: {}
[80.182044] (-) TimerEvent: {}
[80.282762] (-) TimerEvent: {}
[80.383441] (-) TimerEvent: {}
[80.484042] (-) TimerEvent: {}
[80.584525] (-) TimerEvent: {}
[80.685157] (-) TimerEvent: {}
[80.785780] (-) TimerEvent: {}
[80.886513] (-) TimerEvent: {}
[80.986945] (-) TimerEvent: {}
[81.087495] (-) TimerEvent: {}
[81.188163] (-) TimerEvent: {}
[81.288975] (-) TimerEvent: {}
[81.389650] (-) TimerEvent: {}
[81.490682] (-) TimerEvent: {}
[81.591650] (-) TimerEvent: {}
[81.692434] (-) TimerEvent: {}
[81.793055] (-) TimerEvent: {}
[81.893639] (-) TimerEvent: {}
[81.994393] (-) TimerEvent: {}
[82.095019] (-) TimerEvent: {}
[82.195519] (-) TimerEvent: {}
[82.296093] (-) TimerEvent: {}
[82.396857] (-) TimerEvent: {}
[82.497554] (-) TimerEvent: {}
[82.598071] (-) TimerEvent: {}
[82.698699] (-) TimerEvent: {}
[82.799545] (-) TimerEvent: {}
[82.900315] (-) TimerEvent: {}
[83.000891] (-) TimerEvent: {}
[83.101437] (-) TimerEvent: {}
[83.202014] (-) TimerEvent: {}
[83.302719] (-) TimerEvent: {}
[83.403325] (-) TimerEvent: {}
[83.503970] (-) TimerEvent: {}
[83.604630] (-) TimerEvent: {}
[83.705406] (-) TimerEvent: {}
[83.805970] (-) TimerEvent: {}
[83.906547] (-) TimerEvent: {}
[84.007102] (-) TimerEvent: {}
[84.107659] (-) TimerEvent: {}
[84.208241] (-) TimerEvent: {}
[84.309014] (-) TimerEvent: {}
[84.409628] (-) TimerEvent: {}
[84.510205] (-) TimerEvent: {}
[84.610761] (-) TimerEvent: {}
[84.711455] (-) TimerEvent: {}
[84.812297] (-) TimerEvent: {}
[84.913006] (-) TimerEvent: {}
[85.013469] (-) TimerEvent: {}
[85.114111] (-) TimerEvent: {}
[85.214747] (-) TimerEvent: {}
[85.315319] (-) TimerEvent: {}
[85.415930] (-) TimerEvent: {}
[85.516475] (-) TimerEvent: {}
[85.617092] (-) TimerEvent: {}
[85.717775] (-) TimerEvent: {}
[85.818471] (-) TimerEvent: {}
[85.919011] (-) TimerEvent: {}
[86.019628] (-) TimerEvent: {}
[86.120629] (-) TimerEvent: {}
[86.221414] (-) TimerEvent: {}
[86.322167] (-) TimerEvent: {}
[86.422778] (-) TimerEvent: {}
[86.523503] (-) TimerEvent: {}
[86.624226] (-) TimerEvent: {}
[86.724628] (-) TimerEvent: {}
[86.825317] (-) TimerEvent: {}
[86.925978] (-) TimerEvent: {}
[87.026701] (-) TimerEvent: {}
[87.127250] (-) TimerEvent: {}
[87.227902] (-) TimerEvent: {}
[87.328611] (-) TimerEvent: {}
[87.429235] (-) TimerEvent: {}
[87.529911] (-) TimerEvent: {}
[87.630517] (-) TimerEvent: {}
[87.731113] (-) TimerEvent: {}
[87.831610] (-) TimerEvent: {}
[87.932194] (-) TimerEvent: {}
[88.032714] (-) TimerEvent: {}
[88.133089] (-) TimerEvent: {}
[88.233625] (-) TimerEvent: {}
[88.334303] (-) TimerEvent: {}
[88.435063] (-) TimerEvent: {}
[88.535870] (-) TimerEvent: {}
[88.636600] (-) TimerEvent: {}
[88.737287] (-) TimerEvent: {}
[88.837937] (-) TimerEvent: {}
[88.938586] (-) TimerEvent: {}
[89.039336] (-) TimerEvent: {}
[89.139944] (-) TimerEvent: {}
[89.240567] (-) TimerEvent: {}
[89.341334] (-) TimerEvent: {}
[89.441959] (-) TimerEvent: {}
[89.542558] (-) TimerEvent: {}
[89.643197] (-) TimerEvent: {}
[89.743816] (-) TimerEvent: {}
[89.844484] (-) TimerEvent: {}
[89.945148] (-) TimerEvent: {}
[90.045550] (-) TimerEvent: {}
[90.146078] (-) TimerEvent: {}
[90.246666] (-) TimerEvent: {}
[90.347279] (-) TimerEvent: {}
[90.447733] (-) TimerEvent: {}
[90.548337] (-) TimerEvent: {}
[90.649096] (-) TimerEvent: {}
[90.749798] (-) TimerEvent: {}
[90.850575] (-) TimerEvent: {}
[90.951337] (-) TimerEvent: {}
[91.051940] (-) TimerEvent: {}
[91.152410] (-) TimerEvent: {}
[91.253073] (-) TimerEvent: {}
[91.353710] (-) TimerEvent: {}
[91.454496] (-) TimerEvent: {}
[91.555233] (-) TimerEvent: {}
[91.656006] (-) TimerEvent: {}
[91.756689] (-) TimerEvent: {}
[91.857489] (-) TimerEvent: {}
[91.958140] (-) TimerEvent: {}
[92.058729] (-) TimerEvent: {}
[92.159405] (-) TimerEvent: {}
[92.259948] (-) TimerEvent: {}
[92.360607] (-) TimerEvent: {}
[92.461235] (-) TimerEvent: {}
[92.561936] (-) TimerEvent: {}
[92.662523] (-) TimerEvent: {}
[92.763072] (-) TimerEvent: {}
[92.863590] (-) TimerEvent: {}
[92.964208] (-) TimerEvent: {}
[93.064918] (-) TimerEvent: {}
[93.165475] (-) TimerEvent: {}
[93.266193] (-) TimerEvent: {}
[93.366732] (-) TimerEvent: {}
[93.467359] (-) TimerEvent: {}
[93.568042] (-) TimerEvent: {}
[93.668667] (-) TimerEvent: {}
[93.769455] (-) TimerEvent: {}
[93.870108] (-) TimerEvent: {}
[93.970796] (-) TimerEvent: {}
[94.071410] (-) TimerEvent: {}
[94.172133] (-) TimerEvent: {}
[94.272871] (-) TimerEvent: {}
[94.373532] (-) TimerEvent: {}
[94.474308] (-) TimerEvent: {}
[94.575095] (-) TimerEvent: {}
[94.675557] (-) TimerEvent: {}
[94.776232] (-) TimerEvent: {}
[94.876895] (-) TimerEvent: {}
[94.977581] (-) TimerEvent: {}
[95.078247] (-) TimerEvent: {}
[95.179037] (-) TimerEvent: {}
[95.279729] (-) TimerEvent: {}
[95.380492] (-) TimerEvent: {}
[95.481221] (-) TimerEvent: {}
[95.581658] (-) TimerEvent: {}
[95.682418] (-) TimerEvent: {}
[95.782926] (-) TimerEvent: {}
[95.883358] (-) TimerEvent: {}
[95.984031] (-) TimerEvent: {}
[96.084765] (-) TimerEvent: {}
[96.185389] (-) TimerEvent: {}
[96.286162] (-) TimerEvent: {}
[96.386955] (-) TimerEvent: {}
[96.487567] (-) TimerEvent: {}
[96.588317] (-) TimerEvent: {}
[96.688680] (-) TimerEvent: {}
[96.789217] (-) TimerEvent: {}
[96.889794] (-) TimerEvent: {}
[96.990454] (-) TimerEvent: {}
[97.091040] (-) TimerEvent: {}
[97.191743] (-) TimerEvent: {}
[97.292435] (-) TimerEvent: {}
[97.392980] (-) TimerEvent: {}
[97.493563] (-) TimerEvent: {}
[97.594232] (-) TimerEvent: {}
[97.695042] (-) TimerEvent: {}
[97.795757] (-) TimerEvent: {}
[97.896425] (-) TimerEvent: {}
[97.997045] (-) TimerEvent: {}
[98.097808] (-) TimerEvent: {}
[98.198647] (-) TimerEvent: {}
[98.299513] (-) TimerEvent: {}
[98.400267] (-) TimerEvent: {}
[98.500887] (-) TimerEvent: {}
[98.601437] (-) TimerEvent: {}
[98.702038] (-) TimerEvent: {}
[98.802740] (-) TimerEvent: {}
[98.903360] (-) TimerEvent: {}
[99.003974] (-) TimerEvent: {}
[99.104666] (-) TimerEvent: {}
[99.205483] (-) TimerEvent: {}
[99.306091] (-) TimerEvent: {}
[99.406603] (-) TimerEvent: {}
[99.507235] (-) TimerEvent: {}
[99.607925] (-) TimerEvent: {}
[99.708731] (-) TimerEvent: {}
[99.809514] (-) TimerEvent: {}
[99.910214] (-) TimerEvent: {}
[100.010979] (-) TimerEvent: {}
[100.111662] (-) TimerEvent: {}
[100.212452] (-) TimerEvent: {}
[100.312989] (-) TimerEvent: {}
[100.413531] (-) TimerEvent: {}
[100.514114] (-) TimerEvent: {}
[100.614756] (-) TimerEvent: {}
[100.715338] (-) TimerEvent: {}
[100.816088] (-) TimerEvent: {}
[100.916881] (-) TimerEvent: {}
[101.017622] (-) TimerEvent: {}
[101.118263] (-) TimerEvent: {}
[101.218978] (-) TimerEvent: {}
[101.319731] (-) TimerEvent: {}
[101.420436] (-) TimerEvent: {}
[101.521037] (-) TimerEvent: {}
[101.621861] (-) TimerEvent: {}
[101.722627] (-) TimerEvent: {}
[101.823312] (-) TimerEvent: {}
[101.923894] (-) TimerEvent: {}
[102.024518] (-) TimerEvent: {}
[102.125115] (-) TimerEvent: {}
[102.225939] (-) TimerEvent: {}
[102.326674] (-) TimerEvent: {}
[102.427248] (-) TimerEvent: {}
[102.527865] (-) TimerEvent: {}
[102.628556] (-) TimerEvent: {}
[102.729081] (-) TimerEvent: {}
[102.829637] (-) TimerEvent: {}
[102.930256] (-) TimerEvent: {}
[103.030668] (-) TimerEvent: {}
[103.131300] (-) TimerEvent: {}
[103.232110] (-) TimerEvent: {}
[103.332812] (-) TimerEvent: {}
[103.433493] (-) TimerEvent: {}
[103.534272] (-) TimerEvent: {}
[103.634878] (-) TimerEvent: {}
[103.735475] (-) TimerEvent: {}
[103.836052] (-) TimerEvent: {}
[103.936605] (-) TimerEvent: {}
[104.037420] (-) TimerEvent: {}
[104.138092] (-) TimerEvent: {}
[104.238725] (-) TimerEvent: {}
[104.339471] (-) TimerEvent: {}
[104.440069] (-) TimerEvent: {}
[104.540638] (-) TimerEvent: {}
[104.641252] (-) TimerEvent: {}
[104.741898] (-) TimerEvent: {}
[104.842353] (-) TimerEvent: {}
[104.942950] (-) TimerEvent: {}
[105.043487] (-) TimerEvent: {}
[105.144123] (-) TimerEvent: {}
[105.244876] (-) TimerEvent: {}
[105.345571] (-) TimerEvent: {}
[105.446394] (-) TimerEvent: {}
[105.547077] (-) TimerEvent: {}
[105.647667] (-) TimerEvent: {}
[105.748316] (-) TimerEvent: {}
[105.849066] (-) TimerEvent: {}
[105.949621] (-) TimerEvent: {}
[106.050291] (-) TimerEvent: {}
[106.151001] (-) TimerEvent: {}
[106.251772] (-) TimerEvent: {}
[106.352621] (-) TimerEvent: {}
[106.453408] (-) TimerEvent: {}
[106.554125] (-) TimerEvent: {}
[106.654884] (-) TimerEvent: {}
[106.755678] (-) TimerEvent: {}
[106.856457] (-) TimerEvent: {}
[106.957102] (-) TimerEvent: {}
[107.057896] (-) TimerEvent: {}
[107.158511] (-) TimerEvent: {}
[107.259087] (-) TimerEvent: {}
[107.359876] (-) TimerEvent: {}
[107.460446] (-) TimerEvent: {}
[107.561027] (-) TimerEvent: {}
[107.661610] (-) TimerEvent: {}
[107.762177] (-) TimerEvent: {}
[107.862903] (-) TimerEvent: {}
[107.963436] (-) TimerEvent: {}
[108.063969] (-) TimerEvent: {}
[108.164556] (-) TimerEvent: {}
[108.265281] (-) TimerEvent: {}
[108.365966] (-) TimerEvent: {}
[108.466411] (-) TimerEvent: {}
[108.566943] (-) TimerEvent: {}
[108.667508] (-) TimerEvent: {}
[108.768138] (-) TimerEvent: {}
[108.868742] (-) TimerEvent: {}
[108.969307] (-) TimerEvent: {}
[109.069940] (-) TimerEvent: {}
[109.170573] (-) TimerEvent: {}
[109.271274] (-) TimerEvent: {}
[109.371923] (-) TimerEvent: {}
[109.472480] (-) TimerEvent: {}
[109.573109] (-) TimerEvent: {}
[109.673887] (-) TimerEvent: {}
[109.774652] (-) TimerEvent: {}
[109.875589] (-) TimerEvent: {}
[109.976207] (-) TimerEvent: {}
[110.076792] (-) TimerEvent: {}
[110.177378] (-) TimerEvent: {}
[110.277945] (-) TimerEvent: {}
[110.378558] (-) TimerEvent: {}
[110.479269] (-) TimerEvent: {}
[110.579938] (-) TimerEvent: {}
[110.680559] (-) TimerEvent: {}
[110.781357] (-) TimerEvent: {}
[110.882039] (-) TimerEvent: {}
[110.982592] (-) TimerEvent: {}
[111.083388] (-) TimerEvent: {}
[111.183972] (-) TimerEvent: {}
[111.284566] (-) TimerEvent: {}
[111.385272] (-) TimerEvent: {}
[111.485875] (-) TimerEvent: {}
[111.586456] (-) TimerEvent: {}
[111.687042] (-) TimerEvent: {}
[111.787716] (-) TimerEvent: {}
[111.888335] (-) TimerEvent: {}
[111.989103] (-) TimerEvent: {}
[112.089867] (-) TimerEvent: {}
[112.190496] (-) TimerEvent: {}
[112.291238] (-) TimerEvent: {}
[112.391875] (-) TimerEvent: {}
[112.492518] (-) TimerEvent: {}
[112.593305] (-) TimerEvent: {}
[112.693941] (-) TimerEvent: {}
[112.794631] (-) TimerEvent: {}
[112.895365] (-) TimerEvent: {}
[112.996118] (-) TimerEvent: {}
[113.096713] (-) TimerEvent: {}
[113.197332] (-) TimerEvent: {}
[113.298073] (-) TimerEvent: {}
[113.398587] (-) TimerEvent: {}
[113.499306] (-) TimerEvent: {}
[113.600123] (-) TimerEvent: {}
[113.700667] (-) TimerEvent: {}
[113.801234] (-) TimerEvent: {}
[113.901890] (-) TimerEvent: {}
[114.002599] (-) TimerEvent: {}
[114.103257] (-) TimerEvent: {}
[114.204003] (-) TimerEvent: {}
[114.304522] (-) TimerEvent: {}
[114.405116] (-) TimerEvent: {}
[114.505788] (-) TimerEvent: {}
[114.606451] (-) TimerEvent: {}
[114.707065] (-) TimerEvent: {}
[114.807817] (-) TimerEvent: {}
[114.908494] (-) TimerEvent: {}
[115.009023] (-) TimerEvent: {}
[115.109410] (-) TimerEvent: {}
[115.209923] (-) TimerEvent: {}
[115.310525] (-) TimerEvent: {}
[115.411416] (-) TimerEvent: {}
[115.512093] (-) TimerEvent: {}
[115.612872] (-) TimerEvent: {}
[115.713660] (-) TimerEvent: {}
[115.814479] (-) TimerEvent: {}
[115.915058] (-) TimerEvent: {}
[116.015649] (-) TimerEvent: {}
[116.116416] (-) TimerEvent: {}
[116.216981] (-) TimerEvent: {}
[116.317567] (-) TimerEvent: {}
[116.418222] (-) TimerEvent: {}
[116.518973] (-) TimerEvent: {}
[116.619645] (-) TimerEvent: {}
[116.720298] (-) TimerEvent: {}
[116.821054] (-) TimerEvent: {}
[116.921742] (-) TimerEvent: {}
[117.022515] (-) TimerEvent: {}
[117.123320] (-) TimerEvent: {}
[117.223907] (-) TimerEvent: {}
[117.324462] (-) TimerEvent: {}
[117.425052] (-) TimerEvent: {}
[117.525598] (-) TimerEvent: {}
[117.626186] (-) TimerEvent: {}
[117.726720] (-) TimerEvent: {}
[117.827316] (-) TimerEvent: {}
[117.927961] (-) TimerEvent: {}
[118.028550] (-) TimerEvent: {}
[118.129142] (-) TimerEvent: {}
[118.229912] (-) TimerEvent: {}
[118.330468] (-) TimerEvent: {}
[118.431026] (-) TimerEvent: {}
[118.531598] (-) TimerEvent: {}
[118.632364] (-) TimerEvent: {}
[118.733020] (-) TimerEvent: {}
[118.833608] (-) TimerEvent: {}
[118.934366] (-) TimerEvent: {}
[119.035042] (-) TimerEvent: {}
[119.135565] (-) TimerEvent: {}
[119.236160] (-) TimerEvent: {}
[119.336923] (-) TimerEvent: {}
[119.437654] (-) TimerEvent: {}
[119.538397] (-) TimerEvent: {}
[119.638960] (-) TimerEvent: {}
[119.739497] (-) TimerEvent: {}
[119.840066] (-) TimerEvent: {}
[119.940584] (-) TimerEvent: {}
[120.041066] (-) TimerEvent: {}
[120.141512] (-) TimerEvent: {}
[120.242055] (-) TimerEvent: {}
[120.342584] (-) TimerEvent: {}
[120.443152] (-) TimerEvent: {}
[120.543746] (-) TimerEvent: {}
[120.644412] (-) TimerEvent: {}
[120.744972] (-) TimerEvent: {}
[120.845573] (-) TimerEvent: {}
[120.946267] (-) TimerEvent: {}
[121.046925] (-) TimerEvent: {}
[121.147436] (-) TimerEvent: {}
[121.247941] (-) TimerEvent: {}
[121.348319] (-) TimerEvent: {}
[121.448818] (-) TimerEvent: {}
[121.549560] (-) TimerEvent: {}
[121.650265] (-) TimerEvent: {}
[121.750976] (-) TimerEvent: {}
[121.851521] (-) TimerEvent: {}
[121.952052] (-) TimerEvent: {}
[122.052630] (-) TimerEvent: {}
[122.153360] (-) TimerEvent: {}
[122.254098] (-) TimerEvent: {}
[122.354746] (-) TimerEvent: {}
[122.455205] (-) TimerEvent: {}
[122.555782] (-) TimerEvent: {}
[122.656603] (-) TimerEvent: {}
[122.757214] (-) TimerEvent: {}
[122.857750] (-) TimerEvent: {}
[122.958317] (-) TimerEvent: {}
[123.058892] (-) TimerEvent: {}
[123.159495] (-) TimerEvent: {}
[123.260159] (-) TimerEvent: {}
[123.360966] (-) TimerEvent: {}
[123.461708] (-) TimerEvent: {}
[123.562475] (-) TimerEvent: {}
[123.662935] (-) TimerEvent: {}
[123.763412] (-) TimerEvent: {}
[123.864151] (-) TimerEvent: {}
[123.964741] (-) TimerEvent: {}
[124.065350] (-) TimerEvent: {}
[124.166021] (-) TimerEvent: {}
[124.266689] (-) TimerEvent: {}
[124.367359] (-) TimerEvent: {}
[124.467987] (-) TimerEvent: {}
[124.568720] (-) TimerEvent: {}
[124.669395] (-) TimerEvent: {}
[124.770075] (-) TimerEvent: {}
[124.870688] (-) TimerEvent: {}
[124.971418] (-) TimerEvent: {}
[125.071970] (-) TimerEvent: {}
[125.172574] (-) TimerEvent: {}
[125.273360] (-) TimerEvent: {}
[125.374134] (-) TimerEvent: {}
[125.474971] (-) TimerEvent: {}
[125.575555] (-) TimerEvent: {}
[125.676137] (-) TimerEvent: {}
[125.776584] (-) TimerEvent: {}
[125.877151] (-) TimerEvent: {}
[125.977931] (-) TimerEvent: {}
[126.078478] (-) TimerEvent: {}
[126.179004] (-) TimerEvent: {}
[126.279554] (-) TimerEvent: {}
[126.380140] (-) TimerEvent: {}
[126.480868] (-) TimerEvent: {}
[126.581517] (-) TimerEvent: {}
[126.682149] (-) TimerEvent: {}
[126.782872] (-) TimerEvent: {}
[126.883415] (-) TimerEvent: {}
[126.983948] (-) TimerEvent: {}
[127.084558] (-) TimerEvent: {}
[127.185326] (-) TimerEvent: {}
[127.286081] (-) TimerEvent: {}
[127.386878] (-) TimerEvent: {}
[127.487474] (-) TimerEvent: {}
[127.588093] (-) TimerEvent: {}
[127.688656] (-) TimerEvent: {}
[127.789271] (-) TimerEvent: {}
[127.889699] (-) TimerEvent: {}
[127.990147] (-) TimerEvent: {}
[128.090594] (-) TimerEvent: {}
[128.191358] (-) TimerEvent: {}
[128.291985] (-) TimerEvent: {}
[128.392699] (-) TimerEvent: {}
[128.493344] (-) TimerEvent: {}
[128.593933] (-) TimerEvent: {}
[128.694512] (-) TimerEvent: {}
[128.795081] (-) TimerEvent: {}
[128.895690] (-) TimerEvent: {}
[128.996376] (-) TimerEvent: {}
[129.096960] (-) TimerEvent: {}
[129.197419] (-) TimerEvent: {}
[129.298065] (-) TimerEvent: {}
[129.398718] (-) TimerEvent: {}
[129.499418] (-) TimerEvent: {}
[129.600103] (-) TimerEvent: {}
[129.700885] (-) TimerEvent: {}
[129.801610] (-) TimerEvent: {}
[129.902368] (-) TimerEvent: {}
[130.003119] (-) TimerEvent: {}
[130.103913] (-) TimerEvent: {}
[130.204492] (-) TimerEvent: {}
[130.305028] (-) TimerEvent: {}
[130.405632] (-) TimerEvent: {}
[130.506142] (-) TimerEvent: {}
[130.606632] (-) TimerEvent: {}
[130.707204] (-) TimerEvent: {}
[130.807936] (-) TimerEvent: {}
[130.908524] (-) TimerEvent: {}
[131.009078] (-) TimerEvent: {}
[131.109744] (-) TimerEvent: {}
[131.210514] (-) TimerEvent: {}
[131.311239] (-) TimerEvent: {}
[131.411978] (-) TimerEvent: {}
[131.512559] (-) TimerEvent: {}
[131.613180] (-) TimerEvent: {}
[131.713851] (-) TimerEvent: {}
[131.814490] (-) TimerEvent: {}
[131.915082] (-) TimerEvent: {}
[132.015736] (-) TimerEvent: {}
[132.116340] (-) TimerEvent: {}
[132.216974] (-) TimerEvent: {}
[132.317452] (-) TimerEvent: {}
[132.418163] (-) TimerEvent: {}
[132.518607] (-) TimerEvent: {}
[132.619170] (-) TimerEvent: {}
[132.719591] (-) TimerEvent: {}
[132.820119] (-) TimerEvent: {}
[132.920590] (-) TimerEvent: {}
[133.021112] (-) TimerEvent: {}
[133.121717] (-) TimerEvent: {}
[133.222455] (-) TimerEvent: {}
[133.323095] (-) TimerEvent: {}
[133.423773] (-) TimerEvent: {}
[133.524437] (-) TimerEvent: {}
[133.625241] (-) TimerEvent: {}
[133.725891] (-) TimerEvent: {}
[133.826538] (-) TimerEvent: {}
[133.927255] (-) TimerEvent: {}
[134.027745] (-) TimerEvent: {}
[134.128330] (-) TimerEvent: {}
[134.228871] (-) TimerEvent: {}
[134.329466] (-) TimerEvent: {}
[134.430208] (-) TimerEvent: {}
[134.530908] (-) TimerEvent: {}
[134.631725] (-) TimerEvent: {}
[134.732420] (-) TimerEvent: {}
[134.833212] (-) TimerEvent: {}
[134.933969] (-) TimerEvent: {}
[135.034623] (-) TimerEvent: {}
[135.135254] (-) TimerEvent: {}
[135.235775] (-) TimerEvent: {}
[135.336433] (-) TimerEvent: {}
[135.437256] (-) TimerEvent: {}
[135.538085] (-) TimerEvent: {}
[135.638735] (-) TimerEvent: {}
[135.739360] (-) TimerEvent: {}
[135.840023] (-) TimerEvent: {}
[135.940769] (-) TimerEvent: {}
[136.041433] (-) TimerEvent: {}
[136.142008] (-) TimerEvent: {}
[136.242645] (-) TimerEvent: {}
[136.343373] (-) TimerEvent: {}
[136.443993] (-) TimerEvent: {}
[136.544522] (-) TimerEvent: {}
[136.645045] (-) TimerEvent: {}
[136.745600] (-) TimerEvent: {}
[136.846203] (-) TimerEvent: {}
[136.946778] (-) TimerEvent: {}
[137.047370] (-) TimerEvent: {}
[137.147777] (-) TimerEvent: {}
[137.248308] (-) TimerEvent: {}
[137.348968] (-) TimerEvent: {}
[137.449534] (-) TimerEvent: {}
[137.550307] (-) TimerEvent: {}
[137.650966] (-) TimerEvent: {}
[137.751521] (-) TimerEvent: {}
[137.851964] (-) TimerEvent: {}
[137.952630] (-) TimerEvent: {}
[138.053298] (-) TimerEvent: {}
[138.153995] (-) TimerEvent: {}
[138.254645] (-) TimerEvent: {}
[138.355420] (-) TimerEvent: {}
[138.456082] (-) TimerEvent: {}
[138.556685] (-) TimerEvent: {}
[138.657388] (-) TimerEvent: {}
[138.758068] (-) TimerEvent: {}
[138.858675] (-) TimerEvent: {}
[138.959379] (-) TimerEvent: {}
[139.060081] (-) TimerEvent: {}
[139.160639] (-) TimerEvent: {}
[139.261219] (-) TimerEvent: {}
[139.361780] (-) TimerEvent: {}
[139.462444] (-) TimerEvent: {}
[139.563251] (-) TimerEvent: {}
[139.663955] (-) TimerEvent: {}
[139.764497] (-) TimerEvent: {}
[139.865051] (-) TimerEvent: {}
[139.965578] (-) TimerEvent: {}
[140.066168] (-) TimerEvent: {}
[140.166736] (-) TimerEvent: {}
[140.267345] (-) TimerEvent: {}
[140.368042] (-) TimerEvent: {}
[140.468600] (-) TimerEvent: {}
[140.569224] (-) TimerEvent: {}
[140.669801] (-) TimerEvent: {}
[140.770454] (-) TimerEvent: {}
[140.870994] (-) TimerEvent: {}
[140.971594] (-) TimerEvent: {}
[141.072271] (-) TimerEvent: {}
[141.172965] (-) TimerEvent: {}
[141.273710] (-) TimerEvent: {}
[141.374409] (-) TimerEvent: {}
[141.474984] (-) TimerEvent: {}
[141.575571] (-) TimerEvent: {}
[141.676263] (-) TimerEvent: {}
[141.777022] (-) TimerEvent: {}
[141.877863] (-) TimerEvent: {}
[141.978468] (-) TimerEvent: {}
[142.079040] (-) TimerEvent: {}
[142.179899] (-) TimerEvent: {}
[142.280705] (-) TimerEvent: {}
[142.381302] (-) TimerEvent: {}
[142.481797] (-) TimerEvent: {}
[142.582385] (-) TimerEvent: {}
[142.683115] (-) TimerEvent: {}
[142.783753] (-) TimerEvent: {}
[142.884341] (-) TimerEvent: {}
[142.984817] (-) TimerEvent: {}
[143.085282] (-) TimerEvent: {}
[143.185914] (-) TimerEvent: {}
[143.286506] (-) TimerEvent: {}
[143.387037] (-) TimerEvent: {}
[143.487624] (-) TimerEvent: {}
[143.588344] (-) TimerEvent: {}
[143.689103] (-) TimerEvent: {}
[143.789755] (-) TimerEvent: {}
[143.890404] (-) TimerEvent: {}
[143.990997] (-) TimerEvent: {}
[144.091658] (-) TimerEvent: {}
[144.192310] (-) TimerEvent: {}
[144.292958] (-) TimerEvent: {}
[144.393606] (-) TimerEvent: {}
[144.494215] (-) TimerEvent: {}
[144.594676] (-) TimerEvent: {}
[144.695321] (-) TimerEvent: {}
[144.796019] (-) TimerEvent: {}
[144.896718] (-) TimerEvent: {}
[144.997363] (-) TimerEvent: {}
[145.097937] (-) TimerEvent: {}
[145.198519] (-) TimerEvent: {}
[145.299092] (-) TimerEvent: {}
[145.399646] (-) TimerEvent: {}
[145.500380] (-) TimerEvent: {}
[145.600829] (-) TimerEvent: {}
[145.701296] (-) TimerEvent: {}
[145.801930] (-) TimerEvent: {}
[145.902504] (-) TimerEvent: {}
[146.003166] (-) TimerEvent: {}
[146.103736] (-) TimerEvent: {}
[146.204301] (-) TimerEvent: {}
[146.304851] (-) TimerEvent: {}
[146.405429] (-) TimerEvent: {}
[146.506100] (-) TimerEvent: {}
[146.606792] (-) TimerEvent: {}
[146.707506] (-) TimerEvent: {}
[146.808056] (-) TimerEvent: {}
[146.908637] (-) TimerEvent: {}
[147.009137] (-) TimerEvent: {}
[147.109694] (-) TimerEvent: {}
[147.210308] (-) TimerEvent: {}
[147.310934] (-) TimerEvent: {}
[147.411545] (-) TimerEvent: {}
[147.512185] (-) TimerEvent: {}
[147.612733] (-) TimerEvent: {}
[147.713375] (-) TimerEvent: {}
[147.814228] (-) TimerEvent: {}
[147.914856] (-) TimerEvent: {}
[148.015526] (-) TimerEvent: {}
[148.116144] (-) TimerEvent: {}
[148.216881] (-) TimerEvent: {}
[148.317485] (-) TimerEvent: {}
[148.418221] (-) TimerEvent: {}
[148.518806] (-) TimerEvent: {}
[148.619545] (-) TimerEvent: {}
[148.720289] (-) TimerEvent: {}
[148.821024] (-) TimerEvent: {}
[148.921804] (-) TimerEvent: {}
[149.022627] (-) TimerEvent: {}
[149.123445] (-) TimerEvent: {}
[149.224094] (-) TimerEvent: {}
[149.324740] (-) TimerEvent: {}
[149.425419] (-) TimerEvent: {}
[149.526048] (-) TimerEvent: {}
[149.626513] (-) TimerEvent: {}
[149.727064] (-) TimerEvent: {}
[149.827606] (-) TimerEvent: {}
[149.928187] (-) TimerEvent: {}
[150.028747] (-) TimerEvent: {}
[150.129449] (-) TimerEvent: {}
[150.230061] (-) TimerEvent: {}
[150.330625] (-) TimerEvent: {}
[150.431357] (-) TimerEvent: {}
[150.532067] (-) TimerEvent: {}
[150.632673] (-) TimerEvent: {}
[150.733351] (-) TimerEvent: {}
[150.834034] (-) TimerEvent: {}
[150.934589] (-) TimerEvent: {}
[151.035154] (-) TimerEvent: {}
[151.135690] (-) TimerEvent: {}
[151.236168] (-) TimerEvent: {}
[151.336943] (-) TimerEvent: {}
[151.437542] (-) TimerEvent: {}
[151.538247] (-) TimerEvent: {}
[151.639066] (-) TimerEvent: {}
[151.739756] (-) TimerEvent: {}
[151.840329] (-) TimerEvent: {}
[151.940961] (-) TimerEvent: {}
[152.041653] (-) TimerEvent: {}
[152.142380] (-) TimerEvent: {}
[152.243112] (-) TimerEvent: {}
[152.343887] (-) TimerEvent: {}
[152.444434] (-) TimerEvent: {}
[152.545019] (-) TimerEvent: {}
[152.645618] (-) TimerEvent: {}
[152.746162] (-) TimerEvent: {}
[152.846755] (-) TimerEvent: {}
[152.947485] (-) TimerEvent: {}
[153.048089] (-) TimerEvent: {}
[153.148793] (-) TimerEvent: {}
[153.249466] (-) TimerEvent: {}
[153.350092] (-) TimerEvent: {}
[153.450788] (-) TimerEvent: {}
[153.551597] (-) TimerEvent: {}
[153.652386] (-) TimerEvent: {}
[153.753153] (-) TimerEvent: {}
[153.853931] (-) TimerEvent: {}
[153.954482] (-) TimerEvent: {}
[154.055030] (-) TimerEvent: {}
[154.155595] (-) TimerEvent: {}
[154.256377] (-) TimerEvent: {}
[154.356950] (-) TimerEvent: {}
[154.457545] (-) TimerEvent: {}
[154.558091] (-) TimerEvent: {}
[154.658597] (-) TimerEvent: {}
[154.759050] (-) TimerEvent: {}
[154.859573] (-) TimerEvent: {}
[154.960086] (-) TimerEvent: {}
[155.060643] (-) TimerEvent: {}
[155.161325] (-) TimerEvent: {}
[155.261918] (-) TimerEvent: {}
[155.362499] (-) TimerEvent: {}
[155.463262] (-) TimerEvent: {}
[155.563799] (-) TimerEvent: {}
[155.664452] (-) TimerEvent: {}
[155.765053] (-) TimerEvent: {}
[155.865639] (-) TimerEvent: {}
[155.966360] (-) TimerEvent: {}
[156.067069] (-) TimerEvent: {}
[156.167813] (-) TimerEvent: {}
[156.268492] (-) TimerEvent: {}
[156.369056] (-) TimerEvent: {}
[156.469480] (-) TimerEvent: {}
[156.570121] (-) TimerEvent: {}
[156.670924] (-) TimerEvent: {}
[156.771658] (-) TimerEvent: {}
[156.872386] (-) TimerEvent: {}
[156.972962] (-) TimerEvent: {}
[157.073534] (-) TimerEvent: {}
[157.174026] (-) TimerEvent: {}
[157.274626] (-) TimerEvent: {}
[157.375236] (-) TimerEvent: {}
[157.475937] (-) TimerEvent: {}
[157.576601] (-) TimerEvent: {}
[157.677401] (-) TimerEvent: {}
[157.778195] (-) TimerEvent: {}
[157.878861] (-) TimerEvent: {}
[157.979320] (-) TimerEvent: {}
[158.080027] (-) TimerEvent: {}
[158.180628] (-) TimerEvent: {}
[158.281341] (-) TimerEvent: {}
[158.381942] (-) TimerEvent: {}
[158.482420] (-) TimerEvent: {}
[158.582988] (-) TimerEvent: {}
[158.683716] (-) TimerEvent: {}
[158.784473] (-) TimerEvent: {}
[158.885110] (-) TimerEvent: {}
[158.985935] (-) TimerEvent: {}
[159.086390] (-) TimerEvent: {}
[159.186984] (-) TimerEvent: {}
[159.287587] (-) TimerEvent: {}
[159.388126] (-) TimerEvent: {}
[159.488747] (-) TimerEvent: {}
[159.589495] (-) TimerEvent: {}
[159.690052] (-) TimerEvent: {}
[159.790610] (-) TimerEvent: {}
[159.891110] (-) TimerEvent: {}
[159.991753] (-) TimerEvent: {}
[160.092530] (-) TimerEvent: {}
[160.193149] (-) TimerEvent: {}
[160.293801] (-) TimerEvent: {}
[160.394521] (-) TimerEvent: {}
[160.495167] (-) TimerEvent: {}
[160.595733] (-) TimerEvent: {}
[160.696401] (-) TimerEvent: {}
[160.797170] (-) TimerEvent: {}
[160.897636] (-) TimerEvent: {}
[160.998591] (-) TimerEvent: {}
[161.099890] (-) TimerEvent: {}
[161.200921] (-) TimerEvent: {}
[161.301509] (-) TimerEvent: {}
[161.402333] (-) TimerEvent: {}
[161.503051] (-) TimerEvent: {}
[161.603751] (-) TimerEvent: {}
[161.704399] (-) TimerEvent: {}
[161.804974] (-) TimerEvent: {}
[161.905676] (-) TimerEvent: {}
[162.006380] (-) TimerEvent: {}
[162.106966] (-) TimerEvent: {}
[162.207548] (-) TimerEvent: {}
[162.308154] (-) TimerEvent: {}
[162.408728] (-) TimerEvent: {}
[162.509406] (-) TimerEvent: {}
[162.610202] (-) TimerEvent: {}
[162.710820] (-) TimerEvent: {}
[162.811454] (-) TimerEvent: {}
[162.912203] (-) TimerEvent: {}
[163.012713] (-) TimerEvent: {}
[163.113450] (-) TimerEvent: {}
[163.214271] (-) TimerEvent: {}
[163.314922] (-) TimerEvent: {}
[163.415507] (-) TimerEvent: {}
[163.516148] (-) TimerEvent: {}
[163.616691] (-) TimerEvent: {}
[163.717186] (-) TimerEvent: {}
[163.817807] (-) TimerEvent: {}
[163.918487] (-) TimerEvent: {}
[164.019017] (-) TimerEvent: {}
[164.119616] (-) TimerEvent: {}
[164.220373] (-) TimerEvent: {}
[164.321014] (-) TimerEvent: {}
[164.421615] (-) TimerEvent: {}
[164.522325] (-) TimerEvent: {}
[164.622952] (-) TimerEvent: {}
[164.723675] (-) TimerEvent: {}
[164.824359] (-) TimerEvent: {}
[164.925005] (-) TimerEvent: {}
[165.025624] (-) TimerEvent: {}
[165.126262] (-) TimerEvent: {}
[165.226750] (-) TimerEvent: {}
[165.327482] (-) TimerEvent: {}
[165.428062] (-) TimerEvent: {}
[165.528700] (-) TimerEvent: {}
[165.629418] (-) TimerEvent: {}
[165.730014] (-) TimerEvent: {}
[165.830632] (-) TimerEvent: {}
[165.931304] (-) TimerEvent: {}
[166.031909] (-) TimerEvent: {}
[166.132594] (-) TimerEvent: {}
[166.233472] (-) TimerEvent: {}
[166.334251] (-) TimerEvent: {}
[166.434862] (-) TimerEvent: {}
[166.535588] (-) TimerEvent: {}
[166.636377] (-) TimerEvent: {}
[166.737117] (-) TimerEvent: {}
[166.837753] (-) TimerEvent: {}
[166.938376] (-) TimerEvent: {}
[167.038970] (-) TimerEvent: {}
[167.139615] (-) TimerEvent: {}
[167.240250] (-) TimerEvent: {}
[167.340983] (-) TimerEvent: {}
[167.441718] (-) TimerEvent: {}
[167.542440] (-) TimerEvent: {}
[167.642946] (-) TimerEvent: {}
[167.743432] (-) TimerEvent: {}
[167.844006] (-) TimerEvent: {}
[167.944530] (-) TimerEvent: {}
[168.045116] (-) TimerEvent: {}
[168.145706] (-) TimerEvent: {}
[168.246460] (-) TimerEvent: {}
[168.347110] (-) TimerEvent: {}
[168.447736] (-) TimerEvent: {}
[168.548257] (-) TimerEvent: {}
[168.648907] (-) TimerEvent: {}
[168.749501] (-) TimerEvent: {}
[168.850205] (-) TimerEvent: {}
[168.950749] (-) TimerEvent: {}
[169.051479] (-) TimerEvent: {}
[169.152073] (-) TimerEvent: {}
[169.252675] (-) TimerEvent: {}
[169.353281] (-) TimerEvent: {}
[169.454006] (-) TimerEvent: {}
[169.554492] (-) TimerEvent: {}
[169.654950] (-) TimerEvent: {}
[169.755534] (-) TimerEvent: {}
[169.856133] (-) TimerEvent: {}
[169.956854] (-) TimerEvent: {}
[170.057392] (-) TimerEvent: {}
[170.157996] (-) TimerEvent: {}
[170.258702] (-) TimerEvent: {}
[170.359302] (-) TimerEvent: {}
[170.459885] (-) TimerEvent: {}
[170.560377] (-) TimerEvent: {}
[170.660805] (-) TimerEvent: {}
[170.761401] (-) TimerEvent: {}
[170.861967] (-) TimerEvent: {}
[170.962589] (-) TimerEvent: {}
[171.063188] (-) TimerEvent: {}
[171.163731] (-) TimerEvent: {}
[171.264359] (-) TimerEvent: {}
[171.364966] (-) TimerEvent: {}
[171.465536] (-) TimerEvent: {}
[171.566173] (-) TimerEvent: {}
[171.666726] (-) TimerEvent: {}
[171.767425] (-) TimerEvent: {}
[171.868028] (-) TimerEvent: {}
[171.968641] (-) TimerEvent: {}
[172.069201] (-) TimerEvent: {}
[172.169777] (-) TimerEvent: {}
[172.270520] (-) TimerEvent: {}
[172.371130] (-) TimerEvent: {}
[172.471711] (-) TimerEvent: {}
[172.572243] (-) TimerEvent: {}
[172.672867] (-) TimerEvent: {}
[172.773416] (-) TimerEvent: {}
[172.874058] (-) TimerEvent: {}
[172.974798] (-) TimerEvent: {}
[173.075497] (-) TimerEvent: {}
[173.176063] (-) TimerEvent: {}
[173.276685] (-) TimerEvent: {}
[173.377429] (-) TimerEvent: {}
[173.477993] (-) TimerEvent: {}
[173.578578] (-) TimerEvent: {}
[173.679335] (-) TimerEvent: {}
[173.779985] (-) TimerEvent: {}
[173.880491] (-) TimerEvent: {}
[173.981044] (-) TimerEvent: {}
[174.081636] (-) TimerEvent: {}
[174.182294] (-) TimerEvent: {}
[174.282938] (-) TimerEvent: {}
[174.383631] (-) TimerEvent: {}
[174.484224] (-) TimerEvent: {}
[174.584867] (-) TimerEvent: {}
[174.685544] (-) TimerEvent: {}
[174.786167] (-) TimerEvent: {}
[174.886781] (-) TimerEvent: {}
[174.987508] (-) TimerEvent: {}
[175.088171] (-) TimerEvent: {}
[175.188737] (-) TimerEvent: {}
[175.289366] (-) TimerEvent: {}
[175.389992] (-) TimerEvent: {}
[175.490900] (-) TimerEvent: {}
[175.591620] (-) TimerEvent: {}
[175.692250] (-) TimerEvent: {}
[175.792859] (-) TimerEvent: {}
[175.893415] (-) TimerEvent: {}
[175.994146] (-) TimerEvent: {}
[176.094809] (-) TimerEvent: {}
[176.195492] (-) TimerEvent: {}
[176.296106] (-) TimerEvent: {}
[176.396701] (-) TimerEvent: {}
[176.497392] (-) TimerEvent: {}
[176.597935] (-) TimerEvent: {}
[176.698492] (-) TimerEvent: {}
[176.799005] (-) TimerEvent: {}
[176.899524] (-) TimerEvent: {}
[177.000086] (-) TimerEvent: {}
[177.100665] (-) TimerEvent: {}
[177.201220] (-) TimerEvent: {}
[177.301775] (-) TimerEvent: {}
[177.402437] (-) TimerEvent: {}
[177.503009] (-) TimerEvent: {}
[177.603537] (-) TimerEvent: {}
[177.704162] (-) TimerEvent: {}
[177.804624] (-) TimerEvent: {}
[177.905340] (-) TimerEvent: {}
[178.005960] (-) TimerEvent: {}
[178.106659] (-) TimerEvent: {}
[178.207287] (-) TimerEvent: {}
[178.308121] (-) TimerEvent: {}
[178.408707] (-) TimerEvent: {}
[178.509567] (-) TimerEvent: {}
[178.610368] (-) TimerEvent: {}
[178.710946] (-) TimerEvent: {}
[178.811498] (-) TimerEvent: {}
[178.912054] (-) TimerEvent: {}
[179.012627] (-) TimerEvent: {}
[179.113293] (-) TimerEvent: {}
[179.213891] (-) TimerEvent: {}
[179.314523] (-) TimerEvent: {}
[179.415356] (-) TimerEvent: {}
[179.515941] (-) TimerEvent: {}
[179.616480] (-) TimerEvent: {}
[179.716915] (-) TimerEvent: {}
[179.817455] (-) TimerEvent: {}
[179.918075] (-) TimerEvent: {}
[180.018746] (-) TimerEvent: {}
[180.119396] (-) TimerEvent: {}
[180.219944] (-) TimerEvent: {}
[180.320475] (-) TimerEvent: {}
[180.421013] (-) TimerEvent: {}
[180.521568] (-) TimerEvent: {}
[180.622152] (-) TimerEvent: {}
[180.722750] (-) TimerEvent: {}
[180.823544] (-) TimerEvent: {}
[180.924079] (-) TimerEvent: {}
[181.024568] (-) TimerEvent: {}
[181.125309] (-) TimerEvent: {}
[181.225848] (-) TimerEvent: {}
[181.326437] (-) TimerEvent: {}
[181.427058] (-) TimerEvent: {}
[181.527602] (-) TimerEvent: {}
[181.628212] (-) TimerEvent: {}
[181.728752] (-) TimerEvent: {}
[181.829410] (-) TimerEvent: {}
[181.930156] (-) TimerEvent: {}
[182.030918] (-) TimerEvent: {}
[182.131554] (-) TimerEvent: {}
[182.232187] (-) TimerEvent: {}
[182.332734] (-) TimerEvent: {}
[182.433286] (-) TimerEvent: {}
[182.533898] (-) TimerEvent: {}
[182.634609] (-) TimerEvent: {}
[182.735212] (-) TimerEvent: {}
[182.835970] (-) TimerEvent: {}
[182.936613] (-) TimerEvent: {}
[183.037196] (-) TimerEvent: {}
[183.137677] (-) TimerEvent: {}
[183.238086] (-) TimerEvent: {}
[183.338658] (-) TimerEvent: {}
[183.439266] (-) TimerEvent: {}
[183.539977] (-) TimerEvent: {}
[183.640717] (-) TimerEvent: {}
[183.741325] (-) TimerEvent: {}
[183.841973] (-) TimerEvent: {}
[183.942513] (-) TimerEvent: {}
[184.043016] (-) TimerEvent: {}
[184.143587] (-) TimerEvent: {}
[184.244125] (-) TimerEvent: {}
[184.344679] (-) TimerEvent: {}
[184.445332] (-) TimerEvent: {}
[184.545953] (-) TimerEvent: {}
[184.646511] (-) TimerEvent: {}
[184.747074] (-) TimerEvent: {}
[184.847633] (-) TimerEvent: {}
[184.948295] (-) TimerEvent: {}
[185.048981] (-) TimerEvent: {}
[185.149723] (-) TimerEvent: {}
[185.250467] (-) TimerEvent: {}
[185.351054] (-) TimerEvent: {}
[185.451808] (-) TimerEvent: {}
[185.552618] (-) TimerEvent: {}
[185.653427] (-) TimerEvent: {}
[185.754218] (-) TimerEvent: {}
[185.854992] (-) TimerEvent: {}
[185.955685] (-) TimerEvent: {}
[186.056492] (-) TimerEvent: {}
[186.157282] (-) TimerEvent: {}
[186.257851] (-) TimerEvent: {}
[186.358383] (-) TimerEvent: {}
[186.458942] (-) TimerEvent: {}
[186.559532] (-) TimerEvent: {}
[186.660318] (-) TimerEvent: {}
[186.761009] (-) TimerEvent: {}
[186.861691] (-) TimerEvent: {}
[186.962254] (-) TimerEvent: {}
[187.062875] (-) TimerEvent: {}
[187.163271] (-) TimerEvent: {}
[187.263905] (-) TimerEvent: {}
[187.364555] (-) TimerEvent: {}
[187.465238] (-) TimerEvent: {}
[187.565782] (-) TimerEvent: {}
[187.666273] (-) TimerEvent: {}
[187.766926] (-) TimerEvent: {}
[187.867566] (-) TimerEvent: {}
[187.967970] (-) TimerEvent: {}
[188.068418] (-) TimerEvent: {}
[188.169197] (-) TimerEvent: {}
[188.269773] (-) TimerEvent: {}
[188.370427] (-) TimerEvent: {}
[188.471079] (-) TimerEvent: {}
[188.571794] (-) TimerEvent: {}
[188.672779] (-) TimerEvent: {}
[188.773579] (-) TimerEvent: {}
[188.874258] (-) TimerEvent: {}
[188.974870] (-) TimerEvent: {}
[189.075495] (-) TimerEvent: {}
[189.176051] (-) TimerEvent: {}
[189.276640] (-) TimerEvent: {}
[189.377279] (-) TimerEvent: {}
[189.477950] (-) TimerEvent: {}
[189.578569] (-) TimerEvent: {}
[189.679336] (-) TimerEvent: {}
[189.779908] (-) TimerEvent: {}
[189.880452] (-) TimerEvent: {}
[189.981151] (-) TimerEvent: {}
[190.081914] (-) TimerEvent: {}
[190.182489] (-) TimerEvent: {}
[190.283194] (-) TimerEvent: {}
[190.383772] (-) TimerEvent: {}
[190.484512] (-) TimerEvent: {}
[190.585118] (-) TimerEvent: {}
[190.685705] (-) TimerEvent: {}
[190.786379] (-) TimerEvent: {}
[190.887112] (-) TimerEvent: {}
[190.987725] (-) TimerEvent: {}
[191.088555] (-) TimerEvent: {}
[191.189354] (-) TimerEvent: {}
[191.289996] (-) TimerEvent: {}
[191.390570] (-) TimerEvent: {}
[191.491346] (-) TimerEvent: {}
[191.591968] (-) TimerEvent: {}
[191.692741] (-) TimerEvent: {}
[191.793594] (-) TimerEvent: {}
[191.894057] (-) TimerEvent: {}
[191.994579] (-) TimerEvent: {}
[192.095207] (-) TimerEvent: {}
[192.195974] (-) TimerEvent: {}
[192.296704] (-) TimerEvent: {}
[192.397294] (-) TimerEvent: {}
[192.497860] (-) TimerEvent: {}
[192.598437] (-) TimerEvent: {}
[192.699009] (-) TimerEvent: {}
[192.799657] (-) TimerEvent: {}
[192.900189] (-) TimerEvent: {}
[193.000747] (-) TimerEvent: {}
[193.101430] (-) TimerEvent: {}
[193.202005] (-) TimerEvent: {}
[193.302568] (-) TimerEvent: {}
[193.403286] (-) TimerEvent: {}
[193.503936] (-) TimerEvent: {}
[193.604644] (-) TimerEvent: {}
[193.705298] (-) TimerEvent: {}
[193.805988] (-) TimerEvent: {}
[193.906646] (-) TimerEvent: {}
[194.007229] (-) TimerEvent: {}
[194.107883] (-) TimerEvent: {}
[194.208529] (-) TimerEvent: {}
[194.309194] (-) TimerEvent: {}
[194.409927] (-) TimerEvent: {}
[194.510527] (-) TimerEvent: {}
[194.611266] (-) TimerEvent: {}
[194.711915] (-) TimerEvent: {}
[194.812654] (-) TimerEvent: {}
[194.913295] (-) TimerEvent: {}
[195.013934] (-) TimerEvent: {}
[195.114540] (-) TimerEvent: {}
[195.215294] (-) TimerEvent: {}
[195.315928] (-) TimerEvent: {}
[195.416552] (-) TimerEvent: {}
[195.517132] (-) TimerEvent: {}
[195.617606] (-) TimerEvent: {}
[195.718153] (-) TimerEvent: {}
[195.818684] (-) TimerEvent: {}
[195.919278] (-) TimerEvent: {}
[196.019852] (-) TimerEvent: {}
[196.120402] (-) TimerEvent: {}
[196.221119] (-) TimerEvent: {}
[196.321758] (-) TimerEvent: {}
[196.422485] (-) TimerEvent: {}
[196.523099] (-) TimerEvent: {}
[196.623808] (-) TimerEvent: {}
[196.724427] (-) TimerEvent: {}
[196.825037] (-) TimerEvent: {}
[196.925634] (-) TimerEvent: {}
[197.026293] (-) TimerEvent: {}
[197.126966] (-) TimerEvent: {}
[197.227527] (-) TimerEvent: {}
[197.328059] (-) TimerEvent: {}
[197.428742] (-) TimerEvent: {}
[197.529454] (-) TimerEvent: {}
[197.630027] (-) TimerEvent: {}
[197.730656] (-) TimerEvent: {}
[197.831163] (-) TimerEvent: {}
[197.931777] (-) TimerEvent: {}
[198.032431] (-) TimerEvent: {}
[198.133124] (-) TimerEvent: {}
[198.233689] (-) TimerEvent: {}
[198.334463] (-) TimerEvent: {}
[198.435230] (-) TimerEvent: {}
[198.535982] (-) TimerEvent: {}
[198.636599] (-) TimerEvent: {}
[198.737184] (-) TimerEvent: {}
[198.837767] (-) TimerEvent: {}
[198.938384] (-) TimerEvent: {}
[199.039023] (-) TimerEvent: {}
[199.139633] (-) TimerEvent: {}
[199.240433] (-) TimerEvent: {}
[199.341149] (-) TimerEvent: {}
[199.441701] (-) TimerEvent: {}
[199.542476] (-) TimerEvent: {}
[199.643136] (-) TimerEvent: {}
[199.743782] (-) TimerEvent: {}
[199.844518] (-) TimerEvent: {}
[199.945241] (-) TimerEvent: {}
[200.045970] (-) TimerEvent: {}
[200.146588] (-) TimerEvent: {}
[200.247209] (-) TimerEvent: {}
[200.347979] (-) TimerEvent: {}
[200.448742] (-) TimerEvent: {}
[200.549495] (-) TimerEvent: {}
[200.650236] (-) TimerEvent: {}
[200.750924] (-) TimerEvent: {}
[200.851507] (-) TimerEvent: {}
[200.952255] (-) TimerEvent: {}
[201.052850] (-) TimerEvent: {}
[201.153400] (-) TimerEvent: {}
[201.253916] (-) TimerEvent: {}
[201.354534] (-) TimerEvent: {}
[201.455284] (-) TimerEvent: {}
[201.555983] (-) TimerEvent: {}
[201.656576] (-) TimerEvent: {}
[201.757131] (-) TimerEvent: {}
[201.857661] (-) TimerEvent: {}
[201.958355] (-) TimerEvent: {}
[202.058998] (-) TimerEvent: {}
[202.159440] (-) TimerEvent: {}
[202.259968] (-) TimerEvent: {}
[202.360519] (-) TimerEvent: {}
[202.461096] (-) TimerEvent: {}
[202.561508] (-) TimerEvent: {}
[202.662022] (-) TimerEvent: {}
[202.762653] (-) TimerEvent: {}
[202.863425] (-) TimerEvent: {}
[202.964127] (-) TimerEvent: {}
[203.064984] (-) TimerEvent: {}
[203.165973] (-) TimerEvent: {}
[203.266572] (-) TimerEvent: {}
[203.367195] (-) TimerEvent: {}
[203.467936] (-) TimerEvent: {}
[203.568465] (-) TimerEvent: {}
[203.669054] (-) TimerEvent: {}
[203.769780] (-) TimerEvent: {}
[203.870436] (-) TimerEvent: {}
[203.971076] (-) TimerEvent: {}
[204.071861] (-) TimerEvent: {}
[204.172550] (-) TimerEvent: {}
[204.273203] (-) TimerEvent: {}
[204.373921] (-) TimerEvent: {}
[204.474488] (-) TimerEvent: {}
[204.575138] (-) TimerEvent: {}
[204.675792] (-) TimerEvent: {}
[204.776397] (-) TimerEvent: {}
[204.876986] (-) TimerEvent: {}
[204.977621] (-) TimerEvent: {}
[205.078255] (-) TimerEvent: {}
[205.178955] (-) TimerEvent: {}
[205.279527] (-) TimerEvent: {}
[205.380309] (-) TimerEvent: {}
[205.480966] (-) TimerEvent: {}
[205.581561] (-) TimerEvent: {}
[205.682334] (-) TimerEvent: {}
[205.782940] (-) TimerEvent: {}
[205.883645] (-) TimerEvent: {}
[205.984364] (-) TimerEvent: {}
[206.084962] (-) TimerEvent: {}
[206.185600] (-) TimerEvent: {}
[206.286209] (-) TimerEvent: {}
[206.386939] (-) TimerEvent: {}
[206.487485] (-) TimerEvent: {}
[206.588072] (-) TimerEvent: {}
[206.688693] (-) TimerEvent: {}
[206.789352] (-) TimerEvent: {}
[206.889921] (-) TimerEvent: {}
[206.990482] (-) TimerEvent: {}
[207.091097] (-) TimerEvent: {}
[207.191592] (-) TimerEvent: {}
[207.292134] (-) TimerEvent: {}
[207.392742] (-) TimerEvent: {}
[207.493402] (-) TimerEvent: {}
[207.594033] (-) TimerEvent: {}
[207.694577] (-) TimerEvent: {}
[207.795134] (-) TimerEvent: {}
[207.895721] (-) TimerEvent: {}
[207.996415] (-) TimerEvent: {}
[208.096969] (-) TimerEvent: {}
[208.197521] (-) TimerEvent: {}
[208.298096] (-) TimerEvent: {}
[208.398688] (-) TimerEvent: {}
[208.499223] (-) TimerEvent: {}
[208.599739] (-) TimerEvent: {}
[208.700147] (-) TimerEvent: {}
[208.800658] (-) TimerEvent: {}
[208.901256] (-) TimerEvent: {}
[209.001944] (-) TimerEvent: {}
[209.102521] (-) TimerEvent: {}
[209.203252] (-) TimerEvent: {}
[209.303748] (-) TimerEvent: {}
[209.404192] (-) TimerEvent: {}
[209.504732] (-) TimerEvent: {}
[209.605229] (-) TimerEvent: {}
[209.706011] (-) TimerEvent: {}
[209.806723] (-) TimerEvent: {}
[209.907346] (-) TimerEvent: {}
[210.008081] (-) TimerEvent: {}
[210.108786] (-) TimerEvent: {}
[210.209499] (-) TimerEvent: {}
[210.310071] (-) TimerEvent: {}
[210.410658] (-) TimerEvent: {}
[210.511251] (-) TimerEvent: {}
[210.611948] (-) TimerEvent: {}
[210.712543] (-) TimerEvent: {}
[210.813482] (-) TimerEvent: {}
[210.914120] (-) TimerEvent: {}
[211.014882] (-) TimerEvent: {}
[211.115393] (-) TimerEvent: {}
[211.215928] (-) TimerEvent: {}
[211.316448] (-) TimerEvent: {}
[211.417029] (-) TimerEvent: {}
[211.517713] (-) TimerEvent: {}
[211.618170] (-) TimerEvent: {}
[211.718739] (-) TimerEvent: {}
[211.819477] (-) TimerEvent: {}
[211.920037] (-) TimerEvent: {}
[212.020767] (-) TimerEvent: {}
[212.121254] (-) TimerEvent: {}
[212.221706] (-) TimerEvent: {}
[212.322479] (-) TimerEvent: {}
[212.423231] (-) TimerEvent: {}
[212.523862] (-) TimerEvent: {}
[212.624604] (-) TimerEvent: {}
[212.725429] (-) TimerEvent: {}
[212.826131] (-) TimerEvent: {}
[212.926717] (-) TimerEvent: {}
[213.027352] (-) TimerEvent: {}
[213.127927] (-) TimerEvent: {}
[213.228548] (-) TimerEvent: {}
[213.329276] (-) TimerEvent: {}
[213.429977] (-) TimerEvent: {}
[213.530508] (-) TimerEvent: {}
[213.631056] (-) TimerEvent: {}
[213.731664] (-) TimerEvent: {}
[213.832234] (-) TimerEvent: {}
[213.932773] (-) TimerEvent: {}
[214.033309] (-) TimerEvent: {}
[214.133764] (-) TimerEvent: {}
[214.234382] (-) TimerEvent: {}
[214.335082] (-) TimerEvent: {}
[214.435786] (-) TimerEvent: {}
[214.536382] (-) TimerEvent: {}
[214.637116] (-) TimerEvent: {}
[214.737886] (-) TimerEvent: {}
[214.838446] (-) TimerEvent: {}
[214.939044] (-) TimerEvent: {}
[215.039604] (-) TimerEvent: {}
[215.140232] (-) TimerEvent: {}
[215.240797] (-) TimerEvent: {}
[215.341424] (-) TimerEvent: {}
[215.442078] (-) TimerEvent: {}
[215.542690] (-) TimerEvent: {}
[215.643409] (-) TimerEvent: {}
[215.744054] (-) TimerEvent: {}
[215.844642] (-) TimerEvent: {}
[215.945329] (-) TimerEvent: {}
[216.046020] (-) TimerEvent: {}
[216.146626] (-) TimerEvent: {}
[216.247398] (-) TimerEvent: {}
[216.348009] (-) TimerEvent: {}
[216.448741] (-) TimerEvent: {}
[216.549351] (-) TimerEvent: {}
[216.650058] (-) TimerEvent: {}
[216.750548] (-) TimerEvent: {}
[216.850993] (-) TimerEvent: {}
[216.951586] (-) TimerEvent: {}
[217.052189] (-) TimerEvent: {}
[217.152920] (-) TimerEvent: {}
[217.253601] (-) TimerEvent: {}
[217.354244] (-) TimerEvent: {}
[217.454986] (-) TimerEvent: {}
[217.555560] (-) TimerEvent: {}
[217.656299] (-) TimerEvent: {}
[217.756904] (-) TimerEvent: {}
[217.857545] (-) TimerEvent: {}
[217.958127] (-) TimerEvent: {}
[218.058805] (-) TimerEvent: {}
[218.159596] (-) TimerEvent: {}
[218.260256] (-) TimerEvent: {}
[218.360985] (-) TimerEvent: {}
[218.461729] (-) TimerEvent: {}
[218.562520] (-) TimerEvent: {}
[218.663220] (-) TimerEvent: {}
[218.763770] (-) TimerEvent: {}
[218.864467] (-) TimerEvent: {}
[218.965015] (-) TimerEvent: {}
[219.065646] (-) TimerEvent: {}
[219.166246] (-) TimerEvent: {}
[219.266801] (-) TimerEvent: {}
[219.367351] (-) TimerEvent: {}
[219.468063] (-) TimerEvent: {}
[219.568652] (-) TimerEvent: {}
[219.669407] (-) TimerEvent: {}
[219.770166] (-) TimerEvent: {}
[219.870809] (-) TimerEvent: {}
[219.971602] (-) TimerEvent: {}
[220.072343] (-) TimerEvent: {}
[220.173121] (-) TimerEvent: {}
[220.273869] (-) TimerEvent: {}
[220.374549] (-) TimerEvent: {}
[220.475211] (-) TimerEvent: {}
[220.575859] (-) TimerEvent: {}
[220.676478] (-) TimerEvent: {}
[220.777039] (-) TimerEvent: {}
[220.877639] (-) TimerEvent: {}
[220.978314] (-) TimerEvent: {}
[221.078915] (-) TimerEvent: {}
[221.179464] (-) TimerEvent: {}
[221.280108] (-) TimerEvent: {}
[221.380813] (-) TimerEvent: {}
[221.481479] (-) TimerEvent: {}
[221.582130] (-) TimerEvent: {}
[221.682742] (-) TimerEvent: {}
[221.783278] (-) TimerEvent: {}
[221.883953] (-) TimerEvent: {}
[221.984551] (-) TimerEvent: {}
[222.085169] (-) TimerEvent: {}
[222.185626] (-) TimerEvent: {}
[222.286119] (-) TimerEvent: {}
[222.386519] (-) TimerEvent: {}
[222.487189] (-) TimerEvent: {}
[222.587899] (-) TimerEvent: {}
[222.688607] (-) TimerEvent: {}
[222.789194] (-) TimerEvent: {}
[222.889898] (-) TimerEvent: {}
[222.990547] (-) TimerEvent: {}
[223.091318] (-) TimerEvent: {}
[223.191985] (-) TimerEvent: {}
[223.292583] (-) TimerEvent: {}
[223.393221] (-) TimerEvent: {}
[223.493924] (-) TimerEvent: {}
[223.594590] (-) TimerEvent: {}
[223.695259] (-) TimerEvent: {}
[223.795986] (-) TimerEvent: {}
[223.896668] (-) TimerEvent: {}
[223.997240] (-) TimerEvent: {}
[224.097801] (-) TimerEvent: {}
[224.198480] (-) TimerEvent: {}
[224.299301] (-) TimerEvent: {}
[224.400019] (-) TimerEvent: {}
[224.500578] (-) TimerEvent: {}
[224.601372] (-) TimerEvent: {}
[224.701992] (-) TimerEvent: {}
[224.802580] (-) TimerEvent: {}
[224.903244] (-) TimerEvent: {}
[225.003806] (-) TimerEvent: {}
[225.104421] (-) TimerEvent: {}
[225.205112] (-) TimerEvent: {}
[225.305913] (-) TimerEvent: {}
[225.406626] (-) TimerEvent: {}
[225.507062] (-) TimerEvent: {}
[225.607508] (-) TimerEvent: {}
[225.708292] (-) TimerEvent: {}
[225.808912] (-) TimerEvent: {}
[225.909523] (-) TimerEvent: {}
[226.010199] (-) TimerEvent: {}
[226.110889] (-) TimerEvent: {}
[226.211514] (-) TimerEvent: {}
[226.312083] (-) TimerEvent: {}
[226.412647] (-) TimerEvent: {}
[226.513355] (-) TimerEvent: {}
[226.614131] (-) TimerEvent: {}
[226.714875] (-) TimerEvent: {}
[226.815515] (-) TimerEvent: {}
[226.916254] (-) TimerEvent: {}
[227.017033] (-) TimerEvent: {}
[227.117657] (-) TimerEvent: {}
[227.218166] (-) TimerEvent: {}
[227.318722] (-) TimerEvent: {}
[227.419380] (-) TimerEvent: {}
[227.519982] (-) TimerEvent: {}
[227.620611] (-) TimerEvent: {}
[227.721216] (-) TimerEvent: {}
[227.821955] (-) TimerEvent: {}
[227.922691] (-) TimerEvent: {}
[228.023374] (-) TimerEvent: {}
[228.123986] (-) TimerEvent: {}
[228.224571] (-) TimerEvent: {}
[228.325276] (-) TimerEvent: {}
[228.425991] (-) TimerEvent: {}
[228.526615] (-) TimerEvent: {}
[228.627377] (-) TimerEvent: {}
[228.728131] (-) TimerEvent: {}
[228.828901] (-) TimerEvent: {}
[228.929596] (-) TimerEvent: {}
[229.030242] (-) TimerEvent: {}
[229.130974] (-) TimerEvent: {}
[229.231607] (-) TimerEvent: {}
[229.332264] (-) TimerEvent: {}
[229.432879] (-) TimerEvent: {}
[229.533586] (-) TimerEvent: {}
[229.634420] (-) TimerEvent: {}
[229.735118] (-) TimerEvent: {}
[229.835734] (-) TimerEvent: {}
[229.936428] (-) TimerEvent: {}
[230.036998] (-) TimerEvent: {}
[230.137499] (-) TimerEvent: {}
[230.238041] (-) TimerEvent: {}
[230.338618] (-) TimerEvent: {}
[230.439180] (-) TimerEvent: {}
[230.539623] (-) TimerEvent: {}
[230.640193] (-) TimerEvent: {}
[230.740772] (-) TimerEvent: {}
[230.841365] (-) TimerEvent: {}
[230.941903] (-) TimerEvent: {}
[231.042485] (-) TimerEvent: {}
[231.143041] (-) TimerEvent: {}
[231.243768] (-) TimerEvent: {}
[231.344637] (-) TimerEvent: {}
[231.445365] (-) TimerEvent: {}
[231.546084] (-) TimerEvent: {}
[231.646619] (-) TimerEvent: {}
[231.747242] (-) TimerEvent: {}
[231.847730] (-) TimerEvent: {}
[231.948445] (-) TimerEvent: {}
[232.049162] (-) TimerEvent: {}
[232.149773] (-) TimerEvent: {}
[232.250714] (-) TimerEvent: {}
[232.351361] (-) TimerEvent: {}
[232.452044] (-) TimerEvent: {}
[232.552549] (-) TimerEvent: {}
[232.653115] (-) TimerEvent: {}
[232.753733] (-) TimerEvent: {}
[232.854199] (-) TimerEvent: {}
[232.954706] (-) TimerEvent: {}
[233.055369] (-) TimerEvent: {}
[233.155926] (-) TimerEvent: {}
[233.256518] (-) TimerEvent: {}
[233.357160] (-) TimerEvent: {}
[233.457722] (-) TimerEvent: {}
[233.558176] (-) TimerEvent: {}
[233.658870] (-) TimerEvent: {}
[233.759329] (-) TimerEvent: {}
[233.860045] (-) TimerEvent: {}
[233.960465] (-) TimerEvent: {}
[234.061020] (-) TimerEvent: {}
[234.161673] (-) TimerEvent: {}
[234.262313] (-) TimerEvent: {}
[234.362993] (-) TimerEvent: {}
[234.463402] (-) TimerEvent: {}
[234.564019] (-) TimerEvent: {}
[234.664876] (-) TimerEvent: {}
[234.765629] (-) TimerEvent: {}
[234.866381] (-) TimerEvent: {}
[234.967100] (-) TimerEvent: {}
[235.067766] (-) TimerEvent: {}
[235.168500] (-) TimerEvent: {}
[235.269148] (-) TimerEvent: {}
[235.369941] (-) TimerEvent: {}
[235.470543] (-) TimerEvent: {}
[235.571253] (-) TimerEvent: {}
[235.671934] (-) TimerEvent: {}
[235.772510] (-) TimerEvent: {}
[235.873217] (-) TimerEvent: {}
[235.973930] (-) TimerEvent: {}
[236.074541] (-) TimerEvent: {}
[236.175204] (-) TimerEvent: {}
[236.275960] (-) TimerEvent: {}
[236.376668] (-) TimerEvent: {}
[236.477436] (-) TimerEvent: {}
[236.577987] (-) TimerEvent: {}
[236.678645] (-) TimerEvent: {}
[236.779227] (-) TimerEvent: {}
[236.879779] (-) TimerEvent: {}
[236.980318] (-) TimerEvent: {}
[237.080927] (-) TimerEvent: {}
[237.181518] (-) TimerEvent: {}
[237.282094] (-) TimerEvent: {}
[237.382554] (-) TimerEvent: {}
[237.483200] (-) TimerEvent: {}
[237.583944] (-) TimerEvent: {}
[237.684507] (-) TimerEvent: {}
[237.785215] (-) TimerEvent: {}
[237.885911] (-) TimerEvent: {}
[237.986426] (-) TimerEvent: {}
[238.086957] (-) TimerEvent: {}
[238.187587] (-) TimerEvent: {}
[238.288258] (-) TimerEvent: {}
[238.388992] (-) TimerEvent: {}
[238.489591] (-) TimerEvent: {}
[238.590304] (-) TimerEvent: {}
[238.690858] (-) TimerEvent: {}
[238.791509] (-) TimerEvent: {}
[238.892250] (-) TimerEvent: {}
[238.992795] (-) TimerEvent: {}
[239.093519] (-) TimerEvent: {}
[239.194272] (-) TimerEvent: {}
[239.294915] (-) TimerEvent: {}
[239.395498] (-) TimerEvent: {}
[239.496082] (-) TimerEvent: {}
[239.596661] (-) TimerEvent: {}
[239.697414] (-) TimerEvent: {}
[239.797929] (-) TimerEvent: {}
[239.898537] (-) TimerEvent: {}
[239.999325] (-) TimerEvent: {}
[240.100033] (-) TimerEvent: {}
[240.200576] (-) TimerEvent: {}
[240.301122] (-) TimerEvent: {}
[240.401778] (-) TimerEvent: {}
[240.502507] (-) TimerEvent: {}
[240.603059] (-) TimerEvent: {}
[240.703593] (-) TimerEvent: {}
[240.804187] (-) TimerEvent: {}
[240.904806] (-) TimerEvent: {}
[241.005406] (-) TimerEvent: {}
[241.106088] (-) TimerEvent: {}
[241.206814] (-) TimerEvent: {}
[241.307392] (-) TimerEvent: {}
[241.407989] (-) TimerEvent: {}
[241.508627] (-) TimerEvent: {}
[241.609271] (-) TimerEvent: {}
[241.710018] (-) TimerEvent: {}
[241.810669] (-) TimerEvent: {}
[241.911427] (-) TimerEvent: {}
[242.012061] (-) TimerEvent: {}
[242.112614] (-) TimerEvent: {}
[242.213164] (-) TimerEvent: {}
[242.313671] (-) TimerEvent: {}
[242.414174] (-) TimerEvent: {}
[242.514743] (-) TimerEvent: {}
[242.615372] (-) TimerEvent: {}
[242.715816] (-) TimerEvent: {}
[242.816568] (-) TimerEvent: {}
[242.917511] (-) TimerEvent: {}
[243.018310] (-) TimerEvent: {}
[243.118812] (-) TimerEvent: {}
[243.219566] (-) TimerEvent: {}
[243.320252] (-) TimerEvent: {}
[243.420921] (-) TimerEvent: {}
[243.521688] (-) TimerEvent: {}
[243.622387] (-) TimerEvent: {}
[243.722989] (-) TimerEvent: {}
[243.823545] (-) TimerEvent: {}
[243.924178] (-) TimerEvent: {}
[244.024901] (-) TimerEvent: {}
[244.125589] (-) TimerEvent: {}
[244.226341] (-) TimerEvent: {}
[244.327023] (-) TimerEvent: {}
[244.427654] (-) TimerEvent: {}
[244.528303] (-) TimerEvent: {}
[244.628937] (-) TimerEvent: {}
[244.729621] (-) TimerEvent: {}
[244.830308] (-) TimerEvent: {}
[244.930889] (-) TimerEvent: {}
[245.031309] (-) TimerEvent: {}
[245.131980] (-) TimerEvent: {}
[245.232686] (-) TimerEvent: {}
[245.333394] (-) TimerEvent: {}
[245.434143] (-) TimerEvent: {}
[245.534745] (-) TimerEvent: {}
[245.635412] (-) TimerEvent: {}
[245.736033] (-) TimerEvent: {}
[245.836806] (-) TimerEvent: {}
[245.937521] (-) TimerEvent: {}
[246.037999] (-) TimerEvent: {}
[246.138736] (-) TimerEvent: {}
[246.239438] (-) TimerEvent: {}
[246.340235] (-) TimerEvent: {}
[246.441053] (-) TimerEvent: {}
[246.541722] (-) TimerEvent: {}
[246.642385] (-) TimerEvent: {}
[246.743023] (-) TimerEvent: {}
[246.843590] (-) TimerEvent: {}
[246.944303] (-) TimerEvent: {}
[247.045024] (-) TimerEvent: {}
[247.145729] (-) TimerEvent: {}
[247.246445] (-) TimerEvent: {}
[247.347076] (-) TimerEvent: {}
[247.447571] (-) TimerEvent: {}
[247.548298] (-) TimerEvent: {}
[247.648942] (-) TimerEvent: {}
[247.749491] (-) TimerEvent: {}
[247.850294] (-) TimerEvent: {}
[247.951024] (-) TimerEvent: {}
[248.051926] (-) TimerEvent: {}
[248.152625] (-) TimerEvent: {}
[248.253233] (-) TimerEvent: {}
[248.353705] (-) TimerEvent: {}
[248.454007] (-) TimerEvent: {}
[248.554569] (-) TimerEvent: {}
[248.655093] (-) TimerEvent: {}
[248.755742] (-) TimerEvent: {}
[248.856551] (-) TimerEvent: {}
[248.957500] (-) TimerEvent: {}
[249.058189] (-) TimerEvent: {}
[249.158791] (-) TimerEvent: {}
[249.259426] (-) TimerEvent: {}
[249.359979] (-) TimerEvent: {}
[249.460510] (-) TimerEvent: {}
[249.561047] (-) TimerEvent: {}
[249.661582] (-) TimerEvent: {}
[249.762166] (-) TimerEvent: {}
[249.862592] (-) TimerEvent: {}
[249.962996] (-) TimerEvent: {}
[250.063526] (-) TimerEvent: {}
[250.164157] (-) TimerEvent: {}
[250.264754] (-) TimerEvent: {}
[250.365317] (-) TimerEvent: {}
[250.465966] (-) TimerEvent: {}
[250.566514] (-) TimerEvent: {}
[250.667226] (-) TimerEvent: {}
[250.767926] (-) TimerEvent: {}
[250.868549] (-) TimerEvent: {}
[250.969336] (-) TimerEvent: {}
[251.069982] (-) TimerEvent: {}
[251.170644] (-) TimerEvent: {}
[251.271358] (-) TimerEvent: {}
[251.371958] (-) TimerEvent: {}
[251.472616] (-) TimerEvent: {}
[251.573150] (-) TimerEvent: {}
[251.673679] (-) TimerEvent: {}
[251.774265] (-) TimerEvent: {}
[251.874887] (-) TimerEvent: {}
[251.975507] (-) TimerEvent: {}
[252.076205] (-) TimerEvent: {}
[252.176913] (-) TimerEvent: {}
[252.277517] (-) TimerEvent: {}
[252.378363] (-) TimerEvent: {}
[252.478945] (-) TimerEvent: {}
[252.579612] (-) TimerEvent: {}
[252.680524] (-) TimerEvent: {}
[252.781134] (-) TimerEvent: {}
[252.881954] (-) TimerEvent: {}
[252.982740] (-) TimerEvent: {}
[253.083425] (-) TimerEvent: {}
[253.184166] (-) TimerEvent: {}
[253.284996] (-) TimerEvent: {}
[253.385819] (-) TimerEvent: {}
[253.486586] (-) TimerEvent: {}
[253.587237] (-) TimerEvent: {}
[253.688089] (-) TimerEvent: {}
[253.788814] (-) TimerEvent: {}
[253.889705] (-) TimerEvent: {}
[253.990480] (-) TimerEvent: {}
[254.091254] (-) TimerEvent: {}
[254.191954] (-) TimerEvent: {}
[254.292680] (-) TimerEvent: {}
[254.393431] (-) TimerEvent: {}
[254.493985] (-) TimerEvent: {}
[254.594607] (-) TimerEvent: {}
[254.695273] (-) TimerEvent: {}
[254.795778] (-) TimerEvent: {}
[254.896338] (-) TimerEvent: {}
[254.997048] (-) TimerEvent: {}
[255.097774] (-) TimerEvent: {}
[255.198511] (-) TimerEvent: {}
[255.299209] (-) TimerEvent: {}
[255.399748] (-) TimerEvent: {}
[255.500486] (-) TimerEvent: {}
[255.601332] (-) TimerEvent: {}
[255.702144] (-) TimerEvent: {}
[255.803023] (-) TimerEvent: {}
[255.903933] (-) TimerEvent: {}
[256.004720] (-) TimerEvent: {}
[256.105508] (-) TimerEvent: {}
[256.206328] (-) TimerEvent: {}
[256.307033] (-) TimerEvent: {}
[256.407906] (-) TimerEvent: {}
[256.508686] (-) TimerEvent: {}
[256.609577] (-) TimerEvent: {}
[256.710406] (-) TimerEvent: {}
[256.811121] (-) TimerEvent: {}
[256.911939] (-) TimerEvent: {}
[257.012720] (-) TimerEvent: {}
[257.113459] (-) TimerEvent: {}
[257.214231] (-) TimerEvent: {}
[257.315013] (-) TimerEvent: {}
[257.415785] (-) TimerEvent: {}
[257.516408] (-) TimerEvent: {}
[257.617081] (-) TimerEvent: {}
[257.717618] (-) TimerEvent: {}
[257.818281] (-) TimerEvent: {}
[257.918959] (-) TimerEvent: {}
[258.019626] (-) TimerEvent: {}
[258.120366] (-) TimerEvent: {}
[258.220996] (-) TimerEvent: {}
[258.321765] (-) TimerEvent: {}
[258.422575] (-) TimerEvent: {}
[258.523384] (-) TimerEvent: {}
[258.624093] (-) TimerEvent: {}
[258.724790] (-) TimerEvent: {}
[258.825484] (-) TimerEvent: {}
[258.926229] (-) TimerEvent: {}
[259.027083] (-) TimerEvent: {}
[259.127987] (-) TimerEvent: {}
[259.228730] (-) TimerEvent: {}
[259.329523] (-) TimerEvent: {}
[259.430119] (-) TimerEvent: {}
[259.530973] (-) TimerEvent: {}
[259.631598] (-) TimerEvent: {}
[259.732226] (-) TimerEvent: {}
[259.832999] (-) TimerEvent: {}
[259.933612] (-) TimerEvent: {}
[260.034330] (-) TimerEvent: {}
[260.134960] (-) TimerEvent: {}
[260.235754] (-) TimerEvent: {}
[260.336507] (-) TimerEvent: {}
[260.437308] (-) TimerEvent: {}
[260.538078] (-) TimerEvent: {}
[260.638939] (-) TimerEvent: {}
[260.739615] (-) TimerEvent: {}
[260.840285] (-) TimerEvent: {}
[260.940992] (-) TimerEvent: {}
[261.041596] (-) TimerEvent: {}
[261.142245] (-) TimerEvent: {}
[261.243004] (-) TimerEvent: {}
[261.343727] (-) TimerEvent: {}
[261.444413] (-) TimerEvent: {}
[261.545146] (-) TimerEvent: {}
[261.645793] (-) TimerEvent: {}
[261.746552] (-) TimerEvent: {}
[261.847376] (-) TimerEvent: {}
[261.948130] (-) TimerEvent: {}
[262.049174] (-) TimerEvent: {}
[262.150016] (-) TimerEvent: {}
[262.250750] (-) TimerEvent: {}
[262.351343] (-) TimerEvent: {}
[262.451994] (-) TimerEvent: {}
[262.552775] (-) TimerEvent: {}
[262.653686] (-) TimerEvent: {}
[262.754484] (-) TimerEvent: {}
[262.855107] (-) TimerEvent: {}
[262.955977] (-) TimerEvent: {}
[263.056788] (-) TimerEvent: {}
[263.157716] (-) TimerEvent: {}
[263.258561] (-) TimerEvent: {}
[263.359446] (-) TimerEvent: {}
[263.460362] (-) TimerEvent: {}
[263.561244] (-) TimerEvent: {}
[263.662082] (-) TimerEvent: {}
[263.762898] (-) TimerEvent: {}
[263.863630] (-) TimerEvent: {}
[263.964341] (-) TimerEvent: {}
[264.064942] (-) TimerEvent: {}
[264.165396] (-) TimerEvent: {}
[264.266059] (-) TimerEvent: {}
[264.366675] (-) TimerEvent: {}
[264.467529] (-) TimerEvent: {}
[264.568219] (-) TimerEvent: {}
[264.668879] (-) TimerEvent: {}
[264.769438] (-) TimerEvent: {}
[264.869865] (-) TimerEvent: {}
[264.970467] (-) TimerEvent: {}
[265.071214] (-) TimerEvent: {}
[265.171734] (-) TimerEvent: {}
[265.272350] (-) TimerEvent: {}
[265.372996] (-) TimerEvent: {}
[265.473465] (-) TimerEvent: {}
[265.574189] (-) TimerEvent: {}
[265.674992] (-) TimerEvent: {}
[265.775719] (-) TimerEvent: {}
[265.876391] (-) TimerEvent: {}
[265.976976] (-) TimerEvent: {}
[266.077598] (-) TimerEvent: {}
[266.178273] (-) TimerEvent: {}
[266.278970] (-) TimerEvent: {}
[266.379718] (-) TimerEvent: {}
[266.480512] (-) TimerEvent: {}
[266.581187] (-) TimerEvent: {}
[266.681757] (-) TimerEvent: {}
[266.782369] (-) TimerEvent: {}
[266.882971] (-) TimerEvent: {}
[266.983570] (-) TimerEvent: {}
[267.084370] (-) TimerEvent: {}
[267.185267] (-) TimerEvent: {}
[267.286038] (-) TimerEvent: {}
[267.386735] (-) TimerEvent: {}
[267.487366] (-) TimerEvent: {}
[267.588154] (-) TimerEvent: {}
[267.688669] (-) TimerEvent: {}
[267.789271] (-) TimerEvent: {}
[267.890076] (-) TimerEvent: {}
[267.990914] (-) TimerEvent: {}
[268.091751] (-) TimerEvent: {}
[268.192633] (-) TimerEvent: {}
[268.293328] (-) TimerEvent: {}
[268.393942] (-) TimerEvent: {}
[268.494592] (-) TimerEvent: {}
[268.595408] (-) TimerEvent: {}
[268.696237] (-) TimerEvent: {}
[268.796794] (-) TimerEvent: {}
[268.897341] (-) TimerEvent: {}
[268.997788] (-) TimerEvent: {}
[269.098520] (-) TimerEvent: {}
[269.199284] (-) TimerEvent: {}
[269.300094] (-) TimerEvent: {}
[269.400806] (-) TimerEvent: {}
[269.501271] (-) TimerEvent: {}
[269.602096] (-) TimerEvent: {}
[269.702870] (-) TimerEvent: {}
[269.803625] (-) TimerEvent: {}
[269.904401] (-) TimerEvent: {}
[270.005299] (-) TimerEvent: {}
[270.106106] (-) TimerEvent: {}
[270.206624] (-) TimerEvent: {}
[270.307396] (-) TimerEvent: {}
[270.408104] (-) TimerEvent: {}
[270.508929] (-) TimerEvent: {}
[270.609606] (-) TimerEvent: {}
[270.710507] (-) TimerEvent: {}
[270.811391] (-) TimerEvent: {}
[270.912162] (-) TimerEvent: {}
[271.012795] (-) TimerEvent: {}
[271.113578] (-) TimerEvent: {}
[271.214543] (-) TimerEvent: {}
[271.315453] (-) TimerEvent: {}
[271.416342] (-) TimerEvent: {}
[271.517114] (-) TimerEvent: {}
[271.617928] (-) TimerEvent: {}
[271.718625] (-) TimerEvent: {}
[271.819541] (-) TimerEvent: {}
[271.920449] (-) TimerEvent: {}
[272.021337] (-) TimerEvent: {}
[272.122138] (-) TimerEvent: {}
[272.222962] (-) TimerEvent: {}
[272.323684] (-) TimerEvent: {}
[272.424375] (-) TimerEvent: {}
[272.524912] (-) TimerEvent: {}
[272.625326] (-) TimerEvent: {}
[272.725921] (-) TimerEvent: {}
[272.826315] (-) TimerEvent: {}
[272.926889] (-) TimerEvent: {}
[273.027468] (-) TimerEvent: {}
[273.128103] (-) TimerEvent: {}
[273.228912] (-) TimerEvent: {}
[273.329658] (-) TimerEvent: {}
[273.430461] (-) TimerEvent: {}
[273.531093] (-) TimerEvent: {}
[273.631712] (-) TimerEvent: {}
[273.732328] (-) TimerEvent: {}
[273.832916] (-) TimerEvent: {}
[273.933444] (-) TimerEvent: {}
[274.034011] (-) TimerEvent: {}
[274.134614] (-) TimerEvent: {}
[274.235265] (-) TimerEvent: {}
[274.335767] (-) TimerEvent: {}
[274.436320] (-) TimerEvent: {}
[274.536634] (-) TimerEvent: {}
[274.636928] (-) TimerEvent: {}
[274.737517] (-) TimerEvent: {}
[274.838180] (-) TimerEvent: {}
[274.938748] (-) TimerEvent: {}
[275.039415] (-) TimerEvent: {}
[275.140138] (-) TimerEvent: {}
[275.241998] (-) TimerEvent: {}
[275.342585] (-) TimerEvent: {}
[275.443269] (-) TimerEvent: {}
[275.544008] (-) TimerEvent: {}
[275.644594] (-) TimerEvent: {}
[275.745299] (-) TimerEvent: {}
[275.845712] (-) TimerEvent: {}
[275.946037] (-) TimerEvent: {}
[276.046268] (-) TimerEvent: {}
[276.146626] (-) TimerEvent: {}
[276.246972] (-) TimerEvent: {}
[276.347499] (-) TimerEvent: {}
[276.448212] (-) TimerEvent: {}
[276.548773] (-) TimerEvent: {}
[276.649309] (-) TimerEvent: {}
[276.749647] (-) TimerEvent: {}
[276.849992] (-) TimerEvent: {}
[276.950509] (-) TimerEvent: {}
[277.050969] (-) TimerEvent: {}
[277.151491] (-) TimerEvent: {}
[277.251855] (-) TimerEvent: {}
[277.352301] (-) TimerEvent: {}
[277.452795] (-) TimerEvent: {}
[277.553380] (-) TimerEvent: {}
[277.653749] (-) TimerEvent: {}
[277.754315] (-) TimerEvent: {}
[277.854793] (-) TimerEvent: {}
[277.955339] (-) TimerEvent: {}
[278.055840] (-) TimerEvent: {}
[278.156409] (-) TimerEvent: {}
[278.257027] (-) TimerEvent: {}
[278.357651] (-) TimerEvent: {}
[278.458209] (-) TimerEvent: {}
[278.558613] (-) TimerEvent: {}
[278.659161] (-) TimerEvent: {}
[278.759742] (-) TimerEvent: {}
[278.860390] (-) TimerEvent: {}
[278.961090] (-) TimerEvent: {}
[279.061683] (-) TimerEvent: {}
[279.162277] (-) TimerEvent: {}
[279.262954] (-) TimerEvent: {}
[279.363509] (-) TimerEvent: {}
[279.464150] (-) TimerEvent: {}
[279.564691] (-) TimerEvent: {}
[279.665257] (-) TimerEvent: {}
[279.765766] (-) TimerEvent: {}
[279.866390] (-) TimerEvent: {}
[279.966938] (-) TimerEvent: {}
[280.067479] (-) TimerEvent: {}
[280.168143] (-) TimerEvent: {}
[280.268870] (-) TimerEvent: {}
[280.369457] (-) TimerEvent: {}
[280.470057] (-) TimerEvent: {}
[280.570505] (-) TimerEvent: {}
[280.671255] (-) TimerEvent: {}
[280.772018] (-) TimerEvent: {}
[280.872720] (-) TimerEvent: {}
[280.973243] (-) TimerEvent: {}
[281.073896] (-) TimerEvent: {}
[281.174349] (-) TimerEvent: {}
[281.274868] (-) TimerEvent: {}
[281.375296] (-) TimerEvent: {}
[281.475802] (-) TimerEvent: {}
[281.576392] (-) TimerEvent: {}
[281.677111] (-) TimerEvent: {}
[281.777697] (-) TimerEvent: {}
[281.878323] (-) TimerEvent: {}
[281.979123] (-) TimerEvent: {}
[282.079756] (-) TimerEvent: {}
[282.180481] (-) TimerEvent: {}
[282.281155] (-) TimerEvent: {}
[282.381581] (-) TimerEvent: {}
[282.482242] (-) TimerEvent: {}
[282.582797] (-) TimerEvent: {}
[282.683272] (-) TimerEvent: {}
[282.783911] (-) TimerEvent: {}
[282.884513] (-) TimerEvent: {}
[282.985006] (-) TimerEvent: {}
[283.085697] (-) TimerEvent: {}
[283.186426] (-) TimerEvent: {}
[283.287145] (-) TimerEvent: {}
[283.387787] (-) TimerEvent: {}
[283.488397] (-) TimerEvent: {}
[283.588855] (-) TimerEvent: {}
[283.689350] (-) TimerEvent: {}
[283.789934] (-) TimerEvent: {}
[283.890637] (-) TimerEvent: {}
[283.991337] (-) TimerEvent: {}
[284.092403] (-) TimerEvent: {}
[284.192949] (-) TimerEvent: {}
[284.293500] (-) TimerEvent: {}
[284.394182] (-) TimerEvent: {}
[284.494991] (-) TimerEvent: {}
[284.595652] (-) TimerEvent: {}
[284.696466] (-) TimerEvent: {}
[284.797211] (-) TimerEvent: {}
[284.897818] (-) TimerEvent: {}
[284.998614] (-) TimerEvent: {}
[285.099233] (-) TimerEvent: {}
[285.199902] (-) TimerEvent: {}
[285.300547] (-) TimerEvent: {}
[285.401075] (-) TimerEvent: {}
[285.501688] (-) TimerEvent: {}
[285.602178] (-) TimerEvent: {}
[285.702903] (-) TimerEvent: {}
[285.803421] (-) TimerEvent: {}
[285.903997] (-) TimerEvent: {}
[286.004648] (-) TimerEvent: {}
[286.105368] (-) TimerEvent: {}
[286.206010] (-) TimerEvent: {}
[286.306560] (-) TimerEvent: {}
[286.407177] (-) TimerEvent: {}
[286.507660] (-) TimerEvent: {}
[286.608468] (-) TimerEvent: {}
[286.709136] (-) TimerEvent: {}
[286.809701] (-) TimerEvent: {}
[286.910301] (-) TimerEvent: {}
[287.010915] (-) TimerEvent: {}
[287.111646] (-) TimerEvent: {}
[287.212420] (-) TimerEvent: {}
[287.313154] (-) TimerEvent: {}
[287.413912] (-) TimerEvent: {}
[287.514496] (-) TimerEvent: {}
[287.615226] (-) TimerEvent: {}
[287.716126] (-) TimerEvent: {}
[287.817035] (-) TimerEvent: {}
[287.917951] (-) TimerEvent: {}
[288.018616] (-) TimerEvent: {}
[288.119343] (-) TimerEvent: {}
[288.220224] (-) TimerEvent: {}
[288.320961] (-) TimerEvent: {}
[288.421819] (-) TimerEvent: {}
[288.522479] (-) TimerEvent: {}
[288.623275] (-) TimerEvent: {}
[288.724057] (-) TimerEvent: {}
[288.824700] (-) TimerEvent: {}
[288.925497] (-) TimerEvent: {}
[289.026317] (-) TimerEvent: {}
[289.126923] (-) TimerEvent: {}
[289.227549] (-) TimerEvent: {}
[289.328379] (-) TimerEvent: {}
[289.428958] (-) TimerEvent: {}
[289.529588] (-) TimerEvent: {}
[289.630425] (-) TimerEvent: {}
[289.731029] (-) TimerEvent: {}
[289.831640] (-) TimerEvent: {}
[289.932283] (-) TimerEvent: {}
[290.033030] (-) TimerEvent: {}
[290.134037] (-) TimerEvent: {}
[290.235034] (-) TimerEvent: {}
[290.335655] (-) TimerEvent: {}
[290.436326] (-) TimerEvent: {}
[290.537189] (-) TimerEvent: {}
[290.638132] (-) TimerEvent: {}
[290.739043] (-) TimerEvent: {}
[290.839809] (-) TimerEvent: {}
[290.940547] (-) TimerEvent: {}
[291.041411] (-) TimerEvent: {}
[291.142419] (-) TimerEvent: {}
[291.243365] (-) TimerEvent: {}
[291.344252] (-) TimerEvent: {}
[291.445052] (-) TimerEvent: {}
[291.545610] (-) TimerEvent: {}
[291.646530] (-) TimerEvent: {}
[291.747248] (-) TimerEvent: {}
[291.847905] (-) TimerEvent: {}
[291.948586] (-) TimerEvent: {}
[292.049189] (-) TimerEvent: {}
[292.149540] (-) TimerEvent: {}
[292.249932] (-) TimerEvent: {}
[292.350358] (-) TimerEvent: {}
[292.450960] (-) TimerEvent: {}
[292.551578] (-) TimerEvent: {}
[292.652187] (-) TimerEvent: {}
[292.752817] (-) TimerEvent: {}
[292.853525] (-) TimerEvent: {}
[292.954077] (-) TimerEvent: {}
[293.054682] (-) TimerEvent: {}
[293.155305] (-) TimerEvent: {}
[293.256147] (-) TimerEvent: {}
[293.356942] (-) TimerEvent: {}
[293.457569] (-) TimerEvent: {}
[293.558189] (-) TimerEvent: {}
[293.658923] (-) TimerEvent: {}
[293.759597] (-) TimerEvent: {}
[293.860328] (-) TimerEvent: {}
[293.961139] (-) TimerEvent: {}
[294.061804] (-) TimerEvent: {}
[294.162438] (-) TimerEvent: {}
[294.263062] (-) TimerEvent: {}
[294.363740] (-) TimerEvent: {}
[294.464645] (-) TimerEvent: {}
[294.565578] (-) TimerEvent: {}
[294.666308] (-) TimerEvent: {}
[294.767094] (-) TimerEvent: {}
[294.867976] (-) TimerEvent: {}
[294.968940] (-) TimerEvent: {}
[295.069716] (-) TimerEvent: {}
[295.170346] (-) TimerEvent: {}
[295.270974] (-) TimerEvent: {}
[295.371637] (-) TimerEvent: {}
[295.472301] (-) TimerEvent: {}
[295.572889] (-) TimerEvent: {}
[295.673312] (-) TimerEvent: {}
[295.773999] (-) TimerEvent: {}
[295.874794] (-) TimerEvent: {}
[295.975717] (-) TimerEvent: {}
[296.076389] (-) TimerEvent: {}
[296.177136] (-) TimerEvent: {}
[296.278012] (-) TimerEvent: {}
[296.378766] (-) TimerEvent: {}
[296.479724] (-) TimerEvent: {}
[296.580353] (-) TimerEvent: {}
[296.681071] (-) TimerEvent: {}
[296.781910] (-) TimerEvent: {}
[296.882524] (-) TimerEvent: {}
[296.983218] (-) TimerEvent: {}
[297.083750] (-) TimerEvent: {}
[297.184264] (-) TimerEvent: {}
[297.284882] (-) TimerEvent: {}
[297.385614] (-) TimerEvent: {}
[297.486166] (-) TimerEvent: {}
[297.586752] (-) TimerEvent: {}
[297.687391] (-) TimerEvent: {}
[297.787972] (-) TimerEvent: {}
[297.888479] (-) TimerEvent: {}
[297.989076] (-) TimerEvent: {}
[298.089794] (-) TimerEvent: {}
[298.190513] (-) TimerEvent: {}
[298.291051] (-) TimerEvent: {}
[298.391546] (-) TimerEvent: {}
[298.492269] (-) TimerEvent: {}
[298.592985] (-) TimerEvent: {}
[298.693682] (-) TimerEvent: {}
[298.794347] (-) TimerEvent: {}
[298.895092] (-) TimerEvent: {}
[298.995927] (-) TimerEvent: {}
[299.096643] (-) TimerEvent: {}
[299.197248] (-) TimerEvent: {}
[299.297953] (-) TimerEvent: {}
[299.398493] (-) TimerEvent: {}
[299.499260] (-) TimerEvent: {}
[299.600108] (-) TimerEvent: {}
[299.700853] (-) TimerEvent: {}
[299.801360] (-) TimerEvent: {}
[299.901853] (-) TimerEvent: {}
[300.002279] (-) TimerEvent: {}
[300.102936] (-) TimerEvent: {}
[300.203648] (-) TimerEvent: {}
[300.304248] (-) TimerEvent: {}
[300.404787] (-) TimerEvent: {}
[300.505441] (-) TimerEvent: {}
[300.606224] (-) TimerEvent: {}
[300.706989] (-) TimerEvent: {}
[300.807730] (-) TimerEvent: {}
[300.908548] (-) TimerEvent: {}
[301.009352] (-) TimerEvent: {}
[301.110067] (-) TimerEvent: {}
[301.210764] (-) TimerEvent: {}
[301.311474] (-) TimerEvent: {}
[301.412161] (-) TimerEvent: {}
[301.512715] (-) TimerEvent: {}
[301.613405] (-) TimerEvent: {}
[301.714217] (-) TimerEvent: {}
[301.814915] (-) TimerEvent: {}
[301.915546] (-) TimerEvent: {}
[302.016168] (-) TimerEvent: {}
[302.116748] (-) TimerEvent: {}
[302.217255] (-) TimerEvent: {}
[302.317776] (-) TimerEvent: {}
[302.418318] (-) TimerEvent: {}
[302.518921] (-) TimerEvent: {}
[302.619715] (-) TimerEvent: {}
[302.720334] (-) TimerEvent: {}
[302.820817] (-) TimerEvent: {}
[302.921485] (-) TimerEvent: {}
[303.022067] (-) TimerEvent: {}
[303.122673] (-) TimerEvent: {}
[303.223261] (-) TimerEvent: {}
[303.323913] (-) TimerEvent: {}
[303.424439] (-) TimerEvent: {}
[303.524929] (-) TimerEvent: {}
[303.625514] (-) TimerEvent: {}
[303.726245] (-) TimerEvent: {}
[303.826961] (-) TimerEvent: {}
[303.927581] (-) TimerEvent: {}
[304.028212] (-) TimerEvent: {}
[304.128921] (-) TimerEvent: {}
[304.229472] (-) TimerEvent: {}
[304.330038] (-) TimerEvent: {}
[304.430583] (-) TimerEvent: {}
[304.531234] (-) TimerEvent: {}
[304.631907] (-) TimerEvent: {}
[304.732475] (-) TimerEvent: {}
[304.832989] (-) TimerEvent: {}
[304.933683] (-) TimerEvent: {}
[305.034514] (-) TimerEvent: {}
[305.135189] (-) TimerEvent: {}
[305.235911] (-) TimerEvent: {}
[305.336384] (-) TimerEvent: {}
[305.436966] (-) TimerEvent: {}
[305.537665] (-) TimerEvent: {}
[305.638186] (-) TimerEvent: {}
[305.738979] (-) TimerEvent: {}
[305.839668] (-) TimerEvent: {}
[305.940275] (-) TimerEvent: {}
[306.040952] (-) TimerEvent: {}
[306.141706] (-) TimerEvent: {}
[306.242473] (-) TimerEvent: {}
[306.343266] (-) TimerEvent: {}
[306.443996] (-) TimerEvent: {}
[306.544779] (-) TimerEvent: {}
[306.645454] (-) TimerEvent: {}
[306.746176] (-) TimerEvent: {}
[306.846876] (-) TimerEvent: {}
[306.947655] (-) TimerEvent: {}
[307.048297] (-) TimerEvent: {}
[307.148778] (-) TimerEvent: {}
[307.249517] (-) TimerEvent: {}
[307.350101] (-) TimerEvent: {}
[307.450801] (-) TimerEvent: {}
[307.551357] (-) TimerEvent: {}
[307.651795] (-) TimerEvent: {}
[307.752420] (-) TimerEvent: {}
[307.853188] (-) TimerEvent: {}
[307.953709] (-) TimerEvent: {}
[308.054246] (-) TimerEvent: {}
[308.154775] (-) TimerEvent: {}
[308.255361] (-) TimerEvent: {}
[308.355957] (-) TimerEvent: {}
[308.456457] (-) TimerEvent: {}
[308.556895] (-) TimerEvent: {}
[308.657480] (-) TimerEvent: {}
[308.758215] (-) TimerEvent: {}
[308.858818] (-) TimerEvent: {}
[308.959646] (-) TimerEvent: {}
[309.060387] (-) TimerEvent: {}
[309.161074] (-) TimerEvent: {}
[309.261701] (-) TimerEvent: {}
[309.362366] (-) TimerEvent: {}
[309.463059] (-) TimerEvent: {}
[309.563652] (-) TimerEvent: {}
[309.664268] (-) TimerEvent: {}
[309.764950] (-) TimerEvent: {}
[309.865750] (-) TimerEvent: {}
[309.966553] (-) TimerEvent: {}
[310.067331] (-) TimerEvent: {}
[310.167926] (-) TimerEvent: {}
[310.268432] (-) TimerEvent: {}
[310.368895] (-) TimerEvent: {}
[310.469390] (-) TimerEvent: {}
[310.570067] (-) TimerEvent: {}
[310.670728] (-) TimerEvent: {}
[310.771538] (-) TimerEvent: {}
[310.872291] (-) TimerEvent: {}
[310.972991] (-) TimerEvent: {}
[311.073521] (-) TimerEvent: {}
[311.174170] (-) TimerEvent: {}
[311.274743] (-) TimerEvent: {}
[311.375379] (-) TimerEvent: {}
[311.476061] (-) TimerEvent: {}
[311.576669] (-) TimerEvent: {}
[311.677429] (-) TimerEvent: {}
[311.778012] (-) TimerEvent: {}
[311.878648] (-) TimerEvent: {}
[311.979395] (-) TimerEvent: {}
[312.079951] (-) TimerEvent: {}
[312.180512] (-) TimerEvent: {}
[312.281060] (-) TimerEvent: {}
[312.381568] (-) TimerEvent: {}
[312.482316] (-) TimerEvent: {}
[312.582901] (-) TimerEvent: {}
[312.683575] (-) TimerEvent: {}
[312.784357] (-) TimerEvent: {}
[312.885029] (-) TimerEvent: {}
[312.985601] (-) TimerEvent: {}
[313.086408] (-) TimerEvent: {}
[313.187194] (-) TimerEvent: {}
[313.287818] (-) TimerEvent: {}
[313.388405] (-) TimerEvent: {}
[313.488938] (-) TimerEvent: {}
[313.589586] (-) TimerEvent: {}
[313.690467] (-) TimerEvent: {}
[313.791177] (-) TimerEvent: {}
[313.891699] (-) TimerEvent: {}
[313.992319] (-) TimerEvent: {}
[314.092971] (-) TimerEvent: {}
[314.193510] (-) TimerEvent: {}
[314.294067] (-) TimerEvent: {}
[314.394657] (-) TimerEvent: {}
[314.495295] (-) TimerEvent: {}
[314.596002] (-) TimerEvent: {}
[314.696789] (-) TimerEvent: {}
[314.797489] (-) TimerEvent: {}
[314.898111] (-) TimerEvent: {}
[314.998751] (-) TimerEvent: {}
[315.099440] (-) TimerEvent: {}
[315.200135] (-) TimerEvent: {}
[315.300800] (-) TimerEvent: {}
[315.401422] (-) TimerEvent: {}
[315.501969] (-) TimerEvent: {}
[315.602498] (-) TimerEvent: {}
[315.703116] (-) TimerEvent: {}
[315.803761] (-) TimerEvent: {}
[315.904387] (-) TimerEvent: {}
[316.005148] (-) TimerEvent: {}
[316.105683] (-) TimerEvent: {}
[316.206499] (-) TimerEvent: {}
[316.307318] (-) TimerEvent: {}
[316.408098] (-) TimerEvent: {}
[316.508848] (-) TimerEvent: {}
[316.609426] (-) TimerEvent: {}
[316.709994] (-) TimerEvent: {}
[316.810683] (-) TimerEvent: {}
[316.911366] (-) TimerEvent: {}
[317.011946] (-) TimerEvent: {}
[317.112650] (-) TimerEvent: {}
[317.213296] (-) TimerEvent: {}
[317.313930] (-) TimerEvent: {}
[317.414534] (-) TimerEvent: {}
[317.515283] (-) TimerEvent: {}
[317.616034] (-) TimerEvent: {}
[317.716755] (-) TimerEvent: {}
[317.817515] (-) TimerEvent: {}
[317.918328] (-) TimerEvent: {}
[318.018982] (-) TimerEvent: {}
[318.119580] (-) TimerEvent: {}
[318.220335] (-) TimerEvent: {}
[318.320947] (-) TimerEvent: {}
[318.421514] (-) TimerEvent: {}
[318.522218] (-) TimerEvent: {}
[318.622977] (-) TimerEvent: {}
[318.723676] (-) TimerEvent: {}
[318.824482] (-) TimerEvent: {}
[318.925064] (-) TimerEvent: {}
[319.025607] (-) TimerEvent: {}
[319.126190] (-) TimerEvent: {}
[319.226863] (-) TimerEvent: {}
[319.327417] (-) TimerEvent: {}
[319.427884] (-) TimerEvent: {}
[319.528585] (-) TimerEvent: {}
[319.629115] (-) TimerEvent: {}
[319.729627] (-) TimerEvent: {}
[319.830298] (-) TimerEvent: {}
[319.930870] (-) TimerEvent: {}
[320.031409] (-) TimerEvent: {}
[320.131972] (-) TimerEvent: {}
[320.232728] (-) TimerEvent: {}
[320.333485] (-) TimerEvent: {}
[320.434063] (-) TimerEvent: {}
[320.534585] (-) TimerEvent: {}
[320.635007] (-) TimerEvent: {}
[320.735809] (-) TimerEvent: {}
[320.836496] (-) TimerEvent: {}
[320.937253] (-) TimerEvent: {}
[321.038010] (-) TimerEvent: {}
[321.138617] (-) TimerEvent: {}
[321.239025] (-) TimerEvent: {}
[321.339566] (-) TimerEvent: {}
[321.440215] (-) TimerEvent: {}
[321.540870] (-) TimerEvent: {}
[321.641431] (-) TimerEvent: {}
[321.741947] (-) TimerEvent: {}
[321.842243] (-) TimerEvent: {}
[321.942500] (-) TimerEvent: {}
[322.042926] (-) TimerEvent: {}
[322.143293] (-) TimerEvent: {}
[322.243879] (-) TimerEvent: {}
[322.344321] (-) TimerEvent: {}
[322.444800] (-) TimerEvent: {}
[322.545046] (-) TimerEvent: {}
[322.645464] (-) TimerEvent: {}
[322.746165] (-) TimerEvent: {}
[322.846775] (-) TimerEvent: {}
[322.947328] (-) TimerEvent: {}
[323.047868] (-) TimerEvent: {}
[323.148392] (-) TimerEvent: {}
[323.248999] (-) TimerEvent: {}
[323.349515] (-) TimerEvent: {}
[323.450413] (-) TimerEvent: {}
[323.550997] (-) TimerEvent: {}
[323.651434] (-) TimerEvent: {}
[323.751938] (-) TimerEvent: {}
[323.852326] (-) TimerEvent: {}
[323.952948] (-) TimerEvent: {}
[324.053496] (-) TimerEvent: {}
[324.154286] (-) TimerEvent: {}
[324.255050] (-) TimerEvent: {}
[324.355756] (-) TimerEvent: {}
[324.456406] (-) TimerEvent: {}
[324.556993] (-) TimerEvent: {}
[324.657441] (-) TimerEvent: {}
[324.757988] (-) TimerEvent: {}
[324.858373] (-) TimerEvent: {}
[324.959000] (-) TimerEvent: {}
[325.059494] (-) TimerEvent: {}
[325.160030] (-) TimerEvent: {}
[325.260527] (-) TimerEvent: {}
[325.360931] (-) TimerEvent: {}
[325.461499] (-) TimerEvent: {}
[325.562059] (-) TimerEvent: {}
[325.662610] (-) TimerEvent: {}
[325.763178] (-) TimerEvent: {}
[325.863651] (-) TimerEvent: {}
[325.964069] (-) TimerEvent: {}
[326.064469] (-) TimerEvent: {}
[326.164897] (-) TimerEvent: {}
[326.265411] (-) TimerEvent: {}
[326.365920] (-) TimerEvent: {}
[326.466433] (-) TimerEvent: {}
[326.566971] (-) TimerEvent: {}
[326.667545] (-) TimerEvent: {}
[326.768305] (-) TimerEvent: {}
[326.869098] (-) TimerEvent: {}
[326.969938] (-) TimerEvent: {}
[327.070408] (-) TimerEvent: {}
[327.170913] (-) TimerEvent: {}
[327.271321] (-) TimerEvent: {}
[327.371940] (-) TimerEvent: {}
[327.472465] (-) TimerEvent: {}
[327.573054] (-) TimerEvent: {}
[327.673789] (-) TimerEvent: {}
[327.774532] (-) TimerEvent: {}
[327.875084] (-) TimerEvent: {}
[327.975697] (-) TimerEvent: {}
[328.076305] (-) TimerEvent: {}
[328.176775] (-) TimerEvent: {}
[328.277199] (-) TimerEvent: {}
[328.377662] (-) TimerEvent: {}
[328.478070] (-) TimerEvent: {}
[328.578484] (-) TimerEvent: {}
[328.679033] (-) TimerEvent: {}
[328.779637] (-) TimerEvent: {}
[328.880333] (-) TimerEvent: {}
[328.980979] (-) TimerEvent: {}
[329.081581] (-) TimerEvent: {}
[329.182274] (-) TimerEvent: {}
[329.283078] (-) TimerEvent: {}
[329.383726] (-) TimerEvent: {}
[329.484465] (-) TimerEvent: {}
[329.585120] (-) TimerEvent: {}
[329.685964] (-) TimerEvent: {}
[329.786565] (-) TimerEvent: {}
[329.887113] (-) TimerEvent: {}
[329.987556] (-) TimerEvent: {}
[330.088305] (-) TimerEvent: {}
[330.188945] (-) TimerEvent: {}
[330.289577] (-) TimerEvent: {}
[330.390277] (-) TimerEvent: {}
[330.491014] (-) TimerEvent: {}
[330.591949] (-) TimerEvent: {}
[330.692795] (-) TimerEvent: {}
[330.793549] (-) TimerEvent: {}
[330.894348] (-) TimerEvent: {}
[330.995026] (-) TimerEvent: {}
[331.095593] (-) TimerEvent: {}
[331.196301] (-) TimerEvent: {}
[331.296919] (-) TimerEvent: {}
[331.397515] (-) TimerEvent: {}
[331.498120] (-) TimerEvent: {}
[331.598763] (-) TimerEvent: {}
[331.699377] (-) TimerEvent: {}
[331.800016] (-) TimerEvent: {}
[331.900682] (-) TimerEvent: {}
[332.001394] (-) TimerEvent: {}
[332.102320] (-) TimerEvent: {}
[332.202977] (-) TimerEvent: {}
[332.303569] (-) TimerEvent: {}
[332.404208] (-) TimerEvent: {}
[332.504810] (-) TimerEvent: {}
[332.605442] (-) TimerEvent: {}
[332.706042] (-) TimerEvent: {}
[332.806753] (-) TimerEvent: {}
[332.907469] (-) TimerEvent: {}
[333.008212] (-) TimerEvent: {}
[333.108977] (-) TimerEvent: {}
[333.209689] (-) TimerEvent: {}
[333.310668] (-) TimerEvent: {}
[333.411384] (-) TimerEvent: {}
[333.512263] (-) TimerEvent: {}
[333.613005] (-) TimerEvent: {}
[333.713927] (-) TimerEvent: {}
[333.814642] (-) TimerEvent: {}
[333.915140] (-) TimerEvent: {}
[334.015970] (-) TimerEvent: {}
[334.116637] (-) TimerEvent: {}
[334.217171] (-) TimerEvent: {}
[334.317720] (-) TimerEvent: {}
[334.418433] (-) TimerEvent: {}
[334.519234] (-) TimerEvent: {}
[334.619979] (-) TimerEvent: {}
[334.720588] (-) TimerEvent: {}
[334.821335] (-) TimerEvent: {}
[334.921775] (-) TimerEvent: {}
[335.022193] (-) TimerEvent: {}
[335.122885] (-) TimerEvent: {}
[335.223678] (-) TimerEvent: {}
[335.324321] (-) TimerEvent: {}
[335.424994] (-) TimerEvent: {}
[335.525754] (-) TimerEvent: {}
[335.626704] (-) TimerEvent: {}
[335.727383] (-) TimerEvent: {}
[335.828020] (-) TimerEvent: {}
[335.928430] (-) TimerEvent: {}
[336.028807] (-) TimerEvent: {}
[336.129192] (-) TimerEvent: {}
[336.229930] (-) TimerEvent: {}
[336.330554] (-) TimerEvent: {}
[336.431053] (-) TimerEvent: {}
[336.531657] (-) TimerEvent: {}
[336.632388] (-) TimerEvent: {}
[336.733030] (-) TimerEvent: {}
[336.833781] (-) TimerEvent: {}
[336.934745] (-) TimerEvent: {}
[337.035613] (-) TimerEvent: {}
[337.136146] (-) TimerEvent: {}
[337.236682] (-) TimerEvent: {}
[337.337263] (-) TimerEvent: {}
[337.437695] (-) TimerEvent: {}
[337.538258] (-) TimerEvent: {}
[337.638638] (-) TimerEvent: {}
[337.739140] (-) TimerEvent: {}
[337.839599] (-) TimerEvent: {}
[337.940131] (-) TimerEvent: {}
[338.040676] (-) TimerEvent: {}
[338.141095] (-) TimerEvent: {}
[338.241523] (-) TimerEvent: {}
[338.342008] (-) TimerEvent: {}
[338.442484] (-) TimerEvent: {}
[338.543171] (-) TimerEvent: {}
[338.643820] (-) TimerEvent: {}
[338.744584] (-) TimerEvent: {}
[338.845191] (-) TimerEvent: {}
[338.945585] (-) TimerEvent: {}
[339.046211] (-) TimerEvent: {}
[339.146780] (-) TimerEvent: {}
[339.247443] (-) TimerEvent: {}
[339.348015] (-) TimerEvent: {}
[339.448514] (-) TimerEvent: {}
[339.548918] (-) TimerEvent: {}
[339.649343] (-) TimerEvent: {}
[339.749794] (-) TimerEvent: {}
[339.850257] (-) TimerEvent: {}
[339.950791] (-) TimerEvent: {}
[340.051549] (-) TimerEvent: {}
[340.152120] (-) TimerEvent: {}
[340.252678] (-) TimerEvent: {}
[340.353306] (-) TimerEvent: {}
[340.453923] (-) TimerEvent: {}
[340.554494] (-) TimerEvent: {}
[340.655085] (-) TimerEvent: {}
[340.755687] (-) TimerEvent: {}
[340.856329] (-) TimerEvent: {}
[340.956801] (-) TimerEvent: {}
[341.057228] (-) TimerEvent: {}
[341.157784] (-) TimerEvent: {}
[341.258185] (-) TimerEvent: {}
[341.358725] (-) TimerEvent: {}
[341.459334] (-) TimerEvent: {}
[341.559949] (-) TimerEvent: {}
[341.660621] (-) TimerEvent: {}
[341.761288] (-) TimerEvent: {}
[341.862100] (-) TimerEvent: {}
[341.962808] (-) TimerEvent: {}
[342.063613] (-) TimerEvent: {}
[342.164376] (-) TimerEvent: {}
[342.265043] (-) TimerEvent: {}
[342.365793] (-) TimerEvent: {}
[342.466368] (-) TimerEvent: {}
[342.567012] (-) TimerEvent: {}
[342.667617] (-) TimerEvent: {}
[342.768253] (-) TimerEvent: {}
[342.868820] (-) TimerEvent: {}
[342.969398] (-) TimerEvent: {}
[343.070077] (-) TimerEvent: {}
[343.170642] (-) TimerEvent: {}
[343.271379] (-) TimerEvent: {}
[343.372207] (-) TimerEvent: {}
[343.472892] (-) TimerEvent: {}
[343.573474] (-) TimerEvent: {}
[343.674073] (-) TimerEvent: {}
[343.774661] (-) TimerEvent: {}
[343.875291] (-) TimerEvent: {}
[343.975859] (-) TimerEvent: {}
[344.076441] (-) TimerEvent: {}
[344.176974] (-) TimerEvent: {}
[344.277529] (-) TimerEvent: {}
[344.378178] (-) TimerEvent: {}
[344.478788] (-) TimerEvent: {}
[344.579434] (-) TimerEvent: {}
[344.680008] (-) TimerEvent: {}
[344.780449] (-) TimerEvent: {}
[344.881139] (-) TimerEvent: {}
[344.981947] (-) TimerEvent: {}
[345.082571] (-) TimerEvent: {}
[345.183067] (-) TimerEvent: {}
[345.283549] (-) TimerEvent: {}
[345.384038] (-) TimerEvent: {}
[345.484461] (-) TimerEvent: {}
[345.584881] (-) TimerEvent: {}
[345.685425] (-) TimerEvent: {}
[345.785993] (-) TimerEvent: {}
[345.886550] (-) TimerEvent: {}
[345.987017] (-) TimerEvent: {}
[346.087508] (-) TimerEvent: {}
[346.187879] (-) TimerEvent: {}
[346.288447] (-) TimerEvent: {}
[346.388964] (-) TimerEvent: {}
[346.489508] (-) TimerEvent: {}
[346.589988] (-) TimerEvent: {}
[346.690474] (-) TimerEvent: {}
[346.791049] (-) TimerEvent: {}
[346.891668] (-) TimerEvent: {}
[346.992198] (-) TimerEvent: {}
[347.092565] (-) TimerEvent: {}
[347.192914] (-) TimerEvent: {}
[347.293218] (-) TimerEvent: {}
[347.393583] (-) TimerEvent: {}
[347.494246] (-) TimerEvent: {}
[347.594910] (-) TimerEvent: {}
[347.695517] (-) TimerEvent: {}
[347.796235] (-) TimerEvent: {}
[347.896715] (-) TimerEvent: {}
[347.997214] (-) TimerEvent: {}
[348.097686] (-) TimerEvent: {}
[348.198175] (-) TimerEvent: {}
[348.298941] (-) TimerEvent: {}
[348.399519] (-) TimerEvent: {}
[348.500043] (-) TimerEvent: {}
[348.600739] (-) TimerEvent: {}
[348.701588] (-) TimerEvent: {}
[348.802382] (-) TimerEvent: {}
[348.903094] (-) TimerEvent: {}
[349.003901] (-) TimerEvent: {}
[349.104477] (-) TimerEvent: {}
[349.205095] (-) TimerEvent: {}
[349.305688] (-) TimerEvent: {}
[349.406389] (-) TimerEvent: {}
[349.507215] (-) TimerEvent: {}
[349.607951] (-) TimerEvent: {}
[349.708550] (-) TimerEvent: {}
[349.809213] (-) TimerEvent: {}
[349.909905] (-) TimerEvent: {}
[350.010513] (-) TimerEvent: {}
[350.111227] (-) TimerEvent: {}
[350.211915] (-) TimerEvent: {}
[350.312551] (-) TimerEvent: {}
[350.413284] (-) TimerEvent: {}
[350.513946] (-) TimerEvent: {}
[350.614656] (-) TimerEvent: {}
[350.715304] (-) TimerEvent: {}
[350.816031] (-) TimerEvent: {}
[350.916573] (-) TimerEvent: {}
[351.016919] (-) TimerEvent: {}
[351.117343] (-) TimerEvent: {}
[351.217559] (-) TimerEvent: {}
[351.317839] (-) TimerEvent: {}
[351.418196] (-) TimerEvent: {}
[351.518583] (-) TimerEvent: {}
[351.618913] (-) TimerEvent: {}
[351.719354] (-) TimerEvent: {}
[351.819940] (-) TimerEvent: {}
[351.920512] (-) TimerEvent: {}
[352.021095] (-) TimerEvent: {}
[352.121759] (-) TimerEvent: {}
[352.222453] (-) TimerEvent: {}
[352.323067] (-) TimerEvent: {}
[352.423739] (-) TimerEvent: {}
[352.524401] (-) TimerEvent: {}
[352.625079] (-) TimerEvent: {}
[352.725541] (-) TimerEvent: {}
[352.826050] (-) TimerEvent: {}
[352.926443] (-) TimerEvent: {}
[353.026935] (-) TimerEvent: {}
[353.127321] (-) TimerEvent: {}
[353.227780] (-) TimerEvent: {}
[353.328347] (-) TimerEvent: {}
[353.428951] (-) TimerEvent: {}
[353.529705] (-) TimerEvent: {}
[353.630698] (-) TimerEvent: {}
[353.731579] (-) TimerEvent: {}
[353.832238] (-) TimerEvent: {}
[353.932867] (-) TimerEvent: {}
[354.033460] (-) TimerEvent: {}
[354.134052] (-) TimerEvent: {}
[354.234518] (-) TimerEvent: {}
[354.335092] (-) TimerEvent: {}
[354.435609] (-) TimerEvent: {}
[354.535873] (-) TimerEvent: {}
[354.636223] (-) TimerEvent: {}
[354.736475] (-) TimerEvent: {}
[354.836959] (-) TimerEvent: {}
[354.937534] (-) TimerEvent: {}
[355.038237] (-) TimerEvent: {}
[355.138876] (-) TimerEvent: {}
[355.239463] (-) TimerEvent: {}
[355.340037] (-) TimerEvent: {}
[355.440758] (-) TimerEvent: {}
[355.541467] (-) TimerEvent: {}
[355.642205] (-) TimerEvent: {}
[355.742994] (-) TimerEvent: {}
[355.843691] (-) TimerEvent: {}
[355.944415] (-) TimerEvent: {}
[356.044971] (-) TimerEvent: {}
[356.145525] (-) TimerEvent: {}
[356.246064] (-) TimerEvent: {}
[356.346713] (-) TimerEvent: {}
[356.447491] (-) TimerEvent: {}
[356.548046] (-) TimerEvent: {}
[356.648619] (-) TimerEvent: {}
[356.749221] (-) TimerEvent: {}
[356.849748] (-) TimerEvent: {}
[356.950377] (-) TimerEvent: {}
[357.051320] (-) TimerEvent: {}
[357.152307] (-) TimerEvent: {}
[357.253029] (-) TimerEvent: {}
[357.353716] (-) TimerEvent: {}
[357.454321] (-) TimerEvent: {}
[357.554983] (-) TimerEvent: {}
[357.655803] (-) TimerEvent: {}
[357.756581] (-) TimerEvent: {}
[357.857217] (-) TimerEvent: {}
[357.957964] (-) TimerEvent: {}
[358.058653] (-) TimerEvent: {}
[358.159441] (-) TimerEvent: {}
[358.259914] (-) TimerEvent: {}
[358.360393] (-) TimerEvent: {}
[358.460925] (-) TimerEvent: {}
[358.561587] (-) TimerEvent: {}
[358.662388] (-) TimerEvent: {}
[358.763085] (-) TimerEvent: {}
[358.863635] (-) TimerEvent: {}
[358.964291] (-) TimerEvent: {}
[359.064930] (-) TimerEvent: {}
[359.165432] (-) TimerEvent: {}
[359.265757] (-) TimerEvent: {}
[359.366178] (-) TimerEvent: {}
[359.466872] (-) TimerEvent: {}
[359.567393] (-) TimerEvent: {}
[359.667954] (-) TimerEvent: {}
[359.768644] (-) TimerEvent: {}
[359.869317] (-) TimerEvent: {}
[359.969852] (-) TimerEvent: {}
[360.070394] (-) TimerEvent: {}
[360.171029] (-) TimerEvent: {}
[360.271809] (-) TimerEvent: {}
[360.372778] (-) TimerEvent: {}
[360.473358] (-) TimerEvent: {}
[360.573915] (-) TimerEvent: {}
[360.674535] (-) TimerEvent: {}
[360.775396] (-) TimerEvent: {}
[360.876111] (-) TimerEvent: {}
[360.976775] (-) TimerEvent: {}
[361.077423] (-) TimerEvent: {}
[361.177985] (-) TimerEvent: {}
[361.278552] (-) TimerEvent: {}
[361.379142] (-) TimerEvent: {}
[361.479796] (-) TimerEvent: {}
[361.580390] (-) TimerEvent: {}
[361.681060] (-) TimerEvent: {}
[361.781621] (-) TimerEvent: {}
[361.882155] (-) TimerEvent: {}
[361.982540] (-) TimerEvent: {}
[362.083061] (-) TimerEvent: {}
[362.183680] (-) TimerEvent: {}
[362.284441] (-) TimerEvent: {}
[362.384935] (-) TimerEvent: {}
[362.485135] (-) TimerEvent: {}
[362.585370] (-) TimerEvent: {}
[362.685639] (-) TimerEvent: {}
[362.786048] (-) TimerEvent: {}
[362.886633] (-) TimerEvent: {}
[362.987178] (-) TimerEvent: {}
[363.087754] (-) TimerEvent: {}
[363.188329] (-) TimerEvent: {}
[363.288904] (-) TimerEvent: {}
[363.389540] (-) TimerEvent: {}
[363.489880] (-) TimerEvent: {}
[363.590197] (-) TimerEvent: {}
[363.690665] (-) TimerEvent: {}
[363.791209] (-) TimerEvent: {}
[363.891911] (-) TimerEvent: {}
[363.992653] (-) TimerEvent: {}
[364.093408] (-) TimerEvent: {}
[364.193994] (-) TimerEvent: {}
[364.294330] (-) TimerEvent: {}
[364.394623] (-) TimerEvent: {}
[364.495048] (-) TimerEvent: {}
[364.595543] (-) TimerEvent: {}
[364.696087] (-) TimerEvent: {}
[364.796862] (-) TimerEvent: {}
[364.897566] (-) TimerEvent: {}
[364.998142] (-) TimerEvent: {}
[365.098666] (-) TimerEvent: {}
[365.199123] (-) TimerEvent: {}
[365.299515] (-) TimerEvent: {}
[365.399757] (-) TimerEvent: {}
[365.499984] (-) TimerEvent: {}
[365.600232] (-) TimerEvent: {}
[365.700592] (-) TimerEvent: {}
[365.801012] (-) TimerEvent: {}
[365.901279] (-) TimerEvent: {}
[366.001736] (-) TimerEvent: {}
[366.102261] (-) TimerEvent: {}
[366.202735] (-) TimerEvent: {}
[366.303170] (-) TimerEvent: {}
[366.403492] (-) TimerEvent: {}
[366.504061] (-) TimerEvent: {}
[366.604446] (-) TimerEvent: {}
[366.704993] (-) TimerEvent: {}
[366.805566] (-) TimerEvent: {}
[366.906134] (-) TimerEvent: {}
[367.006534] (-) TimerEvent: {}
[367.106976] (-) TimerEvent: {}
[367.207501] (-) TimerEvent: {}
[367.308033] (-) TimerEvent: {}
[367.408711] (-) TimerEvent: {}
[367.509489] (-) TimerEvent: {}
[367.610062] (-) TimerEvent: {}
[367.710590] (-) TimerEvent: {}
[367.811133] (-) TimerEvent: {}
[367.911567] (-) TimerEvent: {}
[368.011972] (-) TimerEvent: {}
[368.112282] (-) TimerEvent: {}
[368.212534] (-) TimerEvent: {}
[368.312886] (-) TimerEvent: {}
[368.413393] (-) TimerEvent: {}
[368.513892] (-) TimerEvent: {}
[368.614156] (-) TimerEvent: {}
[368.714761] (-) TimerEvent: {}
[368.815250] (-) TimerEvent: {}
[368.915709] (-) TimerEvent: {}
[369.016287] (-) TimerEvent: {}
[369.116774] (-) TimerEvent: {}
[369.217307] (-) TimerEvent: {}
[369.317747] (-) TimerEvent: {}
[369.418131] (-) TimerEvent: {}
[369.518499] (-) TimerEvent: {}
[369.618853] (-) TimerEvent: {}
[369.719191] (-) TimerEvent: {}
[369.819543] (-) TimerEvent: {}
[369.919881] (-) TimerEvent: {}
[370.020335] (-) TimerEvent: {}
[370.120900] (-) TimerEvent: {}
[370.221335] (-) TimerEvent: {}
[370.321961] (-) TimerEvent: {}
[370.422453] (-) TimerEvent: {}
[370.523008] (-) TimerEvent: {}
[370.623574] (-) TimerEvent: {}
[370.724013] (-) TimerEvent: {}
[370.824406] (-) TimerEvent: {}
[370.925030] (-) TimerEvent: {}
[371.025779] (-) TimerEvent: {}
[371.126516] (-) TimerEvent: {}
[371.226773] (-) TimerEvent: {}
[371.327331] (-) TimerEvent: {}
[371.427945] (-) TimerEvent: {}
[371.528528] (-) TimerEvent: {}
[371.629228] (-) TimerEvent: {}
[371.729628] (-) TimerEvent: {}
[371.830039] (-) TimerEvent: {}
[371.930499] (-) TimerEvent: {}
[372.031145] (-) TimerEvent: {}
[372.131918] (-) TimerEvent: {}
[372.232657] (-) TimerEvent: {}
[372.333180] (-) TimerEvent: {}
[372.433542] (-) TimerEvent: {}
[372.533947] (-) TimerEvent: {}
[372.634529] (-) TimerEvent: {}
[372.735075] (-) TimerEvent: {}
[372.835661] (-) TimerEvent: {}
[372.936365] (-) TimerEvent: {}
[373.036955] (-) TimerEvent: {}
[373.137480] (-) TimerEvent: {}
[373.237833] (-) TimerEvent: {}
[373.338200] (-) TimerEvent: {}
[373.438674] (-) TimerEvent: {}
[373.539218] (-) TimerEvent: {}
[373.639757] (-) TimerEvent: {}
[373.740203] (-) TimerEvent: {}
[373.840631] (-) TimerEvent: {}
[373.941140] (-) TimerEvent: {}
[374.041871] (-) TimerEvent: {}
[374.142371] (-) TimerEvent: {}
[374.242972] (-) TimerEvent: {}
[374.343567] (-) TimerEvent: {}
[374.444326] (-) TimerEvent: {}
[374.545005] (-) TimerEvent: {}
[374.645499] (-) TimerEvent: {}
[374.746162] (-) TimerEvent: {}
[374.846547] (-) TimerEvent: {}
[374.946860] (-) TimerEvent: {}
[375.047145] (-) TimerEvent: {}
[375.147755] (-) TimerEvent: {}
[375.248423] (-) TimerEvent: {}
[375.349018] (-) TimerEvent: {}
[375.449529] (-) TimerEvent: {}
[375.550231] (-) TimerEvent: {}
[375.650813] (-) TimerEvent: {}
[375.751397] (-) TimerEvent: {}
[375.851922] (-) TimerEvent: {}
[375.952450] (-) TimerEvent: {}
[376.052903] (-) TimerEvent: {}
[376.153278] (-) TimerEvent: {}
[376.253537] (-) TimerEvent: {}
[376.353962] (-) TimerEvent: {}
[376.454373] (-) TimerEvent: {}
[376.554906] (-) TimerEvent: {}
[376.655427] (-) TimerEvent: {}
[376.755996] (-) TimerEvent: {}
[376.856640] (-) TimerEvent: {}
[376.957550] (-) TimerEvent: {}
[377.058250] (-) TimerEvent: {}
[377.158887] (-) TimerEvent: {}
[377.259664] (-) TimerEvent: {}
[377.360438] (-) TimerEvent: {}
[377.461139] (-) TimerEvent: {}
[377.561788] (-) TimerEvent: {}
[377.662557] (-) TimerEvent: {}
[377.763113] (-) TimerEvent: {}
[377.863758] (-) TimerEvent: {}
[377.964628] (-) TimerEvent: {}
[378.065337] (-) TimerEvent: {}
[378.166147] (-) TimerEvent: {}
[378.267021] (-) TimerEvent: {}
[378.367866] (-) TimerEvent: {}
[378.468408] (-) TimerEvent: {}
[378.569221] (-) TimerEvent: {}
[378.669923] (-) TimerEvent: {}
[378.770509] (-) TimerEvent: {}
[378.871144] (-) TimerEvent: {}
[378.972027] (-) TimerEvent: {}
[379.072773] (-) TimerEvent: {}
[379.173641] (-) TimerEvent: {}
[379.274349] (-) TimerEvent: {}
[379.374726] (-) TimerEvent: {}
[379.475118] (-) TimerEvent: {}
[379.575644] (-) TimerEvent: {}
[379.676130] (-) TimerEvent: {}
[379.776612] (-) TimerEvent: {}
[379.877334] (-) TimerEvent: {}
[379.977869] (-) TimerEvent: {}
[380.078450] (-) TimerEvent: {}
[380.179016] (-) TimerEvent: {}
[380.279624] (-) TimerEvent: {}
[380.380300] (-) TimerEvent: {}
[380.480954] (-) TimerEvent: {}
[380.581622] (-) TimerEvent: {}
[380.682483] (-) TimerEvent: {}
[380.783466] (-) TimerEvent: {}
[380.884290] (-) TimerEvent: {}
[380.984975] (-) TimerEvent: {}
[381.085630] (-) TimerEvent: {}
[381.186210] (-) TimerEvent: {}
[381.286969] (-) TimerEvent: {}
[381.387569] (-) TimerEvent: {}
[381.488046] (-) TimerEvent: {}
[381.588603] (-) TimerEvent: {}
[381.689370] (-) TimerEvent: {}
[381.789920] (-) TimerEvent: {}
[381.890480] (-) TimerEvent: {}
[381.991069] (-) TimerEvent: {}
[382.091644] (-) TimerEvent: {}
[382.192264] (-) TimerEvent: {}
[382.292984] (-) TimerEvent: {}
[382.393699] (-) TimerEvent: {}
[382.494283] (-) TimerEvent: {}
[382.594977] (-) TimerEvent: {}
[382.695704] (-) TimerEvent: {}
[382.796372] (-) TimerEvent: {}
[382.896975] (-) TimerEvent: {}
[382.997650] (-) TimerEvent: {}
[383.098282] (-) TimerEvent: {}
[383.198932] (-) TimerEvent: {}
[383.299598] (-) TimerEvent: {}
[383.400410] (-) TimerEvent: {}
[383.501058] (-) TimerEvent: {}
[383.601577] (-) TimerEvent: {}
[383.702065] (-) TimerEvent: {}
[383.802576] (-) TimerEvent: {}
[383.903326] (-) TimerEvent: {}
[384.004044] (-) TimerEvent: {}
[384.104586] (-) TimerEvent: {}
[384.205084] (-) TimerEvent: {}
[384.305709] (-) TimerEvent: {}
[384.406456] (-) TimerEvent: {}
[384.507013] (-) TimerEvent: {}
[384.607666] (-) TimerEvent: {}
[384.708192] (-) TimerEvent: {}
[384.808854] (-) TimerEvent: {}
[384.909291] (-) TimerEvent: {}
[385.009883] (-) TimerEvent: {}
[385.110454] (-) TimerEvent: {}
[385.210960] (-) TimerEvent: {}
[385.311620] (-) TimerEvent: {}
[385.412352] (-) TimerEvent: {}
[385.512856] (-) TimerEvent: {}
[385.613273] (-) TimerEvent: {}
[385.713784] (-) TimerEvent: {}
[385.814401] (-) TimerEvent: {}
[385.914949] (-) TimerEvent: {}
[386.015547] (-) TimerEvent: {}
[386.116133] (-) TimerEvent: {}
[386.216787] (-) TimerEvent: {}
[386.317551] (-) TimerEvent: {}
[386.418313] (-) TimerEvent: {}
[386.519031] (-) TimerEvent: {}
[386.619620] (-) TimerEvent: {}
[386.720224] (-) TimerEvent: {}
[386.820744] (-) TimerEvent: {}
[386.921251] (-) TimerEvent: {}
[387.021980] (-) TimerEvent: {}
[387.122676] (-) TimerEvent: {}
[387.223367] (-) TimerEvent: {}
[387.323970] (-) TimerEvent: {}
[387.424602] (-) TimerEvent: {}
[387.525186] (-) TimerEvent: {}
[387.625932] (-) TimerEvent: {}
[387.726542] (-) TimerEvent: {}
[387.827273] (-) TimerEvent: {}
[387.928003] (-) TimerEvent: {}
[388.028736] (-) TimerEvent: {}
[388.129505] (-) TimerEvent: {}
[388.230152] (-) TimerEvent: {}
[388.330879] (-) TimerEvent: {}
[388.431576] (-) TimerEvent: {}
[388.532284] (-) TimerEvent: {}
[388.632990] (-) TimerEvent: {}
[388.733603] (-) TimerEvent: {}
[388.834311] (-) TimerEvent: {}
[388.934961] (-) TimerEvent: {}
[389.035538] (-) TimerEvent: {}
[389.136215] (-) TimerEvent: {}
[389.236982] (-) TimerEvent: {}
[389.337668] (-) TimerEvent: {}
[389.438292] (-) TimerEvent: {}
[389.538902] (-) TimerEvent: {}
[389.639414] (-) TimerEvent: {}
[389.739781] (-) TimerEvent: {}
[389.840157] (-) TimerEvent: {}
[389.940715] (-) TimerEvent: {}
[390.041375] (-) TimerEvent: {}
[390.141888] (-) TimerEvent: {}
[390.242463] (-) TimerEvent: {}
[390.343186] (-) TimerEvent: {}
[390.443921] (-) TimerEvent: {}
[390.544505] (-) TimerEvent: {}
[390.645276] (-) TimerEvent: {}
[390.746058] (-) TimerEvent: {}
[390.846790] (-) TimerEvent: {}
[390.947546] (-) TimerEvent: {}
[391.048318] (-) TimerEvent: {}
[391.148814] (-) TimerEvent: {}
[391.249377] (-) TimerEvent: {}
[391.349948] (-) TimerEvent: {}
[391.450561] (-) TimerEvent: {}
[391.551185] (-) TimerEvent: {}
[391.651801] (-) TimerEvent: {}
[391.752503] (-) TimerEvent: {}
[391.853236] (-) TimerEvent: {}
[391.953765] (-) TimerEvent: {}
[392.054296] (-) TimerEvent: {}
[392.154920] (-) TimerEvent: {}
[392.255643] (-) TimerEvent: {}
[392.356214] (-) TimerEvent: {}
[392.456939] (-) TimerEvent: {}
[392.557491] (-) TimerEvent: {}
[392.658043] (-) TimerEvent: {}
[392.758788] (-) TimerEvent: {}
[392.859568] (-) TimerEvent: {}
[392.960368] (-) TimerEvent: {}
[393.061077] (-) TimerEvent: {}
[393.161750] (-) TimerEvent: {}
[393.262252] (-) TimerEvent: {}
[393.362585] (-) TimerEvent: {}
[393.463014] (-) TimerEvent: {}
[393.563330] (-) TimerEvent: {}
[393.663643] (-) TimerEvent: {}
[393.764038] (-) TimerEvent: {}
[393.864700] (-) TimerEvent: {}
[393.965562] (-) TimerEvent: {}
[394.066239] (-) TimerEvent: {}
[394.166864] (-) TimerEvent: {}
[394.267434] (-) TimerEvent: {}
[394.367944] (-) TimerEvent: {}
[394.468474] (-) TimerEvent: {}
[394.569105] (-) TimerEvent: {}
[394.669917] (-) TimerEvent: {}
[394.770736] (-) TimerEvent: {}
[394.871537] (-) TimerEvent: {}
[394.972394] (-) TimerEvent: {}
[395.073269] (-) TimerEvent: {}
[395.174086] (-) TimerEvent: {}
[395.274875] (-) TimerEvent: {}
[395.375939] (-) TimerEvent: {}
[395.476423] (-) TimerEvent: {}
[395.576952] (-) TimerEvent: {}
[395.677534] (-) TimerEvent: {}
[395.778288] (-) TimerEvent: {}
[395.878976] (-) TimerEvent: {}
[395.979699] (-) TimerEvent: {}
[396.080451] (-) TimerEvent: {}
[396.181064] (-) TimerEvent: {}
[396.281734] (-) TimerEvent: {}
[396.382268] (-) TimerEvent: {}
[396.483119] (-) TimerEvent: {}
[396.583905] (-) TimerEvent: {}
[396.684513] (-) TimerEvent: {}
[396.786220] (-) TimerEvent: {}
[396.886755] (-) TimerEvent: {}
[396.987419] (-) TimerEvent: {}
[397.087937] (-) TimerEvent: {}
[397.188724] (-) TimerEvent: {}
[397.289347] (-) TimerEvent: {}
[397.390025] (-) TimerEvent: {}
[397.490582] (-) TimerEvent: {}
[397.590891] (-) TimerEvent: {}
[397.691207] (-) TimerEvent: {}
[397.791484] (-) TimerEvent: {}
[397.891941] (-) TimerEvent: {}
[397.992424] (-) TimerEvent: {}
[398.092992] (-) TimerEvent: {}
[398.193745] (-) TimerEvent: {}
[398.294605] (-) TimerEvent: {}
[398.395447] (-) TimerEvent: {}
[398.496069] (-) TimerEvent: {}
[398.596699] (-) TimerEvent: {}
[398.697750] (-) TimerEvent: {}
[398.798402] (-) TimerEvent: {}
[398.899151] (-) TimerEvent: {}
[398.999871] (-) TimerEvent: {}
[399.100376] (-) TimerEvent: {}
[399.200983] (-) TimerEvent: {}
[399.301628] (-) TimerEvent: {}
[399.402390] (-) TimerEvent: {}
[399.502934] (-) TimerEvent: {}
[399.603470] (-) TimerEvent: {}
[399.704060] (-) TimerEvent: {}
[399.804805] (-) TimerEvent: {}
[399.905530] (-) TimerEvent: {}
[400.006319] (-) TimerEvent: {}
[400.106954] (-) TimerEvent: {}
[400.207684] (-) TimerEvent: {}
[400.308360] (-) TimerEvent: {}
[400.409076] (-) TimerEvent: {}
[400.509725] (-) TimerEvent: {}
[400.610305] (-) TimerEvent: {}
[400.710857] (-) TimerEvent: {}
[400.811419] (-) TimerEvent: {}
[400.912003] (-) TimerEvent: {}
[401.012550] (-) TimerEvent: {}
[401.113103] (-) TimerEvent: {}
[401.213639] (-) TimerEvent: {}
[401.314214] (-) TimerEvent: {}
[401.414814] (-) TimerEvent: {}
[401.515419] (-) TimerEvent: {}
[401.616018] (-) TimerEvent: {}
[401.716590] (-) TimerEvent: {}
[401.817154] (-) TimerEvent: {}
[401.917757] (-) TimerEvent: {}
[402.018562] (-) TimerEvent: {}
[402.119310] (-) TimerEvent: {}
[402.219981] (-) TimerEvent: {}
[402.320734] (-) TimerEvent: {}
[402.421492] (-) TimerEvent: {}
[402.522130] (-) TimerEvent: {}
[402.622944] (-) TimerEvent: {}
[402.723400] (-) TimerEvent: {}
[402.823800] (-) TimerEvent: {}
[402.924432] (-) TimerEvent: {}
[403.025094] (-) TimerEvent: {}
[403.125712] (-) TimerEvent: {}
[403.226400] (-) TimerEvent: {}
[403.327095] (-) TimerEvent: {}
[403.427590] (-) TimerEvent: {}
[403.528106] (-) TimerEvent: {}
[403.628678] (-) TimerEvent: {}
[403.729457] (-) TimerEvent: {}
[403.830161] (-) TimerEvent: {}
[403.930732] (-) TimerEvent: {}
[404.031292] (-) TimerEvent: {}
[404.131908] (-) TimerEvent: {}
[404.232592] (-) TimerEvent: {}
[404.333334] (-) TimerEvent: {}
[404.433983] (-) TimerEvent: {}
[404.534636] (-) TimerEvent: {}
[404.635286] (-) TimerEvent: {}
[404.735937] (-) TimerEvent: {}
[404.836586] (-) TimerEvent: {}
[404.937411] (-) TimerEvent: {}
[405.038209] (-) TimerEvent: {}
[405.138877] (-) TimerEvent: {}
[405.239459] (-) TimerEvent: {}
[405.340180] (-) TimerEvent: {}
[405.440765] (-) TimerEvent: {}
[405.541536] (-) TimerEvent: {}
[405.642161] (-) TimerEvent: {}
[405.742713] (-) TimerEvent: {}
[405.843370] (-) TimerEvent: {}
[405.944017] (-) TimerEvent: {}
[406.044786] (-) TimerEvent: {}
[406.145580] (-) TimerEvent: {}
[406.246355] (-) TimerEvent: {}
[406.347064] (-) TimerEvent: {}
[406.447788] (-) TimerEvent: {}
[406.548595] (-) TimerEvent: {}
[406.649371] (-) TimerEvent: {}
[406.749759] (-) TimerEvent: {}
[406.850159] (-) TimerEvent: {}
[406.950672] (-) TimerEvent: {}
[407.051286] (-) TimerEvent: {}
[407.151931] (-) TimerEvent: {}
[407.252625] (-) TimerEvent: {}
[407.353139] (-) TimerEvent: {}
[407.453666] (-) TimerEvent: {}
[407.554140] (-) TimerEvent: {}
[407.654747] (-) TimerEvent: {}
[407.756069] (-) TimerEvent: {}
[407.856576] (-) TimerEvent: {}
[407.957255] (-) TimerEvent: {}
[408.057740] (-) TimerEvent: {}
[408.158119] (-) TimerEvent: {}
[408.258716] (-) TimerEvent: {}
[408.359318] (-) TimerEvent: {}
[408.460013] (-) TimerEvent: {}
[408.560554] (-) TimerEvent: {}
[408.661164] (-) TimerEvent: {}
[408.761950] (-) TimerEvent: {}
[408.862585] (-) TimerEvent: {}
[408.963358] (-) TimerEvent: {}
[409.063946] (-) TimerEvent: {}
[409.164557] (-) TimerEvent: {}
[409.265235] (-) TimerEvent: {}
[409.365952] (-) TimerEvent: {}
[409.466516] (-) TimerEvent: {}
[409.567099] (-) TimerEvent: {}
[409.667784] (-) TimerEvent: {}
[409.768409] (-) TimerEvent: {}
[409.869112] (-) TimerEvent: {}
[409.969679] (-) TimerEvent: {}
[410.070289] (-) TimerEvent: {}
[410.170919] (-) TimerEvent: {}
[410.271449] (-) TimerEvent: {}
[410.372164] (-) TimerEvent: {}
[410.473049] (-) TimerEvent: {}
[410.573853] (-) TimerEvent: {}
[410.674431] (-) TimerEvent: {}
[410.775021] (-) TimerEvent: {}
[410.875633] (-) TimerEvent: {}
[410.976033] (-) TimerEvent: {}
[411.076634] (-) TimerEvent: {}
[411.177238] (-) TimerEvent: {}
[411.277679] (-) TimerEvent: {}
[411.378064] (-) TimerEvent: {}
[411.478481] (-) TimerEvent: {}
[411.578897] (-) TimerEvent: {}
[411.679307] (-) TimerEvent: {}
[411.779944] (-) TimerEvent: {}
[411.880492] (-) TimerEvent: {}
[411.981222] (-) TimerEvent: {}
[412.081882] (-) TimerEvent: {}
[412.182531] (-) TimerEvent: {}
[412.283147] (-) TimerEvent: {}
[412.383704] (-) TimerEvent: {}
[412.484440] (-) TimerEvent: {}
[412.585036] (-) TimerEvent: {}
[412.685651] (-) TimerEvent: {}
[412.786200] (-) TimerEvent: {}
[412.886887] (-) TimerEvent: {}
[412.987577] (-) TimerEvent: {}
[413.088309] (-) TimerEvent: {}
[413.189081] (-) TimerEvent: {}
[413.289859] (-) TimerEvent: {}
[413.390603] (-) TimerEvent: {}
[413.491271] (-) TimerEvent: {}
[413.591942] (-) TimerEvent: {}
[413.692624] (-) TimerEvent: {}
[413.793242] (-) TimerEvent: {}
[413.893896] (-) TimerEvent: {}
[413.994703] (-) TimerEvent: {}
[414.095575] (-) TimerEvent: {}
[414.196197] (-) TimerEvent: {}
[414.296881] (-) TimerEvent: {}
[414.397497] (-) TimerEvent: {}
[414.498427] (-) TimerEvent: {}
[414.599601] (-) TimerEvent: {}
[414.700275] (-) TimerEvent: {}
[414.800989] (-) TimerEvent: {}
[414.901897] (-) TimerEvent: {}
[415.002942] (-) TimerEvent: {}
[415.103534] (-) TimerEvent: {}
[415.204267] (-) TimerEvent: {}
[415.304895] (-) TimerEvent: {}
[415.405552] (-) TimerEvent: {}
[415.506051] (-) TimerEvent: {}
[415.606659] (-) TimerEvent: {}
[415.707475] (-) TimerEvent: {}
[415.808042] (-) TimerEvent: {}
[415.908622] (-) TimerEvent: {}
[416.009421] (-) TimerEvent: {}
[416.110144] (-) TimerEvent: {}
[416.210913] (-) TimerEvent: {}
[416.311457] (-) TimerEvent: {}
[416.412164] (-) TimerEvent: {}
[416.512743] (-) TimerEvent: {}
[416.613454] (-) TimerEvent: {}
[416.714037] (-) TimerEvent: {}
[416.814558] (-) TimerEvent: {}
[416.915244] (-) TimerEvent: {}
[417.015792] (-) TimerEvent: {}
[417.116358] (-) TimerEvent: {}
[417.216813] (-) TimerEvent: {}
[417.317450] (-) TimerEvent: {}
[417.418005] (-) TimerEvent: {}
[417.518525] (-) TimerEvent: {}
[417.619062] (-) TimerEvent: {}
[417.719589] (-) TimerEvent: {}
[417.820255] (-) TimerEvent: {}
[417.920987] (-) TimerEvent: {}
[418.021707] (-) TimerEvent: {}
[418.122198] (-) TimerEvent: {}
[418.222916] (-) TimerEvent: {}
[418.323762] (-) TimerEvent: {}
[418.424453] (-) TimerEvent: {}
[418.525288] (-) TimerEvent: {}
[418.625953] (-) TimerEvent: {}
[418.726626] (-) TimerEvent: {}
[418.827416] (-) TimerEvent: {}
[418.927946] (-) TimerEvent: {}
[419.028515] (-) TimerEvent: {}
[419.129338] (-) TimerEvent: {}
[419.229987] (-) TimerEvent: {}
[419.330618] (-) TimerEvent: {}
[419.431440] (-) TimerEvent: {}
[419.532224] (-) TimerEvent: {}
[419.632973] (-) TimerEvent: {}
[419.733807] (-) TimerEvent: {}
[419.834413] (-) TimerEvent: {}
[419.935073] (-) TimerEvent: {}
[420.035880] (-) TimerEvent: {}
[420.136397] (-) TimerEvent: {}
[420.236984] (-) TimerEvent: {}
[420.337730] (-) TimerEvent: {}
[420.438607] (-) TimerEvent: {}
[420.539501] (-) TimerEvent: {}
[420.640340] (-) TimerEvent: {}
[420.741115] (-) TimerEvent: {}
[420.841728] (-) TimerEvent: {}
[420.942649] (-) TimerEvent: {}
[421.043410] (-) TimerEvent: {}
[421.144172] (-) TimerEvent: {}
[421.244911] (-) TimerEvent: {}
[421.346048] (-) TimerEvent: {}
[421.446633] (-) TimerEvent: {}
[421.547486] (-) TimerEvent: {}
[421.648162] (-) TimerEvent: {}
[421.748744] (-) TimerEvent: {}
[421.849713] (-) TimerEvent: {}
[421.950613] (-) TimerEvent: {}
[422.051158] (-) TimerEvent: {}
[422.151723] (-) TimerEvent: {}
[422.252701] (-) TimerEvent: {}
[422.353960] (-) TimerEvent: {}
[422.454757] (-) TimerEvent: {}
[422.555573] (-) TimerEvent: {}
[422.656396] (-) TimerEvent: {}
[422.757240] (-) TimerEvent: {}
[422.858033] (-) TimerEvent: {}
[422.958935] (-) TimerEvent: {}
[423.059768] (-) TimerEvent: {}
[423.160621] (-) TimerEvent: {}
[423.261533] (-) TimerEvent: {}
[423.362424] (-) TimerEvent: {}
[423.463299] (-) TimerEvent: {}
[423.564100] (-) TimerEvent: {}
[423.665013] (-) TimerEvent: {}
[423.765890] (-) TimerEvent: {}
[423.866694] (-) TimerEvent: {}
[423.967606] (-) TimerEvent: {}
[424.068402] (-) TimerEvent: {}
[424.169349] (-) TimerEvent: {}
[424.270226] (-) TimerEvent: {}
[424.371083] (-) TimerEvent: {}
[424.472035] (-) TimerEvent: {}
[424.572963] (-) TimerEvent: {}
[424.673798] (-) TimerEvent: {}
[424.774699] (-) TimerEvent: {}
[424.875538] (-) TimerEvent: {}
[424.976439] (-) TimerEvent: {}
[425.077351] (-) TimerEvent: {}
[425.178237] (-) TimerEvent: {}
[425.279085] (-) TimerEvent: {}
[425.379985] (-) TimerEvent: {}
[425.480798] (-) TimerEvent: {}
[425.581474] (-) TimerEvent: {}
[425.682212] (-) TimerEvent: {}
[425.782744] (-) TimerEvent: {}
[425.883385] (-) TimerEvent: {}
[425.983923] (-) TimerEvent: {}
[426.084505] (-) TimerEvent: {}
[426.185267] (-) TimerEvent: {}
[426.285884] (-) TimerEvent: {}
[426.386417] (-) TimerEvent: {}
[426.486955] (-) TimerEvent: {}
[426.587374] (-) TimerEvent: {}
[426.687956] (-) TimerEvent: {}
[426.788584] (-) TimerEvent: {}
[426.889172] (-) TimerEvent: {}
[426.989589] (-) TimerEvent: {}
[427.090051] (-) TimerEvent: {}
[427.190510] (-) TimerEvent: {}
[427.291044] (-) TimerEvent: {}
[427.391801] (-) TimerEvent: {}
[427.492566] (-) TimerEvent: {}
[427.593267] (-) TimerEvent: {}
[427.693986] (-) TimerEvent: {}
[427.794703] (-) TimerEvent: {}
[427.895506] (-) TimerEvent: {}
[427.996054] (-) TimerEvent: {}
[428.096686] (-) TimerEvent: {}
[428.197116] (-) TimerEvent: {}
[428.297577] (-) TimerEvent: {}
[428.398288] (-) TimerEvent: {}
[428.498857] (-) TimerEvent: {}
[428.599201] (-) TimerEvent: {}
[428.699603] (-) TimerEvent: {}
[428.800170] (-) TimerEvent: {}
[428.900717] (-) TimerEvent: {}
[429.001267] (-) TimerEvent: {}
[429.101810] (-) TimerEvent: {}
[429.202379] (-) TimerEvent: {}
[429.303020] (-) TimerEvent: {}
[429.403780] (-) TimerEvent: {}
[429.504446] (-) TimerEvent: {}
[429.605041] (-) TimerEvent: {}
[429.705537] (-) TimerEvent: {}
[429.806097] (-) TimerEvent: {}
[429.906660] (-) TimerEvent: {}
[430.007337] (-) TimerEvent: {}
[430.108031] (-) TimerEvent: {}
[430.208576] (-) TimerEvent: {}
[430.309174] (-) TimerEvent: {}
[430.409745] (-) TimerEvent: {}
[430.510474] (-) TimerEvent: {}
[430.611303] (-) TimerEvent: {}
[430.711865] (-) TimerEvent: {}
[430.812479] (-) TimerEvent: {}
[430.913266] (-) TimerEvent: {}
[431.013880] (-) TimerEvent: {}
[431.114459] (-) TimerEvent: {}
[431.215218] (-) TimerEvent: {}
[431.315908] (-) TimerEvent: {}
[431.416466] (-) TimerEvent: {}
[431.517059] (-) TimerEvent: {}
[431.617721] (-) TimerEvent: {}
[431.718447] (-) TimerEvent: {}
[431.819074] (-) TimerEvent: {}
[431.919646] (-) TimerEvent: {}
[432.020351] (-) TimerEvent: {}
[432.121007] (-) TimerEvent: {}
[432.221540] (-) TimerEvent: {}
[432.322012] (-) TimerEvent: {}
[432.422591] (-) TimerEvent: {}
[432.523263] (-) TimerEvent: {}
[432.623966] (-) TimerEvent: {}
[432.724519] (-) TimerEvent: {}
[432.825159] (-) TimerEvent: {}
[432.925963] (-) TimerEvent: {}
[433.026649] (-) TimerEvent: {}
[433.127188] (-) TimerEvent: {}
[433.227736] (-) TimerEvent: {}
[433.328413] (-) TimerEvent: {}
[433.428989] (-) TimerEvent: {}
[433.529519] (-) TimerEvent: {}
[433.630110] (-) TimerEvent: {}
[433.730673] (-) TimerEvent: {}
[433.831326] (-) TimerEvent: {}
[433.932016] (-) TimerEvent: {}
[434.032561] (-) TimerEvent: {}
[434.133059] (-) TimerEvent: {}
[434.233581] (-) TimerEvent: {}
[434.334140] (-) TimerEvent: {}
[434.434747] (-) TimerEvent: {}
[434.535549] (-) TimerEvent: {}
[434.636142] (-) TimerEvent: {}
[434.736639] (-) TimerEvent: {}
[434.837241] (-) TimerEvent: {}
[434.937977] (-) TimerEvent: {}
[435.038589] (-) TimerEvent: {}
[435.139415] (-) TimerEvent: {}
[435.240135] (-) TimerEvent: {}
[435.340941] (-) TimerEvent: {}
[435.441645] (-) TimerEvent: {}
[435.542418] (-) TimerEvent: {}
[435.643154] (-) TimerEvent: {}
[435.743915] (-) TimerEvent: {}
[435.844533] (-) TimerEvent: {}
[435.945122] (-) TimerEvent: {}
[436.045763] (-) TimerEvent: {}
[436.146503] (-) TimerEvent: {}
[436.247269] (-) TimerEvent: {}
[436.347888] (-) TimerEvent: {}
[436.448473] (-) TimerEvent: {}
[436.549029] (-) TimerEvent: {}
[436.649628] (-) TimerEvent: {}
[436.750214] (-) TimerEvent: {}
[436.850806] (-) TimerEvent: {}
[436.951426] (-) TimerEvent: {}
[437.051977] (-) TimerEvent: {}
[437.152521] (-) TimerEvent: {}
[437.253060] (-) TimerEvent: {}
[437.353601] (-) TimerEvent: {}
[437.454159] (-) TimerEvent: {}
[437.554704] (-) TimerEvent: {}
[437.655457] (-) TimerEvent: {}
[437.756152] (-) TimerEvent: {}
[437.856762] (-) TimerEvent: {}
[437.957384] (-) TimerEvent: {}
[438.058171] (-) TimerEvent: {}
[438.158807] (-) TimerEvent: {}
[438.259564] (-) TimerEvent: {}
[438.360334] (-) TimerEvent: {}
[438.461119] (-) TimerEvent: {}
[438.561772] (-) TimerEvent: {}
[438.662439] (-) TimerEvent: {}
[438.763185] (-) TimerEvent: {}
[438.863772] (-) TimerEvent: {}
[438.964358] (-) TimerEvent: {}
[439.064946] (-) TimerEvent: {}
[439.165612] (-) TimerEvent: {}
[439.266294] (-) TimerEvent: {}
[439.366928] (-) TimerEvent: {}
[439.467481] (-) TimerEvent: {}
[439.568106] (-) TimerEvent: {}
[439.668891] (-) TimerEvent: {}
[439.769523] (-) TimerEvent: {}
[439.870220] (-) TimerEvent: {}
[439.971043] (-) TimerEvent: {}
[440.071872] (-) TimerEvent: {}
[440.172513] (-) TimerEvent: {}
[440.273044] (-) TimerEvent: {}
[440.373616] (-) TimerEvent: {}
[440.474220] (-) TimerEvent: {}
[440.574851] (-) TimerEvent: {}
[440.675576] (-) TimerEvent: {}
[440.776392] (-) TimerEvent: {}
[440.877131] (-) TimerEvent: {}
[440.977920] (-) TimerEvent: {}
[441.078577] (-) TimerEvent: {}
[441.179369] (-) TimerEvent: {}
[441.280027] (-) TimerEvent: {}
[441.380690] (-) TimerEvent: {}
[441.481323] (-) TimerEvent: {}
[441.582012] (-) TimerEvent: {}
[441.682895] (-) TimerEvent: {}
[441.783507] (-) TimerEvent: {}
[441.884202] (-) TimerEvent: {}
[441.984909] (-) TimerEvent: {}
[442.085687] (-) TimerEvent: {}
[442.186591] (-) TimerEvent: {}
[442.287370] (-) TimerEvent: {}
[442.387939] (-) TimerEvent: {}
[442.488496] (-) TimerEvent: {}
[442.589174] (-) TimerEvent: {}
[442.689945] (-) TimerEvent: {}
[442.790526] (-) TimerEvent: {}
[442.891121] (-) TimerEvent: {}
[442.991726] (-) TimerEvent: {}
[443.092539] (-) TimerEvent: {}
[443.193264] (-) TimerEvent: {}
[443.293913] (-) TimerEvent: {}
[443.394519] (-) TimerEvent: {}
[443.495274] (-) TimerEvent: {}
[443.595816] (-) TimerEvent: {}
[443.696391] (-) TimerEvent: {}
[443.796970] (-) TimerEvent: {}
[443.897552] (-) TimerEvent: {}
[443.998148] (-) TimerEvent: {}
[444.098666] (-) TimerEvent: {}
[444.199343] (-) TimerEvent: {}
[444.300119] (-) TimerEvent: {}
[444.400725] (-) TimerEvent: {}
[444.501284] (-) TimerEvent: {}
[444.601854] (-) TimerEvent: {}
[444.702450] (-) TimerEvent: {}
[444.803146] (-) TimerEvent: {}
[444.903918] (-) TimerEvent: {}
[445.004643] (-) TimerEvent: {}
[445.105207] (-) TimerEvent: {}
[445.205649] (-) TimerEvent: {}
[445.306230] (-) TimerEvent: {}
[445.406765] (-) TimerEvent: {}
[445.507317] (-) TimerEvent: {}
[445.607930] (-) TimerEvent: {}
[445.708641] (-) TimerEvent: {}
[445.809295] (-) TimerEvent: {}
[445.910049] (-) TimerEvent: {}
[446.010594] (-) TimerEvent: {}
[446.111226] (-) TimerEvent: {}
[446.211867] (-) TimerEvent: {}
[446.312602] (-) TimerEvent: {}
[446.413337] (-) TimerEvent: {}
[446.513717] (-) TimerEvent: {}
[446.613925] (-) TimerEvent: {}
[446.714170] (-) TimerEvent: {}
[446.814562] (-) TimerEvent: {}
[446.915089] (-) TimerEvent: {}
[447.015481] (-) TimerEvent: {}
[447.116051] (-) TimerEvent: {}
[447.216633] (-) TimerEvent: {}
[447.317187] (-) TimerEvent: {}
[447.417780] (-) TimerEvent: {}
[447.518432] (-) TimerEvent: {}
[447.619027] (-) TimerEvent: {}
[447.719666] (-) TimerEvent: {}
[447.820209] (-) TimerEvent: {}
[447.920857] (-) TimerEvent: {}
[448.021476] (-) TimerEvent: {}
[448.122230] (-) TimerEvent: {}
[448.222928] (-) TimerEvent: {}
[448.323632] (-) TimerEvent: {}
[448.424302] (-) TimerEvent: {}
[448.524928] (-) TimerEvent: {}
[448.625473] (-) TimerEvent: {}
[448.726071] (-) TimerEvent: {}
[448.826754] (-) TimerEvent: {}
[448.927429] (-) TimerEvent: {}
[449.028083] (-) TimerEvent: {}
[449.128714] (-) TimerEvent: {}
[449.229486] (-) TimerEvent: {}
[449.330081] (-) TimerEvent: {}
[449.430760] (-) TimerEvent: {}
[449.531478] (-) TimerEvent: {}
[449.632255] (-) TimerEvent: {}
[449.732935] (-) TimerEvent: {}
[449.833563] (-) TimerEvent: {}
[449.934073] (-) TimerEvent: {}
[450.034665] (-) TimerEvent: {}
[450.135469] (-) TimerEvent: {}
[450.236095] (-) TimerEvent: {}
[450.336594] (-) TimerEvent: {}
[450.437170] (-) TimerEvent: {}
[450.537750] (-) TimerEvent: {}
[450.638558] (-) TimerEvent: {}
[450.739156] (-) TimerEvent: {}
[450.839760] (-) TimerEvent: {}
[450.940462] (-) TimerEvent: {}
[451.041075] (-) TimerEvent: {}
[451.141754] (-) TimerEvent: {}
[451.242464] (-) TimerEvent: {}
[451.343021] (-) TimerEvent: {}
[451.443696] (-) TimerEvent: {}
[451.544360] (-) TimerEvent: {}
[451.645010] (-) TimerEvent: {}
[451.745555] (-) TimerEvent: {}
[451.846213] (-) TimerEvent: {}
[451.946782] (-) TimerEvent: {}
[452.047483] (-) TimerEvent: {}
[452.148115] (-) TimerEvent: {}
[452.248785] (-) TimerEvent: {}
[452.349361] (-) TimerEvent: {}
[452.450028] (-) TimerEvent: {}
[452.550669] (-) TimerEvent: {}
[452.651344] (-) TimerEvent: {}
[452.752003] (-) TimerEvent: {}
[452.852507] (-) TimerEvent: {}
[452.953217] (-) TimerEvent: {}
[453.053956] (-) TimerEvent: {}
[453.154522] (-) TimerEvent: {}
[453.255031] (-) TimerEvent: {}
[453.355462] (-) TimerEvent: {}
[453.455912] (-) TimerEvent: {}
[453.556399] (-) TimerEvent: {}
[453.657080] (-) TimerEvent: {}
[453.757796] (-) TimerEvent: {}
[453.858510] (-) TimerEvent: {}
[453.959030] (-) TimerEvent: {}
[454.059624] (-) TimerEvent: {}
[454.160387] (-) TimerEvent: {}
[454.260812] (-) TimerEvent: {}
[454.361367] (-) TimerEvent: {}
[454.461976] (-) TimerEvent: {}
[454.562536] (-) TimerEvent: {}
[454.663088] (-) TimerEvent: {}
[454.763754] (-) TimerEvent: {}
[454.864767] (-) TimerEvent: {}
[454.965441] (-) TimerEvent: {}
[455.066194] (-) TimerEvent: {}
[455.166785] (-) TimerEvent: {}
[455.267273] (-) TimerEvent: {}
[455.367930] (-) TimerEvent: {}
[455.468469] (-) TimerEvent: {}
[455.569063] (-) TimerEvent: {}
[455.669716] (-) TimerEvent: {}
[455.770374] (-) TimerEvent: {}
[455.871026] (-) TimerEvent: {}
[455.971605] (-) TimerEvent: {}
[456.072160] (-) TimerEvent: {}
[456.172763] (-) TimerEvent: {}
[456.273403] (-) TimerEvent: {}
[456.373941] (-) TimerEvent: {}
[456.474523] (-) TimerEvent: {}
[456.575235] (-) TimerEvent: {}
[456.675862] (-) TimerEvent: {}
[456.776463] (-) TimerEvent: {}
[456.877208] (-) TimerEvent: {}
[456.977765] (-) TimerEvent: {}
[457.078391] (-) TimerEvent: {}
[457.179037] (-) TimerEvent: {}
[457.279713] (-) TimerEvent: {}
[457.380296] (-) TimerEvent: {}
[457.481021] (-) TimerEvent: {}
[457.581716] (-) TimerEvent: {}
[457.682356] (-) TimerEvent: {}
[457.783113] (-) TimerEvent: {}
[457.883787] (-) TimerEvent: {}
[457.984546] (-) TimerEvent: {}
[458.085215] (-) TimerEvent: {}
[458.185777] (-) TimerEvent: {}
[458.286540] (-) TimerEvent: {}
[458.387090] (-) TimerEvent: {}
[458.487729] (-) TimerEvent: {}
[458.588576] (-) TimerEvent: {}
[458.689196] (-) TimerEvent: {}
[458.789627] (-) TimerEvent: {}
[458.890114] (-) TimerEvent: {}
[458.990604] (-) TimerEvent: {}
[459.091099] (-) TimerEvent: {}
[459.191665] (-) TimerEvent: {}
[459.292354] (-) TimerEvent: {}
[459.393071] (-) TimerEvent: {}
[459.493882] (-) TimerEvent: {}
[459.594613] (-) TimerEvent: {}
[459.695403] (-) TimerEvent: {}
[459.796127] (-) TimerEvent: {}
[459.896817] (-) TimerEvent: {}
[459.997467] (-) TimerEvent: {}
[460.098187] (-) TimerEvent: {}
[460.198621] (-) TimerEvent: {}
[460.299079] (-) TimerEvent: {}
[460.399779] (-) TimerEvent: {}
[460.500459] (-) TimerEvent: {}
[460.601204] (-) TimerEvent: {}
[460.701768] (-) TimerEvent: {}
[460.802406] (-) TimerEvent: {}
[460.902975] (-) TimerEvent: {}
[461.003586] (-) TimerEvent: {}
[461.104250] (-) TimerEvent: {}
[461.204856] (-) TimerEvent: {}
[461.305246] (-) TimerEvent: {}
[461.405876] (-) TimerEvent: {}
[461.506355] (-) TimerEvent: {}
[461.607134] (-) TimerEvent: {}
[461.707893] (-) TimerEvent: {}
[461.808543] (-) TimerEvent: {}
[461.909294] (-) TimerEvent: {}
[462.009935] (-) TimerEvent: {}
[462.110558] (-) TimerEvent: {}
[462.211299] (-) TimerEvent: {}
[462.311951] (-) TimerEvent: {}
[462.412447] (-) TimerEvent: {}
[462.513103] (-) TimerEvent: {}
[462.613634] (-) TimerEvent: {}
[462.714224] (-) TimerEvent: {}
[462.814718] (-) TimerEvent: {}
[462.915441] (-) TimerEvent: {}
[463.016210] (-) TimerEvent: {}
[463.116811] (-) TimerEvent: {}
[463.217552] (-) TimerEvent: {}
[463.318357] (-) TimerEvent: {}
[463.419099] (-) TimerEvent: {}
[463.519781] (-) TimerEvent: {}
[463.620285] (-) TimerEvent: {}
[463.720926] (-) TimerEvent: {}
[463.821633] (-) TimerEvent: {}
[463.922268] (-) TimerEvent: {}
[464.022950] (-) TimerEvent: {}
[464.123549] (-) TimerEvent: {}
[464.224292] (-) TimerEvent: {}
[464.324963] (-) TimerEvent: {}
[464.425610] (-) TimerEvent: {}
[464.526294] (-) TimerEvent: {}
[464.627023] (-) TimerEvent: {}
[464.727587] (-) TimerEvent: {}
[464.828140] (-) TimerEvent: {}
[464.928717] (-) TimerEvent: {}
[465.029433] (-) TimerEvent: {}
[465.130019] (-) TimerEvent: {}
[465.230714] (-) TimerEvent: {}
[465.331310] (-) TimerEvent: {}
[465.431975] (-) TimerEvent: {}
[465.532496] (-) TimerEvent: {}
[465.632970] (-) TimerEvent: {}
[465.733586] (-) TimerEvent: {}
[465.834188] (-) TimerEvent: {}
[465.934912] (-) TimerEvent: {}
[466.035529] (-) TimerEvent: {}
[466.136256] (-) TimerEvent: {}
[466.236686] (-) TimerEvent: {}
[466.336965] (-) TimerEvent: {}
[466.437556] (-) TimerEvent: {}
[466.538324] (-) TimerEvent: {}
[466.638945] (-) TimerEvent: {}
[466.739374] (-) TimerEvent: {}
[466.839948] (-) TimerEvent: {}
[466.940512] (-) TimerEvent: {}
[467.041160] (-) TimerEvent: {}
[467.141761] (-) TimerEvent: {}
[467.242346] (-) TimerEvent: {}
[467.342928] (-) TimerEvent: {}
[467.443505] (-) TimerEvent: {}
[467.544063] (-) TimerEvent: {}
[467.644635] (-) TimerEvent: {}
[467.745269] (-) TimerEvent: {}
[467.845933] (-) TimerEvent: {}
[467.946627] (-) TimerEvent: {}
[468.047342] (-) TimerEvent: {}
[468.148045] (-) TimerEvent: {}
[468.248662] (-) TimerEvent: {}
[468.349470] (-) TimerEvent: {}
[468.450058] (-) TimerEvent: {}
[468.550644] (-) TimerEvent: {}
[468.651341] (-) TimerEvent: {}
[468.752005] (-) TimerEvent: {}
[468.852750] (-) TimerEvent: {}
[468.953425] (-) TimerEvent: {}
[469.054044] (-) TimerEvent: {}
[469.154682] (-) TimerEvent: {}
[469.255173] (-) TimerEvent: {}
[469.355700] (-) TimerEvent: {}
[469.456268] (-) TimerEvent: {}
[469.556929] (-) TimerEvent: {}
[469.657661] (-) TimerEvent: {}
[469.758429] (-) TimerEvent: {}
[469.859204] (-) TimerEvent: {}
[469.959849] (-) TimerEvent: {}
[470.060456] (-) TimerEvent: {}
[470.161199] (-) TimerEvent: {}
[470.261779] (-) TimerEvent: {}
[470.362577] (-) TimerEvent: {}
[470.463285] (-) TimerEvent: {}
[470.563897] (-) TimerEvent: {}
[470.664529] (-) TimerEvent: {}
[470.765280] (-) TimerEvent: {}
[470.865943] (-) TimerEvent: {}
[470.966512] (-) TimerEvent: {}
[471.067060] (-) TimerEvent: {}
[471.167502] (-) TimerEvent: {}
[471.268100] (-) TimerEvent: {}
[471.368625] (-) TimerEvent: {}
[471.469169] (-) TimerEvent: {}
[471.569735] (-) TimerEvent: {}
[471.670375] (-) TimerEvent: {}
[471.770982] (-) TimerEvent: {}
[471.871495] (-) TimerEvent: {}
[471.972051] (-) TimerEvent: {}
[472.072540] (-) TimerEvent: {}
[472.173069] (-) TimerEvent: {}
[472.273523] (-) TimerEvent: {}
[472.374263] (-) TimerEvent: {}
[472.474921] (-) TimerEvent: {}
[472.575373] (-) TimerEvent: {}
[472.676013] (-) TimerEvent: {}
[472.776680] (-) TimerEvent: {}
[472.877349] (-) TimerEvent: {}
[472.977974] (-) TimerEvent: {}
[473.078563] (-) TimerEvent: {}
[473.179188] (-) TimerEvent: {}
[473.279520] (-) TimerEvent: {}
[473.379987] (-) TimerEvent: {}
[473.480707] (-) TimerEvent: {}
[473.581262] (-) TimerEvent: {}
[473.681971] (-) TimerEvent: {}
[473.782574] (-) TimerEvent: {}
[473.883287] (-) TimerEvent: {}
[473.983899] (-) TimerEvent: {}
[474.084559] (-) TimerEvent: {}
[474.185436] (-) TimerEvent: {}
[474.286056] (-) TimerEvent: {}
[474.386750] (-) TimerEvent: {}
[474.487410] (-) TimerEvent: {}
[474.588393] (-) TimerEvent: {}
[474.688902] (-) TimerEvent: {}
[474.789661] (-) TimerEvent: {}
[474.890558] (-) TimerEvent: {}
[474.991408] (-) TimerEvent: {}
[475.092093] (-) TimerEvent: {}
[475.192899] (-) TimerEvent: {}
[475.293665] (-) TimerEvent: {}
[475.394174] (-) TimerEvent: {}
[475.494802] (-) TimerEvent: {}
[475.595309] (-) TimerEvent: {}
[475.695902] (-) TimerEvent: {}
[475.796611] (-) TimerEvent: {}
[475.897409] (-) TimerEvent: {}
[475.998118] (-) TimerEvent: {}
[476.098770] (-) TimerEvent: {}
[476.199457] (-) TimerEvent: {}
[476.300145] (-) TimerEvent: {}
[476.400779] (-) TimerEvent: {}
[476.501429] (-) TimerEvent: {}
[476.601915] (-) TimerEvent: {}
[476.702492] (-) TimerEvent: {}
[476.803042] (-) TimerEvent: {}
[476.903635] (-) TimerEvent: {}
[477.004430] (-) TimerEvent: {}
[477.104984] (-) TimerEvent: {}
[477.205551] (-) TimerEvent: {}
[477.306098] (-) TimerEvent: {}
[477.406665] (-) TimerEvent: {}
[477.507096] (-) TimerEvent: {}
[477.607688] (-) TimerEvent: {}
[477.708398] (-) TimerEvent: {}
[477.809006] (-) TimerEvent: {}
[477.909729] (-) TimerEvent: {}
[478.010307] (-) TimerEvent: {}
[478.111014] (-) TimerEvent: {}
[478.211553] (-) TimerEvent: {}
[478.312250] (-) TimerEvent: {}
[478.413016] (-) TimerEvent: {}
[478.513695] (-) TimerEvent: {}
[478.614267] (-) TimerEvent: {}
[478.714874] (-) TimerEvent: {}
[478.815571] (-) TimerEvent: {}
[478.916148] (-) TimerEvent: {}
[479.016882] (-) TimerEvent: {}
[479.117581] (-) TimerEvent: {}
[479.218283] (-) TimerEvent: {}
[479.318788] (-) TimerEvent: {}
[479.419337] (-) TimerEvent: {}
[479.519889] (-) TimerEvent: {}
[479.530737] (micro_ros_agent) StderrLine: {'line': b'gmake[5]: *** [CMakeFiles/spdlog.dir/build.make:99: spdlog/src/spdlog-stamp/spdlog-download] Interrupt\n'}
[479.531282] (micro_ros_agent) StderrLine: {'line': b'gmake[4]: *** [CMakeFiles/Makefile2:85: CMakeFiles/spdlog.dir/all] Interrupt\n'}
[479.531601] (micro_ros_agent) StderrLine: {'line': b'gmake[3]: *** [Makefile:91: all] Interrupt\n'}
[479.532489] (micro_ros_agent) StderrLine: {'line': b'gmake[2]: *** [CMakeFiles/xrceagent.dir/build.make:86: agent/src/xrceagent-stamp/xrceagent-build] Interrupt\n'}
[479.532677] (micro_ros_agent) StderrLine: {'line': b'gmake[1]: *** [CMakeFiles/Makefile2:85: CMakeFiles/xrceagent.dir/all] Interrupt\n'}
[479.533020] (micro_ros_agent) StderrLine: {'line': b'gmake: *** [Makefile:91: all] Interrupt\n'}
[479.534434] (micro_ros_agent) CommandEnded: {'returncode': -2}
[479.538195] (micro_ros_agent) JobEnded: {'identifier': 'micro_ros_agent', 'rc': 'SIGINT'}
[479.549116] (-) EventReactorShutdown: {}
