[0.000000] (-) TimerEvent: {}
[0.000132] (-) JobUnselected: {'identifier': 'drive_base_msgs'}
[0.000164] (-) JobUnselected: {'identifier': 'micro_ros_setup'}
[0.000185] (micro_ros_msgs) JobQueued: {'identifier': 'micro_ros_msgs', 'dependencies': OrderedDict()}
[0.000204] (micro_ros_agent) JobQueued: {'identifier': 'micro_ros_agent', 'dependencies': OrderedDict({'micro_ros_msgs': '/home/ali/STM32CubeIDE/stm32_uros_ws/Panik/microros_ws/install/micro_ros_msgs'})}
[0.000225] (micro_ros_msgs) JobStarted: {'identifier': 'micro_ros_msgs'}
[0.004476] (micro_ros_msgs) JobProgress: {'identifier': 'micro_ros_msgs', 'progress': 'cmake'}
[0.005009] (micro_ros_msgs) JobProgress: {'identifier': 'micro_ros_msgs', 'progress': 'build'}
[0.005566] (micro_ros_msgs) Command: {'cmd': ['/usr/bin/cmake', '--build', '/home/ali/STM32CubeIDE/stm32_uros_ws/Panik/microros_ws/build/micro_ros_msgs', '--', '-j20', '-l20'], 'cwd': '/home/ali/STM32CubeIDE/stm32_uros_ws/Panik/microros_ws/build/micro_ros_msgs', 'env': OrderedDict({'LESSOPEN': '| /usr/bin/lesspipe %s', 'USER': 'ali', 'XDG_SESSION_TYPE': 'x11', 'SHLVL': '2', 'LD_LIBRARY_PATH': '/usr/local/cuda/lib64:/opt/ros/jazzy/opt/rviz_ogre_vendor/lib:/opt/ros/jazzy/lib/x86_64-linux-gnu:/opt/ros/jazzy/opt/gz_math_vendor/lib:/opt/ros/jazzy/opt/gz_utils_vendor/lib:/opt/ros/jazzy/opt/gz_cmake_vendor/lib:/opt/ros/jazzy/lib', 'HOME': '/home/ali', 'CONDA_SHLVL': '0', 'OLDPWD': '/home/ali/STM32CubeIDE/stm32_uros_ws/Panik/microros_ws/src', 'DESKTOP_SESSION': 'ubuntu', 'ROS_PYTHON_VERSION': '3', 'GNOME_SHELL_SESSION_MODE': 'ubuntu', 'GTK_MODULES': 'gail:atk-bridge', 'DBUS_STARTER_BUS_TYPE': 'session', 'SYSTEMD_EXEC_PID': '3737', 'GSM_SKIP_SSH_AGENT_WORKAROUND': 'true', 'DBUS_SESSION_BUS_ADDRESS': 'unix:path=/run/user/1000/bus,guid=0604e28faa751846e4adda7b6881fc05', 'COLORTERM': 'truecolor', '_CE_M': '', 'DEBUGINFOD_URLS': 'https://debuginfod.ubuntu.com', 'COLCON_PREFIX_PATH': '/home/ali/STM32CubeIDE/stm32_uros_ws/Panik/microros_ws/install', 'ROS_DISTRO': 'jazzy', 'LOGNAME': 'ali', '_': '/usr/bin/colcon', 'ROS_VERSION': '2', 'MEMORY_PRESSURE_WATCH': '/sys/fs/cgroup/user.slice/user-1000.slice/user@1000.service/app.slice/app-gnome\\x2dsession\\x2dmanager.slice/gnome-session-manager@ubuntu.service/memory.pressure', 'XDG_SESSION_CLASS': 'user', 'USERNAME': 'ali', 'TERM': 'xterm-256color', 'GNOME_DESKTOP_SESSION_ID': 'this-is-deprecated', '_CE_CONDA': '', 'WINDOWPATH': '2', 'PATH': '/opt/gcc-arm-none-eabi-10.3-2021.10/bin:/opt/xpack-openocd-0.12.0-6/bin:/home/ali/anaconda3/condabin:/usr/local/cuda/bin:/opt/ros/jazzy/bin:/usr/local/sbin:/usr/local/bin:/usr/sbin:/usr/bin:/sbin:/bin:/usr/games:/usr/local/games:/snap/bin:/snap/bin', 'SESSION_MANAGER': 'local/Asus:@/tmp/.ICE-unix/3737,unix/Asus:/tmp/.ICE-unix/3737', 'XDG_MENU_PREFIX': 'gnome-', 'GNOME_TERMINAL_SCREEN': '/org/gnome/Terminal/screen/dcb9ce6c_90fc_45e0_b803_e109dc5ac748', 'XDG_RUNTIME_DIR': '/run/user/1000', 'DISPLAY': ':1', 'LANG': 'en_US.UTF-8', 'XDG_CURRENT_DESKTOP': 'ubuntu:GNOME', 'XMODIFIERS': '@im=ibus', 'XDG_SESSION_DESKTOP': 'ubuntu', 'XAUTHORITY': '/run/user/1000/gdm/Xauthority', 'LS_COLORS': 'rs=0:di=01;34:ln=01;36:mh=00:pi=40;33:so=01;35:do=01;35:bd=40;33;01:cd=40;33;01:or=40;31;01:mi=00:su=37;41:sg=30;43:ca=00:tw=30;42:ow=34;42:st=37;44:ex=01;32:*.tar=01;31:*.tgz=01;31:*.arc=01;31:*.arj=01;31:*.taz=01;31:*.lha=01;31:*.lz4=01;31:*.lzh=01;31:*.lzma=01;31:*.tlz=01;31:*.txz=01;31:*.tzo=01;31:*.t7z=01;31:*.zip=01;31:*.z=01;31:*.dz=01;31:*.gz=01;31:*.lrz=01;31:*.lz=01;31:*.lzo=01;31:*.xz=01;31:*.zst=01;31:*.tzst=01;31:*.bz2=01;31:*.bz=01;31:*.tbz=01;31:*.tbz2=01;31:*.tz=01;31:*.deb=01;31:*.rpm=01;31:*.jar=01;31:*.war=01;31:*.ear=01;31:*.sar=01;31:*.rar=01;31:*.alz=01;31:*.ace=01;31:*.zoo=01;31:*.cpio=01;31:*.7z=01;31:*.rz=01;31:*.cab=01;31:*.wim=01;31:*.swm=01;31:*.dwm=01;31:*.esd=01;31:*.avif=01;35:*.jpg=01;35:*.jpeg=01;35:*.mjpg=01;35:*.mjpeg=01;35:*.gif=01;35:*.bmp=01;35:*.pbm=01;35:*.pgm=01;35:*.ppm=01;35:*.tga=01;35:*.xbm=01;35:*.xpm=01;35:*.tif=01;35:*.tiff=01;35:*.png=01;35:*.svg=01;35:*.svgz=01;35:*.mng=01;35:*.pcx=01;35:*.mov=01;35:*.mpg=01;35:*.mpeg=01;35:*.m2v=01;35:*.mkv=01;35:*.webm=01;35:*.webp=01;35:*.ogm=01;35:*.mp4=01;35:*.m4v=01;35:*.mp4v=01;35:*.vob=01;35:*.qt=01;35:*.nuv=01;35:*.wmv=01;35:*.asf=01;35:*.rm=01;35:*.rmvb=01;35:*.flc=01;35:*.avi=01;35:*.fli=01;35:*.flv=01;35:*.gl=01;35:*.dl=01;35:*.xcf=01;35:*.xwd=01;35:*.yuv=01;35:*.cgm=01;35:*.emf=01;35:*.ogv=01;35:*.ogx=01;35:*.aac=00;36:*.au=00;36:*.flac=00;36:*.m4a=00;36:*.mid=00;36:*.midi=00;36:*.mka=00;36:*.mp3=00;36:*.mpc=00;36:*.ogg=00;36:*.ra=00;36:*.wav=00;36:*.oga=00;36:*.opus=00;36:*.spx=00;36:*.xspf=00;36:*~=00;90:*#=00;90:*.bak=00;90:*.crdownload=00;90:*.dpkg-dist=00;90:*.dpkg-new=00;90:*.dpkg-old=00;90:*.dpkg-tmp=00;90:*.old=00;90:*.orig=00;90:*.part=00;90:*.rej=00;90:*.rpmnew=00;90:*.rpmorig=00;90:*.rpmsave=00;90:*.swp=00;90:*.tmp=00;90:*.ucf-dist=00;90:*.ucf-new=00;90:*.ucf-old=00;90:', 'GNOME_TERMINAL_SERVICE': ':1.151', 'SSH_AUTH_SOCK': '/run/user/1000/keyring/ssh', 'AMENT_PREFIX_PATH': '/home/ali/STM32CubeIDE/stm32_uros_ws/Panik/microros_ws/install/micro_ros_setup:/opt/ros/jazzy', 'CONDA_PYTHON_EXE': '/home/ali/anaconda3/bin/python', 'SHELL': '/bin/bash', 'QT_ACCESSIBILITY': '1', 'GDMSESSION': 'ubuntu', 'LESSCLOSE': '/usr/bin/lesspipe %s %s', 'GPG_AGENT_INFO': '/run/user/1000/gnupg/S.gpg-agent:0:1', 'ROS_AUTOMATIC_DISCOVERY_RANGE': 'SUBNET', 'QT_IM_MODULE': 'ibus', 'PWD': '/home/ali/STM32CubeIDE/stm32_uros_ws/Panik/microros_ws/build/micro_ros_msgs', 'LC_ALL': 'en_US.UTF-8', 'XDG_CONFIG_DIRS': '/etc/xdg/xdg-ubuntu:/etc/xdg', 'CONDA_EXE': '/home/ali/anaconda3/bin/conda', 'DBUS_STARTER_ADDRESS': 'unix:path=/run/user/1000/bus,guid=0604e28faa751846e4adda7b6881fc05', 'XDG_DATA_DIRS': '/usr/share/ubuntu:/usr/share/gnome:/usr/local/share/:/usr/share/:/var/lib/snapd/desktop', 'PYTHONPATH': '/opt/ros/jazzy/lib/python3.12/site-packages', 'COLCON': '1', 'MEMORY_PRESSURE_WRITE': 'c29tZSAyMDAwMDAgMjAwMDAwMAA=', 'VTE_VERSION': '7600', 'CMAKE_PREFIX_PATH': '/home/ali/STM32CubeIDE/stm32_uros_ws/Panik/microros_ws/install/micro_ros_setup:/opt/ros/jazzy/opt/gz_math_vendor:/opt/ros/jazzy/opt/gz_utils_vendor:/opt/ros/jazzy/opt/gz_cmake_vendor:/opt/ros/jazzy'}), 'shell': False}
[0.043226] (micro_ros_msgs) StdoutLine: {'line': b'[  1%] Built target micro_ros_msgs__rosidl_generator_type_description\n'}
[0.050402] (micro_ros_msgs) StdoutLine: {'line': b'[  1%] Built target ament_cmake_python_copy_micro_ros_msgs\n'}
[0.058147] (micro_ros_msgs) StdoutLine: {'line': b'[  3%] Built target micro_ros_msgs__cpp\n'}
[0.062187] (micro_ros_msgs) StdoutLine: {'line': b'[ 24%] Built target micro_ros_msgs__rosidl_generator_c\n'}
[0.083848] (micro_ros_msgs) StdoutLine: {'line': b'[ 33%] Built target micro_ros_msgs__rosidl_typesupport_introspection_c\n'}
[0.084355] (micro_ros_msgs) StdoutLine: {'line': b'[ 42%] Built target micro_ros_msgs__rosidl_typesupport_fastrtps_cpp\n'}
[0.084735] (micro_ros_msgs) StdoutLine: {'line': b'[ 51%] Built target micro_ros_msgs__rosidl_typesupport_introspection_cpp\n'}
[0.086716] (micro_ros_msgs) StdoutLine: {'line': b'[ 61%] Built target micro_ros_msgs__rosidl_typesupport_cpp\n'}
[0.086869] (micro_ros_msgs) StdoutLine: {'line': b'[ 70%] Built target micro_ros_msgs__rosidl_typesupport_c\n'}
[0.086957] (micro_ros_msgs) StdoutLine: {'line': b'[ 79%] Built target micro_ros_msgs__rosidl_typesupport_fastrtps_c\n'}
[0.099783] (micro_ros_msgs) StdoutLine: {'line': b'[ 79%] Built target micro_ros_msgs\n'}
[0.099896] (-) TimerEvent: {}
[0.116439] (micro_ros_msgs) StdoutLine: {'line': b'[ 81%] Built target micro_ros_msgs__py\n'}
[0.132416] (micro_ros_msgs) StdoutLine: {'line': b'[ 88%] Built target micro_ros_msgs__rosidl_generator_py\n'}
[0.149362] (micro_ros_msgs) StdoutLine: {'line': b'[ 92%] Built target micro_ros_msgs_s__rosidl_typesupport_introspection_c\n'}
[0.149805] (micro_ros_msgs) StdoutLine: {'line': b'[ 96%] Built target micro_ros_msgs_s__rosidl_typesupport_fastrtps_c\n'}
[0.150720] (micro_ros_msgs) StdoutLine: {'line': b'[100%] Built target micro_ros_msgs_s__rosidl_typesupport_c\n'}
[0.183841] (micro_ros_msgs) StdoutLine: {'line': b'running egg_info\n'}
[0.193536] (micro_ros_msgs) StdoutLine: {'line': b'writing micro_ros_msgs.egg-info/PKG-INFO\n'}
[0.193613] (micro_ros_msgs) StdoutLine: {'line': b'writing dependency_links to micro_ros_msgs.egg-info/dependency_links.txt\n'}
[0.193656] (micro_ros_msgs) StdoutLine: {'line': b'writing top-level names to micro_ros_msgs.egg-info/top_level.txt\n'}
[0.200066] (-) TimerEvent: {}
[0.221671] (micro_ros_msgs) StdoutLine: {'line': b"reading manifest file 'micro_ros_msgs.egg-info/SOURCES.txt'\n"}
[0.221948] (micro_ros_msgs) StdoutLine: {'line': b"writing manifest file 'micro_ros_msgs.egg-info/SOURCES.txt'\n"}
[0.240233] (micro_ros_msgs) StdoutLine: {'line': b'[100%] Built target ament_cmake_python_build_micro_ros_msgs_egg\n'}
[0.249036] (micro_ros_msgs) CommandEnded: {'returncode': 0}
[0.249387] (micro_ros_msgs) JobProgress: {'identifier': 'micro_ros_msgs', 'progress': 'install'}
[0.256387] (micro_ros_msgs) Command: {'cmd': ['/usr/bin/cmake', '--install', '/home/ali/STM32CubeIDE/stm32_uros_ws/Panik/microros_ws/build/micro_ros_msgs'], 'cwd': '/home/ali/STM32CubeIDE/stm32_uros_ws/Panik/microros_ws/build/micro_ros_msgs', 'env': OrderedDict({'LESSOPEN': '| /usr/bin/lesspipe %s', 'USER': 'ali', 'XDG_SESSION_TYPE': 'x11', 'SHLVL': '2', 'LD_LIBRARY_PATH': '/usr/local/cuda/lib64:/opt/ros/jazzy/opt/rviz_ogre_vendor/lib:/opt/ros/jazzy/lib/x86_64-linux-gnu:/opt/ros/jazzy/opt/gz_math_vendor/lib:/opt/ros/jazzy/opt/gz_utils_vendor/lib:/opt/ros/jazzy/opt/gz_cmake_vendor/lib:/opt/ros/jazzy/lib', 'HOME': '/home/ali', 'CONDA_SHLVL': '0', 'OLDPWD': '/home/ali/STM32CubeIDE/stm32_uros_ws/Panik/microros_ws/src', 'DESKTOP_SESSION': 'ubuntu', 'ROS_PYTHON_VERSION': '3', 'GNOME_SHELL_SESSION_MODE': 'ubuntu', 'GTK_MODULES': 'gail:atk-bridge', 'DBUS_STARTER_BUS_TYPE': 'session', 'SYSTEMD_EXEC_PID': '3737', 'GSM_SKIP_SSH_AGENT_WORKAROUND': 'true', 'DBUS_SESSION_BUS_ADDRESS': 'unix:path=/run/user/1000/bus,guid=0604e28faa751846e4adda7b6881fc05', 'COLORTERM': 'truecolor', '_CE_M': '', 'DEBUGINFOD_URLS': 'https://debuginfod.ubuntu.com', 'COLCON_PREFIX_PATH': '/home/ali/STM32CubeIDE/stm32_uros_ws/Panik/microros_ws/install', 'ROS_DISTRO': 'jazzy', 'LOGNAME': 'ali', '_': '/usr/bin/colcon', 'ROS_VERSION': '2', 'MEMORY_PRESSURE_WATCH': '/sys/fs/cgroup/user.slice/user-1000.slice/user@1000.service/app.slice/app-gnome\\x2dsession\\x2dmanager.slice/gnome-session-manager@ubuntu.service/memory.pressure', 'XDG_SESSION_CLASS': 'user', 'USERNAME': 'ali', 'TERM': 'xterm-256color', 'GNOME_DESKTOP_SESSION_ID': 'this-is-deprecated', '_CE_CONDA': '', 'WINDOWPATH': '2', 'PATH': '/opt/gcc-arm-none-eabi-10.3-2021.10/bin:/opt/xpack-openocd-0.12.0-6/bin:/home/ali/anaconda3/condabin:/usr/local/cuda/bin:/opt/ros/jazzy/bin:/usr/local/sbin:/usr/local/bin:/usr/sbin:/usr/bin:/sbin:/bin:/usr/games:/usr/local/games:/snap/bin:/snap/bin', 'SESSION_MANAGER': 'local/Asus:@/tmp/.ICE-unix/3737,unix/Asus:/tmp/.ICE-unix/3737', 'XDG_MENU_PREFIX': 'gnome-', 'GNOME_TERMINAL_SCREEN': '/org/gnome/Terminal/screen/dcb9ce6c_90fc_45e0_b803_e109dc5ac748', 'XDG_RUNTIME_DIR': '/run/user/1000', 'DISPLAY': ':1', 'LANG': 'en_US.UTF-8', 'XDG_CURRENT_DESKTOP': 'ubuntu:GNOME', 'XMODIFIERS': '@im=ibus', 'XDG_SESSION_DESKTOP': 'ubuntu', 'XAUTHORITY': '/run/user/1000/gdm/Xauthority', 'LS_COLORS': 'rs=0:di=01;34:ln=01;36:mh=00:pi=40;33:so=01;35:do=01;35:bd=40;33;01:cd=40;33;01:or=40;31;01:mi=00:su=37;41:sg=30;43:ca=00:tw=30;42:ow=34;42:st=37;44:ex=01;32:*.tar=01;31:*.tgz=01;31:*.arc=01;31:*.arj=01;31:*.taz=01;31:*.lha=01;31:*.lz4=01;31:*.lzh=01;31:*.lzma=01;31:*.tlz=01;31:*.txz=01;31:*.tzo=01;31:*.t7z=01;31:*.zip=01;31:*.z=01;31:*.dz=01;31:*.gz=01;31:*.lrz=01;31:*.lz=01;31:*.lzo=01;31:*.xz=01;31:*.zst=01;31:*.tzst=01;31:*.bz2=01;31:*.bz=01;31:*.tbz=01;31:*.tbz2=01;31:*.tz=01;31:*.deb=01;31:*.rpm=01;31:*.jar=01;31:*.war=01;31:*.ear=01;31:*.sar=01;31:*.rar=01;31:*.alz=01;31:*.ace=01;31:*.zoo=01;31:*.cpio=01;31:*.7z=01;31:*.rz=01;31:*.cab=01;31:*.wim=01;31:*.swm=01;31:*.dwm=01;31:*.esd=01;31:*.avif=01;35:*.jpg=01;35:*.jpeg=01;35:*.mjpg=01;35:*.mjpeg=01;35:*.gif=01;35:*.bmp=01;35:*.pbm=01;35:*.pgm=01;35:*.ppm=01;35:*.tga=01;35:*.xbm=01;35:*.xpm=01;35:*.tif=01;35:*.tiff=01;35:*.png=01;35:*.svg=01;35:*.svgz=01;35:*.mng=01;35:*.pcx=01;35:*.mov=01;35:*.mpg=01;35:*.mpeg=01;35:*.m2v=01;35:*.mkv=01;35:*.webm=01;35:*.webp=01;35:*.ogm=01;35:*.mp4=01;35:*.m4v=01;35:*.mp4v=01;35:*.vob=01;35:*.qt=01;35:*.nuv=01;35:*.wmv=01;35:*.asf=01;35:*.rm=01;35:*.rmvb=01;35:*.flc=01;35:*.avi=01;35:*.fli=01;35:*.flv=01;35:*.gl=01;35:*.dl=01;35:*.xcf=01;35:*.xwd=01;35:*.yuv=01;35:*.cgm=01;35:*.emf=01;35:*.ogv=01;35:*.ogx=01;35:*.aac=00;36:*.au=00;36:*.flac=00;36:*.m4a=00;36:*.mid=00;36:*.midi=00;36:*.mka=00;36:*.mp3=00;36:*.mpc=00;36:*.ogg=00;36:*.ra=00;36:*.wav=00;36:*.oga=00;36:*.opus=00;36:*.spx=00;36:*.xspf=00;36:*~=00;90:*#=00;90:*.bak=00;90:*.crdownload=00;90:*.dpkg-dist=00;90:*.dpkg-new=00;90:*.dpkg-old=00;90:*.dpkg-tmp=00;90:*.old=00;90:*.orig=00;90:*.part=00;90:*.rej=00;90:*.rpmnew=00;90:*.rpmorig=00;90:*.rpmsave=00;90:*.swp=00;90:*.tmp=00;90:*.ucf-dist=00;90:*.ucf-new=00;90:*.ucf-old=00;90:', 'GNOME_TERMINAL_SERVICE': ':1.151', 'SSH_AUTH_SOCK': '/run/user/1000/keyring/ssh', 'AMENT_PREFIX_PATH': '/home/ali/STM32CubeIDE/stm32_uros_ws/Panik/microros_ws/install/micro_ros_setup:/opt/ros/jazzy', 'CONDA_PYTHON_EXE': '/home/ali/anaconda3/bin/python', 'SHELL': '/bin/bash', 'QT_ACCESSIBILITY': '1', 'GDMSESSION': 'ubuntu', 'LESSCLOSE': '/usr/bin/lesspipe %s %s', 'GPG_AGENT_INFO': '/run/user/1000/gnupg/S.gpg-agent:0:1', 'ROS_AUTOMATIC_DISCOVERY_RANGE': 'SUBNET', 'QT_IM_MODULE': 'ibus', 'PWD': '/home/ali/STM32CubeIDE/stm32_uros_ws/Panik/microros_ws/build/micro_ros_msgs', 'LC_ALL': 'en_US.UTF-8', 'XDG_CONFIG_DIRS': '/etc/xdg/xdg-ubuntu:/etc/xdg', 'CONDA_EXE': '/home/ali/anaconda3/bin/conda', 'DBUS_STARTER_ADDRESS': 'unix:path=/run/user/1000/bus,guid=0604e28faa751846e4adda7b6881fc05', 'XDG_DATA_DIRS': '/usr/share/ubuntu:/usr/share/gnome:/usr/local/share/:/usr/share/:/var/lib/snapd/desktop', 'PYTHONPATH': '/opt/ros/jazzy/lib/python3.12/site-packages', 'COLCON': '1', 'MEMORY_PRESSURE_WRITE': 'c29tZSAyMDAwMDAgMjAwMDAwMAA=', 'VTE_VERSION': '7600', 'CMAKE_PREFIX_PATH': '/home/ali/STM32CubeIDE/stm32_uros_ws/Panik/microros_ws/install/micro_ros_setup:/opt/ros/jazzy/opt/gz_math_vendor:/opt/ros/jazzy/opt/gz_utils_vendor:/opt/ros/jazzy/opt/gz_cmake_vendor:/opt/ros/jazzy'}), 'shell': False}
[0.261413] (micro_ros_msgs) StdoutLine: {'line': b'-- Install configuration: ""\n'}
[0.261502] (micro_ros_msgs) StdoutLine: {'line': b'-- Up-to-date: /home/ali/STM32CubeIDE/stm32_uros_ws/Panik/microros_ws/install/micro_ros_msgs/share/ament_index/resource_index/rosidl_interfaces/micro_ros_msgs\n'}
[0.261547] (micro_ros_msgs) StdoutLine: {'line': b'-- Up-to-date: /home/ali/STM32CubeIDE/stm32_uros_ws/Panik/microros_ws/install/micro_ros_msgs/share/micro_ros_msgs/msg/Graph.json\n'}
[0.261579] (micro_ros_msgs) StdoutLine: {'line': b'-- Up-to-date: /home/ali/STM32CubeIDE/stm32_uros_ws/Panik/microros_ws/install/micro_ros_msgs/share/micro_ros_msgs/msg/Node.json\n'}
[0.261612] (micro_ros_msgs) StdoutLine: {'line': b'-- Up-to-date: /home/ali/STM32CubeIDE/stm32_uros_ws/Panik/microros_ws/install/micro_ros_msgs/share/micro_ros_msgs/msg/Entity.json\n'}
[0.261786] (micro_ros_msgs) StdoutLine: {'line': b'-- Up-to-date: /home/ali/STM32CubeIDE/stm32_uros_ws/Panik/microros_ws/install/micro_ros_msgs/include/micro_ros_msgs/micro_ros_msgs\n'}
[0.261827] (micro_ros_msgs) StdoutLine: {'line': b'-- Up-to-date: /home/ali/STM32CubeIDE/stm32_uros_ws/Panik/microros_ws/install/micro_ros_msgs/include/micro_ros_msgs/micro_ros_msgs/msg\n'}
[0.261859] (micro_ros_msgs) StdoutLine: {'line': b'-- Up-to-date: /home/ali/STM32CubeIDE/stm32_uros_ws/Panik/microros_ws/install/micro_ros_msgs/include/micro_ros_msgs/micro_ros_msgs/msg/node.h\n'}
[0.261894] (micro_ros_msgs) StdoutLine: {'line': b'-- Up-to-date: /home/ali/STM32CubeIDE/stm32_uros_ws/Panik/microros_ws/install/micro_ros_msgs/include/micro_ros_msgs/micro_ros_msgs/msg/detail\n'}
[0.261926] (micro_ros_msgs) StdoutLine: {'line': b'-- Up-to-date: /home/ali/STM32CubeIDE/stm32_uros_ws/Panik/microros_ws/install/micro_ros_msgs/include/micro_ros_msgs/micro_ros_msgs/msg/detail/node__struct.h\n'}
[0.261957] (micro_ros_msgs) StdoutLine: {'line': b'-- Up-to-date: /home/ali/STM32CubeIDE/stm32_uros_ws/Panik/microros_ws/install/micro_ros_msgs/include/micro_ros_msgs/micro_ros_msgs/msg/detail/graph__functions.h\n'}
[0.261988] (micro_ros_msgs) StdoutLine: {'line': b'-- Up-to-date: /home/ali/STM32CubeIDE/stm32_uros_ws/Panik/microros_ws/install/micro_ros_msgs/include/micro_ros_msgs/micro_ros_msgs/msg/detail/node__functions.c\n'}
[0.262019] (micro_ros_msgs) StdoutLine: {'line': b'-- Up-to-date: /home/ali/STM32CubeIDE/stm32_uros_ws/Panik/microros_ws/install/micro_ros_msgs/include/micro_ros_msgs/micro_ros_msgs/msg/detail/node__type_support.c\n'}
[0.262071] (micro_ros_msgs) StdoutLine: {'line': b'-- Up-to-date: /home/ali/STM32CubeIDE/stm32_uros_ws/Panik/microros_ws/install/micro_ros_msgs/include/micro_ros_msgs/micro_ros_msgs/msg/detail/graph__description.c\n'}
[0.262150] (micro_ros_msgs) StdoutLine: {'line': b'-- Up-to-date: /home/ali/STM32CubeIDE/stm32_uros_ws/Panik/microros_ws/install/micro_ros_msgs/include/micro_ros_msgs/micro_ros_msgs/msg/detail/node__functions.h\n'}
[0.262182] (micro_ros_msgs) StdoutLine: {'line': b'-- Up-to-date: /home/ali/STM32CubeIDE/stm32_uros_ws/Panik/microros_ws/install/micro_ros_msgs/include/micro_ros_msgs/micro_ros_msgs/msg/detail/graph__type_support.c\n'}
[0.262214] (micro_ros_msgs) StdoutLine: {'line': b'-- Up-to-date: /home/ali/STM32CubeIDE/stm32_uros_ws/Panik/microros_ws/install/micro_ros_msgs/include/micro_ros_msgs/micro_ros_msgs/msg/detail/node__description.c\n'}
[0.262245] (micro_ros_msgs) StdoutLine: {'line': b'-- Up-to-date: /home/ali/STM32CubeIDE/stm32_uros_ws/Panik/microros_ws/install/micro_ros_msgs/include/micro_ros_msgs/micro_ros_msgs/msg/detail/entity__functions.h\n'}
[0.262275] (micro_ros_msgs) StdoutLine: {'line': b'-- Up-to-date: /home/ali/STM32CubeIDE/stm32_uros_ws/Panik/microros_ws/install/micro_ros_msgs/include/micro_ros_msgs/micro_ros_msgs/msg/detail/entity__type_support.c\n'}
[0.262307] (micro_ros_msgs) StdoutLine: {'line': b'-- Up-to-date: /home/ali/STM32CubeIDE/stm32_uros_ws/Panik/microros_ws/install/micro_ros_msgs/include/micro_ros_msgs/micro_ros_msgs/msg/detail/entity__functions.c\n'}
[0.262338] (micro_ros_msgs) StdoutLine: {'line': b'-- Up-to-date: /home/ali/STM32CubeIDE/stm32_uros_ws/Panik/microros_ws/install/micro_ros_msgs/include/micro_ros_msgs/micro_ros_msgs/msg/detail/graph__struct.h\n'}
[0.262369] (micro_ros_msgs) StdoutLine: {'line': b'-- Up-to-date: /home/ali/STM32CubeIDE/stm32_uros_ws/Panik/microros_ws/install/micro_ros_msgs/include/micro_ros_msgs/micro_ros_msgs/msg/detail/graph__type_support.h\n'}
[0.262403] (micro_ros_msgs) StdoutLine: {'line': b'-- Up-to-date: /home/ali/STM32CubeIDE/stm32_uros_ws/Panik/microros_ws/install/micro_ros_msgs/include/micro_ros_msgs/micro_ros_msgs/msg/detail/entity__type_support.h\n'}
[0.262435] (micro_ros_msgs) StdoutLine: {'line': b'-- Up-to-date: /home/ali/STM32CubeIDE/stm32_uros_ws/Panik/microros_ws/install/micro_ros_msgs/include/micro_ros_msgs/micro_ros_msgs/msg/detail/graph__functions.c\n'}
[0.262465] (micro_ros_msgs) StdoutLine: {'line': b'-- Up-to-date: /home/ali/STM32CubeIDE/stm32_uros_ws/Panik/microros_ws/install/micro_ros_msgs/include/micro_ros_msgs/micro_ros_msgs/msg/detail/entity__struct.h\n'}
[0.262505] (micro_ros_msgs) StdoutLine: {'line': b'-- Up-to-date: /home/ali/STM32CubeIDE/stm32_uros_ws/Panik/microros_ws/install/micro_ros_msgs/include/micro_ros_msgs/micro_ros_msgs/msg/detail/node__type_support.h\n'}
[0.262537] (micro_ros_msgs) StdoutLine: {'line': b'-- Up-to-date: /home/ali/STM32CubeIDE/stm32_uros_ws/Panik/microros_ws/install/micro_ros_msgs/include/micro_ros_msgs/micro_ros_msgs/msg/detail/entity__description.c\n'}
[0.262568] (micro_ros_msgs) StdoutLine: {'line': b'-- Up-to-date: /home/ali/STM32CubeIDE/stm32_uros_ws/Panik/microros_ws/install/micro_ros_msgs/include/micro_ros_msgs/micro_ros_msgs/msg/rosidl_generator_c__visibility_control.h\n'}
[0.262599] (micro_ros_msgs) StdoutLine: {'line': b'-- Up-to-date: /home/ali/STM32CubeIDE/stm32_uros_ws/Panik/microros_ws/install/micro_ros_msgs/include/micro_ros_msgs/micro_ros_msgs/msg/graph.h\n'}
[0.262629] (micro_ros_msgs) StdoutLine: {'line': b'-- Up-to-date: /home/ali/STM32CubeIDE/stm32_uros_ws/Panik/microros_ws/install/micro_ros_msgs/include/micro_ros_msgs/micro_ros_msgs/msg/entity.h\n'}
[0.262660] (micro_ros_msgs) StdoutLine: {'line': b'-- Up-to-date: /home/ali/STM32CubeIDE/stm32_uros_ws/Panik/microros_ws/install/micro_ros_msgs/share/micro_ros_msgs/environment/library_path.sh\n'}
[0.262690] (micro_ros_msgs) StdoutLine: {'line': b'-- Up-to-date: /home/ali/STM32CubeIDE/stm32_uros_ws/Panik/microros_ws/install/micro_ros_msgs/share/micro_ros_msgs/environment/library_path.dsv\n'}
[0.262721] (micro_ros_msgs) StdoutLine: {'line': b'-- Up-to-date: /home/ali/STM32CubeIDE/stm32_uros_ws/Panik/microros_ws/install/micro_ros_msgs/lib/libmicro_ros_msgs__rosidl_generator_c.so\n'}
[0.262751] (micro_ros_msgs) StdoutLine: {'line': b'-- Up-to-date: /home/ali/STM32CubeIDE/stm32_uros_ws/Panik/microros_ws/install/micro_ros_msgs/include/micro_ros_msgs/micro_ros_msgs\n'}
[0.262779] (micro_ros_msgs) StdoutLine: {'line': b'-- Up-to-date: /home/ali/STM32CubeIDE/stm32_uros_ws/Panik/microros_ws/install/micro_ros_msgs/include/micro_ros_msgs/micro_ros_msgs/msg\n'}
[0.262809] (micro_ros_msgs) StdoutLine: {'line': b'-- Up-to-date: /home/ali/STM32CubeIDE/stm32_uros_ws/Panik/microros_ws/install/micro_ros_msgs/include/micro_ros_msgs/micro_ros_msgs/msg/rosidl_typesupport_fastrtps_c__visibility_control.h\n'}
[0.262839] (micro_ros_msgs) StdoutLine: {'line': b'-- Up-to-date: /home/ali/STM32CubeIDE/stm32_uros_ws/Panik/microros_ws/install/micro_ros_msgs/include/micro_ros_msgs/micro_ros_msgs/msg/detail\n'}
[0.262869] (micro_ros_msgs) StdoutLine: {'line': b'-- Up-to-date: /home/ali/STM32CubeIDE/stm32_uros_ws/Panik/microros_ws/install/micro_ros_msgs/include/micro_ros_msgs/micro_ros_msgs/msg/detail/graph__rosidl_typesupport_fastrtps_c.h\n'}
[0.262898] (micro_ros_msgs) StdoutLine: {'line': b'-- Up-to-date: /home/ali/STM32CubeIDE/stm32_uros_ws/Panik/microros_ws/install/micro_ros_msgs/include/micro_ros_msgs/micro_ros_msgs/msg/detail/node__rosidl_typesupport_fastrtps_c.h\n'}
[0.262927] (micro_ros_msgs) StdoutLine: {'line': b'-- Up-to-date: /home/ali/STM32CubeIDE/stm32_uros_ws/Panik/microros_ws/install/micro_ros_msgs/include/micro_ros_msgs/micro_ros_msgs/msg/detail/entity__rosidl_typesupport_fastrtps_c.h\n'}
[0.262956] (micro_ros_msgs) StdoutLine: {'line': b'-- Up-to-date: /home/ali/STM32CubeIDE/stm32_uros_ws/Panik/microros_ws/install/micro_ros_msgs/lib/libmicro_ros_msgs__rosidl_typesupport_fastrtps_c.so\n'}
[0.262985] (micro_ros_msgs) StdoutLine: {'line': b'-- Up-to-date: /home/ali/STM32CubeIDE/stm32_uros_ws/Panik/microros_ws/install/micro_ros_msgs/include/micro_ros_msgs/micro_ros_msgs\n'}
[0.263015] (micro_ros_msgs) StdoutLine: {'line': b'-- Up-to-date: /home/ali/STM32CubeIDE/stm32_uros_ws/Panik/microros_ws/install/micro_ros_msgs/include/micro_ros_msgs/micro_ros_msgs/msg\n'}
[0.263044] (micro_ros_msgs) StdoutLine: {'line': b'-- Up-to-date: /home/ali/STM32CubeIDE/stm32_uros_ws/Panik/microros_ws/install/micro_ros_msgs/include/micro_ros_msgs/micro_ros_msgs/msg/rosidl_typesupport_introspection_c__visibility_control.h\n'}
[0.263074] (micro_ros_msgs) StdoutLine: {'line': b'-- Up-to-date: /home/ali/STM32CubeIDE/stm32_uros_ws/Panik/microros_ws/install/micro_ros_msgs/include/micro_ros_msgs/micro_ros_msgs/msg/detail\n'}
[0.263104] (micro_ros_msgs) StdoutLine: {'line': b'-- Up-to-date: /home/ali/STM32CubeIDE/stm32_uros_ws/Panik/microros_ws/install/micro_ros_msgs/include/micro_ros_msgs/micro_ros_msgs/msg/detail/node__rosidl_typesupport_introspection_c.h\n'}
[0.263133] (micro_ros_msgs) StdoutLine: {'line': b'-- Up-to-date: /home/ali/STM32CubeIDE/stm32_uros_ws/Panik/microros_ws/install/micro_ros_msgs/include/micro_ros_msgs/micro_ros_msgs/msg/detail/node__type_support.c\n'}
[0.263162] (micro_ros_msgs) StdoutLine: {'line': b'-- Up-to-date: /home/ali/STM32CubeIDE/stm32_uros_ws/Panik/microros_ws/install/micro_ros_msgs/include/micro_ros_msgs/micro_ros_msgs/msg/detail/graph__type_support.c\n'}
[0.263192] (micro_ros_msgs) StdoutLine: {'line': b'-- Up-to-date: /home/ali/STM32CubeIDE/stm32_uros_ws/Panik/microros_ws/install/micro_ros_msgs/include/micro_ros_msgs/micro_ros_msgs/msg/detail/entity__rosidl_typesupport_introspection_c.h\n'}
[0.263222] (micro_ros_msgs) StdoutLine: {'line': b'-- Up-to-date: /home/ali/STM32CubeIDE/stm32_uros_ws/Panik/microros_ws/install/micro_ros_msgs/include/micro_ros_msgs/micro_ros_msgs/msg/detail/entity__type_support.c\n'}
[0.263250] (micro_ros_msgs) StdoutLine: {'line': b'-- Up-to-date: /home/ali/STM32CubeIDE/stm32_uros_ws/Panik/microros_ws/install/micro_ros_msgs/include/micro_ros_msgs/micro_ros_msgs/msg/detail/graph__rosidl_typesupport_introspection_c.h\n'}
[0.263279] (micro_ros_msgs) StdoutLine: {'line': b'-- Up-to-date: /home/ali/STM32CubeIDE/stm32_uros_ws/Panik/microros_ws/install/micro_ros_msgs/lib/libmicro_ros_msgs__rosidl_typesupport_introspection_c.so\n'}
[0.263322] (micro_ros_msgs) StdoutLine: {'line': b'-- Up-to-date: /home/ali/STM32CubeIDE/stm32_uros_ws/Panik/microros_ws/install/micro_ros_msgs/lib/libmicro_ros_msgs__rosidl_typesupport_c.so\n'}
[0.263351] (micro_ros_msgs) StdoutLine: {'line': b'-- Up-to-date: /home/ali/STM32CubeIDE/stm32_uros_ws/Panik/microros_ws/install/micro_ros_msgs/include/micro_ros_msgs/micro_ros_msgs\n'}
[0.263380] (micro_ros_msgs) StdoutLine: {'line': b'-- Up-to-date: /home/ali/STM32CubeIDE/stm32_uros_ws/Panik/microros_ws/install/micro_ros_msgs/include/micro_ros_msgs/micro_ros_msgs/msg\n'}
[0.263411] (micro_ros_msgs) StdoutLine: {'line': b'-- Up-to-date: /home/ali/STM32CubeIDE/stm32_uros_ws/Panik/microros_ws/install/micro_ros_msgs/include/micro_ros_msgs/micro_ros_msgs/msg/entity.hpp\n'}
[0.263440] (micro_ros_msgs) StdoutLine: {'line': b'-- Up-to-date: /home/ali/STM32CubeIDE/stm32_uros_ws/Panik/microros_ws/install/micro_ros_msgs/include/micro_ros_msgs/micro_ros_msgs/msg/graph.hpp\n'}
[0.263469] (micro_ros_msgs) StdoutLine: {'line': b'-- Up-to-date: /home/ali/STM32CubeIDE/stm32_uros_ws/Panik/microros_ws/install/micro_ros_msgs/include/micro_ros_msgs/micro_ros_msgs/msg/rosidl_generator_cpp__visibility_control.hpp\n'}
[0.263574] (micro_ros_msgs) StdoutLine: {'line': b'-- Up-to-date: /home/ali/STM32CubeIDE/stm32_uros_ws/Panik/microros_ws/install/micro_ros_msgs/include/micro_ros_msgs/micro_ros_msgs/msg/detail\n'}
[0.263608] (micro_ros_msgs) StdoutLine: {'line': b'-- Up-to-date: /home/ali/STM32CubeIDE/stm32_uros_ws/Panik/microros_ws/install/micro_ros_msgs/include/micro_ros_msgs/micro_ros_msgs/msg/detail/graph__struct.hpp\n'}
[0.263639] (micro_ros_msgs) StdoutLine: {'line': b'-- Up-to-date: /home/ali/STM32CubeIDE/stm32_uros_ws/Panik/microros_ws/install/micro_ros_msgs/include/micro_ros_msgs/micro_ros_msgs/msg/detail/node__type_support.hpp\n'}
[0.263666] (micro_ros_msgs) StdoutLine: {'line': b'-- Up-to-date: /home/ali/STM32CubeIDE/stm32_uros_ws/Panik/microros_ws/install/micro_ros_msgs/include/micro_ros_msgs/micro_ros_msgs/msg/detail/graph__builder.hpp\n'}
[0.263694] (micro_ros_msgs) StdoutLine: {'line': b'-- Up-to-date: /home/ali/STM32CubeIDE/stm32_uros_ws/Panik/microros_ws/install/micro_ros_msgs/include/micro_ros_msgs/micro_ros_msgs/msg/detail/node__builder.hpp\n'}
[0.263722] (micro_ros_msgs) StdoutLine: {'line': b'-- Up-to-date: /home/ali/STM32CubeIDE/stm32_uros_ws/Panik/microros_ws/install/micro_ros_msgs/include/micro_ros_msgs/micro_ros_msgs/msg/detail/entity__traits.hpp\n'}
[0.263750] (micro_ros_msgs) StdoutLine: {'line': b'-- Up-to-date: /home/ali/STM32CubeIDE/stm32_uros_ws/Panik/microros_ws/install/micro_ros_msgs/include/micro_ros_msgs/micro_ros_msgs/msg/detail/entity__type_support.hpp\n'}
[0.263777] (micro_ros_msgs) StdoutLine: {'line': b'-- Up-to-date: /home/ali/STM32CubeIDE/stm32_uros_ws/Panik/microros_ws/install/micro_ros_msgs/include/micro_ros_msgs/micro_ros_msgs/msg/detail/node__struct.hpp\n'}
[0.263804] (micro_ros_msgs) StdoutLine: {'line': b'-- Up-to-date: /home/ali/STM32CubeIDE/stm32_uros_ws/Panik/microros_ws/install/micro_ros_msgs/include/micro_ros_msgs/micro_ros_msgs/msg/detail/entity__builder.hpp\n'}
[0.263831] (micro_ros_msgs) StdoutLine: {'line': b'-- Up-to-date: /home/ali/STM32CubeIDE/stm32_uros_ws/Panik/microros_ws/install/micro_ros_msgs/include/micro_ros_msgs/micro_ros_msgs/msg/detail/graph__type_support.hpp\n'}
[0.263858] (micro_ros_msgs) StdoutLine: {'line': b'-- Up-to-date: /home/ali/STM32CubeIDE/stm32_uros_ws/Panik/microros_ws/install/micro_ros_msgs/include/micro_ros_msgs/micro_ros_msgs/msg/detail/node__traits.hpp\n'}
[0.263887] (micro_ros_msgs) StdoutLine: {'line': b'-- Up-to-date: /home/ali/STM32CubeIDE/stm32_uros_ws/Panik/microros_ws/install/micro_ros_msgs/include/micro_ros_msgs/micro_ros_msgs/msg/detail/graph__traits.hpp\n'}
[0.263914] (micro_ros_msgs) StdoutLine: {'line': b'-- Up-to-date: /home/ali/STM32CubeIDE/stm32_uros_ws/Panik/microros_ws/install/micro_ros_msgs/include/micro_ros_msgs/micro_ros_msgs/msg/detail/entity__struct.hpp\n'}
[0.263942] (micro_ros_msgs) StdoutLine: {'line': b'-- Up-to-date: /home/ali/STM32CubeIDE/stm32_uros_ws/Panik/microros_ws/install/micro_ros_msgs/include/micro_ros_msgs/micro_ros_msgs/msg/node.hpp\n'}
[0.263970] (micro_ros_msgs) StdoutLine: {'line': b'-- Up-to-date: /home/ali/STM32CubeIDE/stm32_uros_ws/Panik/microros_ws/install/micro_ros_msgs/include/micro_ros_msgs/micro_ros_msgs\n'}
[0.263998] (micro_ros_msgs) StdoutLine: {'line': b'-- Up-to-date: /home/ali/STM32CubeIDE/stm32_uros_ws/Panik/microros_ws/install/micro_ros_msgs/include/micro_ros_msgs/micro_ros_msgs/msg\n'}
[0.264025] (micro_ros_msgs) StdoutLine: {'line': b'-- Up-to-date: /home/ali/STM32CubeIDE/stm32_uros_ws/Panik/microros_ws/install/micro_ros_msgs/include/micro_ros_msgs/micro_ros_msgs/msg/detail\n'}
[0.264054] (micro_ros_msgs) StdoutLine: {'line': b'-- Up-to-date: /home/ali/STM32CubeIDE/stm32_uros_ws/Panik/microros_ws/install/micro_ros_msgs/include/micro_ros_msgs/micro_ros_msgs/msg/detail/dds_fastrtps\n'}
[0.264082] (micro_ros_msgs) StdoutLine: {'line': b'-- Up-to-date: /home/ali/STM32CubeIDE/stm32_uros_ws/Panik/microros_ws/install/micro_ros_msgs/include/micro_ros_msgs/micro_ros_msgs/msg/detail/node__rosidl_typesupport_fastrtps_cpp.hpp\n'}
[0.264113] (micro_ros_msgs) StdoutLine: {'line': b'-- Up-to-date: /home/ali/STM32CubeIDE/stm32_uros_ws/Panik/microros_ws/install/micro_ros_msgs/include/micro_ros_msgs/micro_ros_msgs/msg/detail/entity__rosidl_typesupport_fastrtps_cpp.hpp\n'}
[0.264143] (micro_ros_msgs) StdoutLine: {'line': b'-- Up-to-date: /home/ali/STM32CubeIDE/stm32_uros_ws/Panik/microros_ws/install/micro_ros_msgs/include/micro_ros_msgs/micro_ros_msgs/msg/detail/graph__rosidl_typesupport_fastrtps_cpp.hpp\n'}
[0.264171] (micro_ros_msgs) StdoutLine: {'line': b'-- Up-to-date: /home/ali/STM32CubeIDE/stm32_uros_ws/Panik/microros_ws/install/micro_ros_msgs/include/micro_ros_msgs/micro_ros_msgs/msg/rosidl_typesupport_fastrtps_cpp__visibility_control.h\n'}
[0.264200] (micro_ros_msgs) StdoutLine: {'line': b'-- Up-to-date: /home/ali/STM32CubeIDE/stm32_uros_ws/Panik/microros_ws/install/micro_ros_msgs/lib/libmicro_ros_msgs__rosidl_typesupport_fastrtps_cpp.so\n'}
[0.264230] (micro_ros_msgs) StdoutLine: {'line': b'-- Up-to-date: /home/ali/STM32CubeIDE/stm32_uros_ws/Panik/microros_ws/install/micro_ros_msgs/include/micro_ros_msgs/micro_ros_msgs\n'}
[0.264258] (micro_ros_msgs) StdoutLine: {'line': b'-- Up-to-date: /home/ali/STM32CubeIDE/stm32_uros_ws/Panik/microros_ws/install/micro_ros_msgs/include/micro_ros_msgs/micro_ros_msgs/msg\n'}
[0.264287] (micro_ros_msgs) StdoutLine: {'line': b'-- Up-to-date: /home/ali/STM32CubeIDE/stm32_uros_ws/Panik/microros_ws/install/micro_ros_msgs/include/micro_ros_msgs/micro_ros_msgs/msg/detail\n'}
[0.264317] (micro_ros_msgs) StdoutLine: {'line': b'-- Up-to-date: /home/ali/STM32CubeIDE/stm32_uros_ws/Panik/microros_ws/install/micro_ros_msgs/include/micro_ros_msgs/micro_ros_msgs/msg/detail/graph__rosidl_typesupport_introspection_cpp.hpp\n'}
[0.264347] (micro_ros_msgs) StdoutLine: {'line': b'-- Up-to-date: /home/ali/STM32CubeIDE/stm32_uros_ws/Panik/microros_ws/install/micro_ros_msgs/include/micro_ros_msgs/micro_ros_msgs/msg/detail/node__type_support.cpp\n'}
[0.264377] (micro_ros_msgs) StdoutLine: {'line': b'-- Up-to-date: /home/ali/STM32CubeIDE/stm32_uros_ws/Panik/microros_ws/install/micro_ros_msgs/include/micro_ros_msgs/micro_ros_msgs/msg/detail/node__rosidl_typesupport_introspection_cpp.hpp\n'}
[0.264457] (micro_ros_msgs) StdoutLine: {'line': b'-- Up-to-date: /home/ali/STM32CubeIDE/stm32_uros_ws/Panik/microros_ws/install/micro_ros_msgs/include/micro_ros_msgs/micro_ros_msgs/msg/detail/entity__rosidl_typesupport_introspection_cpp.hpp\n'}
[0.264493] (micro_ros_msgs) StdoutLine: {'line': b'-- Up-to-date: /home/ali/STM32CubeIDE/stm32_uros_ws/Panik/microros_ws/install/micro_ros_msgs/include/micro_ros_msgs/micro_ros_msgs/msg/detail/graph__type_support.cpp\n'}
[0.264522] (micro_ros_msgs) StdoutLine: {'line': b'-- Up-to-date: /home/ali/STM32CubeIDE/stm32_uros_ws/Panik/microros_ws/install/micro_ros_msgs/include/micro_ros_msgs/micro_ros_msgs/msg/detail/entity__type_support.cpp\n'}
[0.264551] (micro_ros_msgs) StdoutLine: {'line': b'-- Up-to-date: /home/ali/STM32CubeIDE/stm32_uros_ws/Panik/microros_ws/install/micro_ros_msgs/lib/libmicro_ros_msgs__rosidl_typesupport_introspection_cpp.so\n'}
[0.264580] (micro_ros_msgs) StdoutLine: {'line': b'-- Up-to-date: /home/ali/STM32CubeIDE/stm32_uros_ws/Panik/microros_ws/install/micro_ros_msgs/lib/libmicro_ros_msgs__rosidl_typesupport_cpp.so\n'}
[0.264607] (micro_ros_msgs) StdoutLine: {'line': b'-- Up-to-date: /home/ali/STM32CubeIDE/stm32_uros_ws/Panik/microros_ws/install/micro_ros_msgs/share/micro_ros_msgs/environment/pythonpath.sh\n'}
[0.264634] (micro_ros_msgs) StdoutLine: {'line': b'-- Up-to-date: /home/ali/STM32CubeIDE/stm32_uros_ws/Panik/microros_ws/install/micro_ros_msgs/share/micro_ros_msgs/environment/pythonpath.dsv\n'}
[0.264662] (micro_ros_msgs) StdoutLine: {'line': b'-- Up-to-date: /home/ali/STM32CubeIDE/stm32_uros_ws/Panik/microros_ws/install/micro_ros_msgs/lib/python3.12/site-packages/micro_ros_msgs-5.0.2-py3.12.egg-info\n'}
[0.264688] (micro_ros_msgs) StdoutLine: {'line': b'-- Installing: /home/ali/STM32CubeIDE/stm32_uros_ws/Panik/microros_ws/install/micro_ros_msgs/lib/python3.12/site-packages/micro_ros_msgs-5.0.2-py3.12.egg-info/PKG-INFO\n'}
[0.264714] (micro_ros_msgs) StdoutLine: {'line': b'-- Installing: /home/ali/STM32CubeIDE/stm32_uros_ws/Panik/microros_ws/install/micro_ros_msgs/lib/python3.12/site-packages/micro_ros_msgs-5.0.2-py3.12.egg-info/top_level.txt\n'}
[0.264741] (micro_ros_msgs) StdoutLine: {'line': b'-- Installing: /home/ali/STM32CubeIDE/stm32_uros_ws/Panik/microros_ws/install/micro_ros_msgs/lib/python3.12/site-packages/micro_ros_msgs-5.0.2-py3.12.egg-info/dependency_links.txt\n'}
[0.264767] (micro_ros_msgs) StdoutLine: {'line': b'-- Installing: /home/ali/STM32CubeIDE/stm32_uros_ws/Panik/microros_ws/install/micro_ros_msgs/lib/python3.12/site-packages/micro_ros_msgs-5.0.2-py3.12.egg-info/SOURCES.txt\n'}
[0.264793] (micro_ros_msgs) StdoutLine: {'line': b'-- Up-to-date: /home/ali/STM32CubeIDE/stm32_uros_ws/Panik/microros_ws/install/micro_ros_msgs/lib/python3.12/site-packages/micro_ros_msgs\n'}
[0.264818] (micro_ros_msgs) StdoutLine: {'line': b'-- Up-to-date: /home/ali/STM32CubeIDE/stm32_uros_ws/Panik/microros_ws/install/micro_ros_msgs/lib/python3.12/site-packages/micro_ros_msgs/micro_ros_msgs_s__rosidl_typesupport_c.so\n'}
[0.264845] (micro_ros_msgs) StdoutLine: {'line': b'-- Up-to-date: /home/ali/STM32CubeIDE/stm32_uros_ws/Panik/microros_ws/install/micro_ros_msgs/lib/python3.12/site-packages/micro_ros_msgs/micro_ros_msgs_s__rosidl_typesupport_introspection_c.so\n'}
[0.264870] (micro_ros_msgs) StdoutLine: {'line': b'-- Up-to-date: /home/ali/STM32CubeIDE/stm32_uros_ws/Panik/microros_ws/install/micro_ros_msgs/lib/python3.12/site-packages/micro_ros_msgs/_micro_ros_msgs_s.ep.rosidl_typesupport_introspection_c.c\n'}
[0.264895] (micro_ros_msgs) StdoutLine: {'line': b'-- Up-to-date: /home/ali/STM32CubeIDE/stm32_uros_ws/Panik/microros_ws/install/micro_ros_msgs/lib/python3.12/site-packages/micro_ros_msgs/_micro_ros_msgs_s.ep.rosidl_typesupport_fastrtps_c.c\n'}
[0.264920] (micro_ros_msgs) StdoutLine: {'line': b'-- Up-to-date: /home/ali/STM32CubeIDE/stm32_uros_ws/Panik/microros_ws/install/micro_ros_msgs/lib/python3.12/site-packages/micro_ros_msgs/_micro_ros_msgs_s.ep.rosidl_typesupport_c.c\n'}
[0.264945] (micro_ros_msgs) StdoutLine: {'line': b'-- Up-to-date: /home/ali/STM32CubeIDE/stm32_uros_ws/Panik/microros_ws/install/micro_ros_msgs/lib/python3.12/site-packages/micro_ros_msgs/__init__.py\n'}
[0.264970] (micro_ros_msgs) StdoutLine: {'line': b'-- Up-to-date: /home/ali/STM32CubeIDE/stm32_uros_ws/Panik/microros_ws/install/micro_ros_msgs/lib/python3.12/site-packages/micro_ros_msgs/msg\n'}
[0.264994] (micro_ros_msgs) StdoutLine: {'line': b'-- Up-to-date: /home/ali/STM32CubeIDE/stm32_uros_ws/Panik/microros_ws/install/micro_ros_msgs/lib/python3.12/site-packages/micro_ros_msgs/msg/_entity.py\n'}
[0.265019] (micro_ros_msgs) StdoutLine: {'line': b'-- Up-to-date: /home/ali/STM32CubeIDE/stm32_uros_ws/Panik/microros_ws/install/micro_ros_msgs/lib/python3.12/site-packages/micro_ros_msgs/msg/_node_s.c\n'}
[0.265045] (micro_ros_msgs) StdoutLine: {'line': b'-- Up-to-date: /home/ali/STM32CubeIDE/stm32_uros_ws/Panik/microros_ws/install/micro_ros_msgs/lib/python3.12/site-packages/micro_ros_msgs/msg/_graph_s.c\n'}
[0.265073] (micro_ros_msgs) StdoutLine: {'line': b'-- Up-to-date: /home/ali/STM32CubeIDE/stm32_uros_ws/Panik/microros_ws/install/micro_ros_msgs/lib/python3.12/site-packages/micro_ros_msgs/msg/_node.py\n'}
[0.265098] (micro_ros_msgs) StdoutLine: {'line': b'-- Up-to-date: /home/ali/STM32CubeIDE/stm32_uros_ws/Panik/microros_ws/install/micro_ros_msgs/lib/python3.12/site-packages/micro_ros_msgs/msg/__init__.py\n'}
[0.265123] (micro_ros_msgs) StdoutLine: {'line': b'-- Up-to-date: /home/ali/STM32CubeIDE/stm32_uros_ws/Panik/microros_ws/install/micro_ros_msgs/lib/python3.12/site-packages/micro_ros_msgs/msg/_entity_s.c\n'}
[0.265149] (micro_ros_msgs) StdoutLine: {'line': b'-- Up-to-date: /home/ali/STM32CubeIDE/stm32_uros_ws/Panik/microros_ws/install/micro_ros_msgs/lib/python3.12/site-packages/micro_ros_msgs/msg/_graph.py\n'}
[0.265174] (micro_ros_msgs) StdoutLine: {'line': b'-- Up-to-date: /home/ali/STM32CubeIDE/stm32_uros_ws/Panik/microros_ws/install/micro_ros_msgs/lib/python3.12/site-packages/micro_ros_msgs/micro_ros_msgs_s__rosidl_typesupport_fastrtps_c.so\n'}
[0.286562] (micro_ros_msgs) StdoutLine: {'line': b"Listing '/home/ali/STM32CubeIDE/stm32_uros_ws/Panik/microros_ws/install/micro_ros_msgs/lib/python3.12/site-packages/micro_ros_msgs'...\n"}
[0.286639] (micro_ros_msgs) StdoutLine: {'line': b"Listing '/home/ali/STM32CubeIDE/stm32_uros_ws/Panik/microros_ws/install/micro_ros_msgs/lib/python3.12/site-packages/micro_ros_msgs/msg'...\n"}
[0.289874] (micro_ros_msgs) StdoutLine: {'line': b'-- Up-to-date: /home/ali/STM32CubeIDE/stm32_uros_ws/Panik/microros_ws/install/micro_ros_msgs/lib/python3.12/site-packages/micro_ros_msgs/micro_ros_msgs_s__rosidl_typesupport_fastrtps_c.so\n'}
[0.289960] (micro_ros_msgs) StdoutLine: {'line': b'-- Up-to-date: /home/ali/STM32CubeIDE/stm32_uros_ws/Panik/microros_ws/install/micro_ros_msgs/lib/python3.12/site-packages/micro_ros_msgs/micro_ros_msgs_s__rosidl_typesupport_introspection_c.so\n'}
[0.290015] (micro_ros_msgs) StdoutLine: {'line': b'-- Up-to-date: /home/ali/STM32CubeIDE/stm32_uros_ws/Panik/microros_ws/install/micro_ros_msgs/lib/python3.12/site-packages/micro_ros_msgs/micro_ros_msgs_s__rosidl_typesupport_c.so\n'}
[0.290196] (micro_ros_msgs) StdoutLine: {'line': b'-- Up-to-date: /home/ali/STM32CubeIDE/stm32_uros_ws/Panik/microros_ws/install/micro_ros_msgs/lib/libmicro_ros_msgs__rosidl_generator_py.so\n'}
[0.290237] (micro_ros_msgs) StdoutLine: {'line': b'-- Up-to-date: /home/ali/STM32CubeIDE/stm32_uros_ws/Panik/microros_ws/install/micro_ros_msgs/share/micro_ros_msgs/msg/Graph.idl\n'}
[0.290270] (micro_ros_msgs) StdoutLine: {'line': b'-- Up-to-date: /home/ali/STM32CubeIDE/stm32_uros_ws/Panik/microros_ws/install/micro_ros_msgs/share/micro_ros_msgs/msg/Node.idl\n'}
[0.290303] (micro_ros_msgs) StdoutLine: {'line': b'-- Up-to-date: /home/ali/STM32CubeIDE/stm32_uros_ws/Panik/microros_ws/install/micro_ros_msgs/share/micro_ros_msgs/msg/Entity.idl\n'}
[0.290447] (micro_ros_msgs) StdoutLine: {'line': b'-- Up-to-date: /home/ali/STM32CubeIDE/stm32_uros_ws/Panik/microros_ws/install/micro_ros_msgs/share/micro_ros_msgs/msg/Graph.msg\n'}
[0.290538] (micro_ros_msgs) StdoutLine: {'line': b'-- Up-to-date: /home/ali/STM32CubeIDE/stm32_uros_ws/Panik/microros_ws/install/micro_ros_msgs/share/micro_ros_msgs/msg/Node.msg\n'}
[0.290611] (micro_ros_msgs) StdoutLine: {'line': b'-- Up-to-date: /home/ali/STM32CubeIDE/stm32_uros_ws/Panik/microros_ws/install/micro_ros_msgs/share/micro_ros_msgs/msg/Entity.msg\n'}
[0.290646] (micro_ros_msgs) StdoutLine: {'line': b'-- Up-to-date: /home/ali/STM32CubeIDE/stm32_uros_ws/Panik/microros_ws/install/micro_ros_msgs/share/ament_index/resource_index/package_run_dependencies/micro_ros_msgs\n'}
[0.290679] (micro_ros_msgs) StdoutLine: {'line': b'-- Up-to-date: /home/ali/STM32CubeIDE/stm32_uros_ws/Panik/microros_ws/install/micro_ros_msgs/share/ament_index/resource_index/parent_prefix_path/micro_ros_msgs\n'}
[0.290711] (micro_ros_msgs) StdoutLine: {'line': b'-- Up-to-date: /home/ali/STM32CubeIDE/stm32_uros_ws/Panik/microros_ws/install/micro_ros_msgs/share/micro_ros_msgs/environment/ament_prefix_path.sh\n'}
[0.290742] (micro_ros_msgs) StdoutLine: {'line': b'-- Up-to-date: /home/ali/STM32CubeIDE/stm32_uros_ws/Panik/microros_ws/install/micro_ros_msgs/share/micro_ros_msgs/environment/ament_prefix_path.dsv\n'}
[0.290774] (micro_ros_msgs) StdoutLine: {'line': b'-- Up-to-date: /home/ali/STM32CubeIDE/stm32_uros_ws/Panik/microros_ws/install/micro_ros_msgs/share/micro_ros_msgs/environment/path.sh\n'}
[0.290805] (micro_ros_msgs) StdoutLine: {'line': b'-- Up-to-date: /home/ali/STM32CubeIDE/stm32_uros_ws/Panik/microros_ws/install/micro_ros_msgs/share/micro_ros_msgs/environment/path.dsv\n'}
[0.290835] (micro_ros_msgs) StdoutLine: {'line': b'-- Up-to-date: /home/ali/STM32CubeIDE/stm32_uros_ws/Panik/microros_ws/install/micro_ros_msgs/share/micro_ros_msgs/local_setup.bash\n'}
[0.290864] (micro_ros_msgs) StdoutLine: {'line': b'-- Up-to-date: /home/ali/STM32CubeIDE/stm32_uros_ws/Panik/microros_ws/install/micro_ros_msgs/share/micro_ros_msgs/local_setup.sh\n'}
[0.290894] (micro_ros_msgs) StdoutLine: {'line': b'-- Up-to-date: /home/ali/STM32CubeIDE/stm32_uros_ws/Panik/microros_ws/install/micro_ros_msgs/share/micro_ros_msgs/local_setup.zsh\n'}
[0.290924] (micro_ros_msgs) StdoutLine: {'line': b'-- Up-to-date: /home/ali/STM32CubeIDE/stm32_uros_ws/Panik/microros_ws/install/micro_ros_msgs/share/micro_ros_msgs/local_setup.dsv\n'}
[0.290953] (micro_ros_msgs) StdoutLine: {'line': b'-- Installing: /home/ali/STM32CubeIDE/stm32_uros_ws/Panik/microros_ws/install/micro_ros_msgs/share/micro_ros_msgs/package.dsv\n'}
[0.290983] (micro_ros_msgs) StdoutLine: {'line': b'-- Up-to-date: /home/ali/STM32CubeIDE/stm32_uros_ws/Panik/microros_ws/install/micro_ros_msgs/share/ament_index/resource_index/packages/micro_ros_msgs\n'}
[0.291012] (micro_ros_msgs) StdoutLine: {'line': b'-- Up-to-date: /home/ali/STM32CubeIDE/stm32_uros_ws/Panik/microros_ws/install/micro_ros_msgs/share/micro_ros_msgs/cmake/export_micro_ros_msgs__rosidl_generator_cExport.cmake\n'}
[0.291041] (micro_ros_msgs) StdoutLine: {'line': b'-- Up-to-date: /home/ali/STM32CubeIDE/stm32_uros_ws/Panik/microros_ws/install/micro_ros_msgs/share/micro_ros_msgs/cmake/export_micro_ros_msgs__rosidl_generator_cExport-noconfig.cmake\n'}
[0.291125] (micro_ros_msgs) StdoutLine: {'line': b'-- Up-to-date: /home/ali/STM32CubeIDE/stm32_uros_ws/Panik/microros_ws/install/micro_ros_msgs/share/micro_ros_msgs/cmake/export_micro_ros_msgs__rosidl_typesupport_fastrtps_cExport.cmake\n'}
[0.291156] (micro_ros_msgs) StdoutLine: {'line': b'-- Up-to-date: /home/ali/STM32CubeIDE/stm32_uros_ws/Panik/microros_ws/install/micro_ros_msgs/share/micro_ros_msgs/cmake/export_micro_ros_msgs__rosidl_typesupport_fastrtps_cExport-noconfig.cmake\n'}
[0.291184] (micro_ros_msgs) StdoutLine: {'line': b'-- Up-to-date: /home/ali/STM32CubeIDE/stm32_uros_ws/Panik/microros_ws/install/micro_ros_msgs/share/micro_ros_msgs/cmake/micro_ros_msgs__rosidl_typesupport_introspection_cExport.cmake\n'}
[0.291212] (micro_ros_msgs) StdoutLine: {'line': b'-- Up-to-date: /home/ali/STM32CubeIDE/stm32_uros_ws/Panik/microros_ws/install/micro_ros_msgs/share/micro_ros_msgs/cmake/micro_ros_msgs__rosidl_typesupport_introspection_cExport-noconfig.cmake\n'}
[0.291240] (micro_ros_msgs) StdoutLine: {'line': b'-- Up-to-date: /home/ali/STM32CubeIDE/stm32_uros_ws/Panik/microros_ws/install/micro_ros_msgs/share/micro_ros_msgs/cmake/micro_ros_msgs__rosidl_typesupport_cExport.cmake\n'}
[0.291268] (micro_ros_msgs) StdoutLine: {'line': b'-- Up-to-date: /home/ali/STM32CubeIDE/stm32_uros_ws/Panik/microros_ws/install/micro_ros_msgs/share/micro_ros_msgs/cmake/micro_ros_msgs__rosidl_typesupport_cExport-noconfig.cmake\n'}
[0.291295] (micro_ros_msgs) StdoutLine: {'line': b'-- Up-to-date: /home/ali/STM32CubeIDE/stm32_uros_ws/Panik/microros_ws/install/micro_ros_msgs/share/micro_ros_msgs/cmake/export_micro_ros_msgs__rosidl_generator_cppExport.cmake\n'}
[0.291321] (micro_ros_msgs) StdoutLine: {'line': b'-- Up-to-date: /home/ali/STM32CubeIDE/stm32_uros_ws/Panik/microros_ws/install/micro_ros_msgs/share/micro_ros_msgs/cmake/export_micro_ros_msgs__rosidl_typesupport_fastrtps_cppExport.cmake\n'}
[0.291349] (micro_ros_msgs) StdoutLine: {'line': b'-- Up-to-date: /home/ali/STM32CubeIDE/stm32_uros_ws/Panik/microros_ws/install/micro_ros_msgs/share/micro_ros_msgs/cmake/export_micro_ros_msgs__rosidl_typesupport_fastrtps_cppExport-noconfig.cmake\n'}
[0.291376] (micro_ros_msgs) StdoutLine: {'line': b'-- Up-to-date: /home/ali/STM32CubeIDE/stm32_uros_ws/Panik/microros_ws/install/micro_ros_msgs/share/micro_ros_msgs/cmake/micro_ros_msgs__rosidl_typesupport_introspection_cppExport.cmake\n'}
[0.291402] (micro_ros_msgs) StdoutLine: {'line': b'-- Up-to-date: /home/ali/STM32CubeIDE/stm32_uros_ws/Panik/microros_ws/install/micro_ros_msgs/share/micro_ros_msgs/cmake/micro_ros_msgs__rosidl_typesupport_introspection_cppExport-noconfig.cmake\n'}
[0.291430] (micro_ros_msgs) StdoutLine: {'line': b'-- Up-to-date: /home/ali/STM32CubeIDE/stm32_uros_ws/Panik/microros_ws/install/micro_ros_msgs/share/micro_ros_msgs/cmake/micro_ros_msgs__rosidl_typesupport_cppExport.cmake\n'}
[0.291457] (micro_ros_msgs) StdoutLine: {'line': b'-- Up-to-date: /home/ali/STM32CubeIDE/stm32_uros_ws/Panik/microros_ws/install/micro_ros_msgs/share/micro_ros_msgs/cmake/micro_ros_msgs__rosidl_typesupport_cppExport-noconfig.cmake\n'}
[0.291487] (micro_ros_msgs) StdoutLine: {'line': b'-- Up-to-date: /home/ali/STM32CubeIDE/stm32_uros_ws/Panik/microros_ws/install/micro_ros_msgs/share/micro_ros_msgs/cmake/export_micro_ros_msgs__rosidl_generator_pyExport.cmake\n'}
[0.291525] (micro_ros_msgs) StdoutLine: {'line': b'-- Up-to-date: /home/ali/STM32CubeIDE/stm32_uros_ws/Panik/microros_ws/install/micro_ros_msgs/share/micro_ros_msgs/cmake/export_micro_ros_msgs__rosidl_generator_pyExport-noconfig.cmake\n'}
[0.291552] (micro_ros_msgs) StdoutLine: {'line': b'-- Up-to-date: /home/ali/STM32CubeIDE/stm32_uros_ws/Panik/microros_ws/install/micro_ros_msgs/share/micro_ros_msgs/cmake/rosidl_cmake-extras.cmake\n'}
[0.291580] (micro_ros_msgs) StdoutLine: {'line': b'-- Up-to-date: /home/ali/STM32CubeIDE/stm32_uros_ws/Panik/microros_ws/install/micro_ros_msgs/share/micro_ros_msgs/cmake/ament_cmake_export_include_directories-extras.cmake\n'}
[0.291608] (micro_ros_msgs) StdoutLine: {'line': b'-- Up-to-date: /home/ali/STM32CubeIDE/stm32_uros_ws/Panik/microros_ws/install/micro_ros_msgs/share/micro_ros_msgs/cmake/ament_cmake_export_libraries-extras.cmake\n'}
[0.291636] (micro_ros_msgs) StdoutLine: {'line': b'-- Up-to-date: /home/ali/STM32CubeIDE/stm32_uros_ws/Panik/microros_ws/install/micro_ros_msgs/share/micro_ros_msgs/cmake/ament_cmake_export_targets-extras.cmake\n'}
[0.291665] (micro_ros_msgs) StdoutLine: {'line': b'-- Up-to-date: /home/ali/STM32CubeIDE/stm32_uros_ws/Panik/microros_ws/install/micro_ros_msgs/share/micro_ros_msgs/cmake/rosidl_cmake_export_typesupport_targets-extras.cmake\n'}
[0.291693] (micro_ros_msgs) StdoutLine: {'line': b'-- Up-to-date: /home/ali/STM32CubeIDE/stm32_uros_ws/Panik/microros_ws/install/micro_ros_msgs/share/micro_ros_msgs/cmake/ament_cmake_export_dependencies-extras.cmake\n'}
[0.291720] (micro_ros_msgs) StdoutLine: {'line': b'-- Up-to-date: /home/ali/STM32CubeIDE/stm32_uros_ws/Panik/microros_ws/install/micro_ros_msgs/share/micro_ros_msgs/cmake/rosidl_cmake_export_typesupport_libraries-extras.cmake\n'}
[0.291748] (micro_ros_msgs) StdoutLine: {'line': b'-- Up-to-date: /home/ali/STM32CubeIDE/stm32_uros_ws/Panik/microros_ws/install/micro_ros_msgs/share/micro_ros_msgs/cmake/micro_ros_msgsConfig.cmake\n'}
[0.291775] (micro_ros_msgs) StdoutLine: {'line': b'-- Up-to-date: /home/ali/STM32CubeIDE/stm32_uros_ws/Panik/microros_ws/install/micro_ros_msgs/share/micro_ros_msgs/cmake/micro_ros_msgsConfig-version.cmake\n'}
[0.291802] (micro_ros_msgs) StdoutLine: {'line': b'-- Up-to-date: /home/ali/STM32CubeIDE/stm32_uros_ws/Panik/microros_ws/install/micro_ros_msgs/share/micro_ros_msgs/package.xml\n'}
[0.292194] (micro_ros_msgs) CommandEnded: {'returncode': 0}
[0.300545] (-) TimerEvent: {}
[0.303135] (micro_ros_msgs) JobEnded: {'identifier': 'micro_ros_msgs', 'rc': 0}
[0.303542] (micro_ros_agent) JobStarted: {'identifier': 'micro_ros_agent'}
[0.309096] (micro_ros_agent) JobProgress: {'identifier': 'micro_ros_agent', 'progress': 'cmake'}
[0.309389] (micro_ros_agent) JobProgress: {'identifier': 'micro_ros_agent', 'progress': 'build'}
[0.309678] (micro_ros_agent) Command: {'cmd': ['/usr/bin/cmake', '--build', '/home/ali/STM32CubeIDE/stm32_uros_ws/Panik/microros_ws/build/micro_ros_agent', '--', '-j20', '-l20'], 'cwd': '/home/ali/STM32CubeIDE/stm32_uros_ws/Panik/microros_ws/build/micro_ros_agent', 'env': OrderedDict({'LESSOPEN': '| /usr/bin/lesspipe %s', 'USER': 'ali', 'XDG_SESSION_TYPE': 'x11', 'SHLVL': '2', 'LD_LIBRARY_PATH': '/home/ali/STM32CubeIDE/stm32_uros_ws/Panik/microros_ws/install/micro_ros_msgs/lib:/usr/local/cuda/lib64:/opt/ros/jazzy/opt/rviz_ogre_vendor/lib:/opt/ros/jazzy/lib/x86_64-linux-gnu:/opt/ros/jazzy/opt/gz_math_vendor/lib:/opt/ros/jazzy/opt/gz_utils_vendor/lib:/opt/ros/jazzy/opt/gz_cmake_vendor/lib:/opt/ros/jazzy/lib', 'HOME': '/home/ali', 'CONDA_SHLVL': '0', 'OLDPWD': '/home/ali/STM32CubeIDE/stm32_uros_ws/Panik/microros_ws/src', 'DESKTOP_SESSION': 'ubuntu', 'ROS_PYTHON_VERSION': '3', 'GNOME_SHELL_SESSION_MODE': 'ubuntu', 'GTK_MODULES': 'gail:atk-bridge', 'DBUS_STARTER_BUS_TYPE': 'session', 'SYSTEMD_EXEC_PID': '3737', 'GSM_SKIP_SSH_AGENT_WORKAROUND': 'true', 'DBUS_SESSION_BUS_ADDRESS': 'unix:path=/run/user/1000/bus,guid=0604e28faa751846e4adda7b6881fc05', 'COLORTERM': 'truecolor', '_CE_M': '', 'DEBUGINFOD_URLS': 'https://debuginfod.ubuntu.com', 'COLCON_PREFIX_PATH': '/home/ali/STM32CubeIDE/stm32_uros_ws/Panik/microros_ws/install', 'ROS_DISTRO': 'jazzy', 'LOGNAME': 'ali', '_': '/usr/bin/colcon', 'ROS_VERSION': '2', 'MEMORY_PRESSURE_WATCH': '/sys/fs/cgroup/user.slice/user-1000.slice/user@1000.service/app.slice/app-gnome\\x2dsession\\x2dmanager.slice/gnome-session-manager@ubuntu.service/memory.pressure', 'XDG_SESSION_CLASS': 'user', 'USERNAME': 'ali', 'TERM': 'xterm-256color', 'GNOME_DESKTOP_SESSION_ID': 'this-is-deprecated', '_CE_CONDA': '', 'WINDOWPATH': '2', 'PATH': '/opt/gcc-arm-none-eabi-10.3-2021.10/bin:/opt/xpack-openocd-0.12.0-6/bin:/home/ali/anaconda3/condabin:/usr/local/cuda/bin:/opt/ros/jazzy/bin:/usr/local/sbin:/usr/local/bin:/usr/sbin:/usr/bin:/sbin:/bin:/usr/games:/usr/local/games:/snap/bin:/snap/bin', 'SESSION_MANAGER': 'local/Asus:@/tmp/.ICE-unix/3737,unix/Asus:/tmp/.ICE-unix/3737', 'XDG_MENU_PREFIX': 'gnome-', 'GNOME_TERMINAL_SCREEN': '/org/gnome/Terminal/screen/dcb9ce6c_90fc_45e0_b803_e109dc5ac748', 'XDG_RUNTIME_DIR': '/run/user/1000', 'DISPLAY': ':1', 'LANG': 'en_US.UTF-8', 'XDG_CURRENT_DESKTOP': 'ubuntu:GNOME', 'XMODIFIERS': '@im=ibus', 'XDG_SESSION_DESKTOP': 'ubuntu', 'XAUTHORITY': '/run/user/1000/gdm/Xauthority', 'LS_COLORS': 'rs=0:di=01;34:ln=01;36:mh=00:pi=40;33:so=01;35:do=01;35:bd=40;33;01:cd=40;33;01:or=40;31;01:mi=00:su=37;41:sg=30;43:ca=00:tw=30;42:ow=34;42:st=37;44:ex=01;32:*.tar=01;31:*.tgz=01;31:*.arc=01;31:*.arj=01;31:*.taz=01;31:*.lha=01;31:*.lz4=01;31:*.lzh=01;31:*.lzma=01;31:*.tlz=01;31:*.txz=01;31:*.tzo=01;31:*.t7z=01;31:*.zip=01;31:*.z=01;31:*.dz=01;31:*.gz=01;31:*.lrz=01;31:*.lz=01;31:*.lzo=01;31:*.xz=01;31:*.zst=01;31:*.tzst=01;31:*.bz2=01;31:*.bz=01;31:*.tbz=01;31:*.tbz2=01;31:*.tz=01;31:*.deb=01;31:*.rpm=01;31:*.jar=01;31:*.war=01;31:*.ear=01;31:*.sar=01;31:*.rar=01;31:*.alz=01;31:*.ace=01;31:*.zoo=01;31:*.cpio=01;31:*.7z=01;31:*.rz=01;31:*.cab=01;31:*.wim=01;31:*.swm=01;31:*.dwm=01;31:*.esd=01;31:*.avif=01;35:*.jpg=01;35:*.jpeg=01;35:*.mjpg=01;35:*.mjpeg=01;35:*.gif=01;35:*.bmp=01;35:*.pbm=01;35:*.pgm=01;35:*.ppm=01;35:*.tga=01;35:*.xbm=01;35:*.xpm=01;35:*.tif=01;35:*.tiff=01;35:*.png=01;35:*.svg=01;35:*.svgz=01;35:*.mng=01;35:*.pcx=01;35:*.mov=01;35:*.mpg=01;35:*.mpeg=01;35:*.m2v=01;35:*.mkv=01;35:*.webm=01;35:*.webp=01;35:*.ogm=01;35:*.mp4=01;35:*.m4v=01;35:*.mp4v=01;35:*.vob=01;35:*.qt=01;35:*.nuv=01;35:*.wmv=01;35:*.asf=01;35:*.rm=01;35:*.rmvb=01;35:*.flc=01;35:*.avi=01;35:*.fli=01;35:*.flv=01;35:*.gl=01;35:*.dl=01;35:*.xcf=01;35:*.xwd=01;35:*.yuv=01;35:*.cgm=01;35:*.emf=01;35:*.ogv=01;35:*.ogx=01;35:*.aac=00;36:*.au=00;36:*.flac=00;36:*.m4a=00;36:*.mid=00;36:*.midi=00;36:*.mka=00;36:*.mp3=00;36:*.mpc=00;36:*.ogg=00;36:*.ra=00;36:*.wav=00;36:*.oga=00;36:*.opus=00;36:*.spx=00;36:*.xspf=00;36:*~=00;90:*#=00;90:*.bak=00;90:*.crdownload=00;90:*.dpkg-dist=00;90:*.dpkg-new=00;90:*.dpkg-old=00;90:*.dpkg-tmp=00;90:*.old=00;90:*.orig=00;90:*.part=00;90:*.rej=00;90:*.rpmnew=00;90:*.rpmorig=00;90:*.rpmsave=00;90:*.swp=00;90:*.tmp=00;90:*.ucf-dist=00;90:*.ucf-new=00;90:*.ucf-old=00;90:', 'GNOME_TERMINAL_SERVICE': ':1.151', 'SSH_AUTH_SOCK': '/run/user/1000/keyring/ssh', 'AMENT_PREFIX_PATH': '/home/ali/STM32CubeIDE/stm32_uros_ws/Panik/microros_ws/install/micro_ros_msgs:/home/ali/STM32CubeIDE/stm32_uros_ws/Panik/microros_ws/install/micro_ros_setup:/opt/ros/jazzy', 'CONDA_PYTHON_EXE': '/home/ali/anaconda3/bin/python', 'SHELL': '/bin/bash', 'QT_ACCESSIBILITY': '1', 'GDMSESSION': 'ubuntu', 'LESSCLOSE': '/usr/bin/lesspipe %s %s', 'GPG_AGENT_INFO': '/run/user/1000/gnupg/S.gpg-agent:0:1', 'ROS_AUTOMATIC_DISCOVERY_RANGE': 'SUBNET', 'QT_IM_MODULE': 'ibus', 'PWD': '/home/ali/STM32CubeIDE/stm32_uros_ws/Panik/microros_ws/build/micro_ros_agent', 'LC_ALL': 'en_US.UTF-8', 'XDG_CONFIG_DIRS': '/etc/xdg/xdg-ubuntu:/etc/xdg', 'CONDA_EXE': '/home/ali/anaconda3/bin/conda', 'DBUS_STARTER_ADDRESS': 'unix:path=/run/user/1000/bus,guid=0604e28faa751846e4adda7b6881fc05', 'XDG_DATA_DIRS': '/usr/share/ubuntu:/usr/share/gnome:/usr/local/share/:/usr/share/:/var/lib/snapd/desktop', 'PYTHONPATH': '/home/ali/STM32CubeIDE/stm32_uros_ws/Panik/microros_ws/install/micro_ros_msgs/lib/python3.12/site-packages:/opt/ros/jazzy/lib/python3.12/site-packages', 'COLCON': '1', 'MEMORY_PRESSURE_WRITE': 'c29tZSAyMDAwMDAgMjAwMDAwMAA=', 'VTE_VERSION': '7600', 'CMAKE_PREFIX_PATH': '/home/ali/STM32CubeIDE/stm32_uros_ws/Panik/microros_ws/install/micro_ros_msgs:/home/ali/STM32CubeIDE/stm32_uros_ws/Panik/microros_ws/install/micro_ros_setup:/opt/ros/jazzy/opt/gz_math_vendor:/opt/ros/jazzy/opt/gz_utils_vendor:/opt/ros/jazzy/opt/gz_cmake_vendor:/opt/ros/jazzy'}), 'shell': False}
[0.345287] (micro_ros_agent) StdoutLine: {'line': b"[  6%] \x1b[34m\x1b[1mPerforming update step for 'xrceagent'\x1b[0m\n"}
[0.366671] (micro_ros_agent) StdoutLine: {'line': b"[ 12%] \x1b[34m\x1b[1mNo patch step for 'xrceagent'\x1b[0m\n"}
[0.394235] (micro_ros_agent) StdoutLine: {'line': b"[ 18%] \x1b[34m\x1b[1mPerforming configure step for 'xrceagent'\x1b[0m\n"}
[0.400657] (-) TimerEvent: {}
[0.404918] (micro_ros_agent) StdoutLine: {'line': b'loading initial cache file /home/ali/STM32CubeIDE/stm32_uros_ws/Panik/microros_ws/build/micro_ros_agent/agent/tmp/xrceagent-cache-.cmake\n'}
[0.430809] (micro_ros_agent) StdoutLine: {'line': b'-- Configuring done (0.0s)\n'}
[0.432488] (micro_ros_agent) StdoutLine: {'line': b'-- Generating done (0.0s)\n'}
[0.433049] (micro_ros_agent) StdoutLine: {'line': b'-- Build files have been written to: /home/ali/STM32CubeIDE/stm32_uros_ws/Panik/microros_ws/build/micro_ros_agent/agent/src/xrceagent-build\n'}
[0.448062] (micro_ros_agent) StdoutLine: {'line': b"[ 25%] \x1b[34m\x1b[1mPerforming build step for 'xrceagent'\x1b[0m\n"}
[0.482611] (micro_ros_agent) StdoutLine: {'line': b"[  6%] \x1b[34m\x1b[1mPerforming download step (git clone) for 'spdlog'\x1b[0m\n"}
[0.496274] (micro_ros_agent) StderrLine: {'line': b"Cloning into 'spdlog'...\n"}
[0.500833] (-) TimerEvent: {}
[0.601078] (-) TimerEvent: {}
[0.701607] (-) TimerEvent: {}
[0.802460] (-) TimerEvent: {}
[0.903365] (-) TimerEvent: {}
[1.004266] (-) TimerEvent: {}
[1.105438] (-) TimerEvent: {}
[1.206846] (-) TimerEvent: {}
[1.307615] (-) TimerEvent: {}
[1.408223] (-) TimerEvent: {}
[1.508813] (-) TimerEvent: {}
[1.609582] (-) TimerEvent: {}
[1.710235] (-) TimerEvent: {}
[1.810718] (-) TimerEvent: {}
[1.911402] (-) TimerEvent: {}
[2.011860] (-) TimerEvent: {}
[2.112545] (-) TimerEvent: {}
[2.213212] (-) TimerEvent: {}
[2.313971] (-) TimerEvent: {}
[2.414557] (-) TimerEvent: {}
[2.515125] (-) TimerEvent: {}
[2.615779] (-) TimerEvent: {}
[2.716511] (-) TimerEvent: {}
[2.817052] (-) TimerEvent: {}
[2.917603] (-) TimerEvent: {}
[3.018128] (-) TimerEvent: {}
[3.118797] (-) TimerEvent: {}
[3.219596] (-) TimerEvent: {}
[3.320285] (-) TimerEvent: {}
[3.420953] (-) TimerEvent: {}
[3.521741] (-) TimerEvent: {}
[3.622419] (-) TimerEvent: {}
[3.723036] (-) TimerEvent: {}
[3.823718] (-) TimerEvent: {}
[3.924406] (-) TimerEvent: {}
[4.025062] (-) TimerEvent: {}
[4.125745] (-) TimerEvent: {}
[4.226282] (-) TimerEvent: {}
[4.326934] (-) TimerEvent: {}
[4.427579] (-) TimerEvent: {}
[4.527921] (-) TimerEvent: {}
[4.628459] (-) TimerEvent: {}
[4.729287] (-) TimerEvent: {}
[4.829897] (-) TimerEvent: {}
[4.930575] (-) TimerEvent: {}
[5.031108] (-) TimerEvent: {}
[5.131614] (-) TimerEvent: {}
[5.232148] (-) TimerEvent: {}
[5.332727] (-) TimerEvent: {}
[5.433543] (-) TimerEvent: {}
[5.534510] (-) TimerEvent: {}
[5.634982] (-) TimerEvent: {}
[5.735395] (-) TimerEvent: {}
[5.835988] (-) TimerEvent: {}
[5.936611] (-) TimerEvent: {}
[6.037331] (-) TimerEvent: {}
[6.137907] (-) TimerEvent: {}
[6.238462] (-) TimerEvent: {}
[6.339018] (-) TimerEvent: {}
[6.439594] (-) TimerEvent: {}
[6.540248] (-) TimerEvent: {}
[6.641249] (-) TimerEvent: {}
[6.741944] (-) TimerEvent: {}
[6.842518] (-) TimerEvent: {}
[6.943000] (-) TimerEvent: {}
[7.043461] (-) TimerEvent: {}
[7.144239] (-) TimerEvent: {}
[7.245017] (-) TimerEvent: {}
[7.345589] (-) TimerEvent: {}
[7.446169] (-) TimerEvent: {}
[7.546765] (-) TimerEvent: {}
[7.647586] (-) TimerEvent: {}
[7.748290] (-) TimerEvent: {}
[7.848899] (-) TimerEvent: {}
[7.949643] (-) TimerEvent: {}
[8.050182] (-) TimerEvent: {}
[8.150717] (-) TimerEvent: {}
[8.251378] (-) TimerEvent: {}
[8.351981] (-) TimerEvent: {}
[8.452713] (-) TimerEvent: {}
[8.553416] (-) TimerEvent: {}
[8.653873] (-) TimerEvent: {}
[8.754544] (-) TimerEvent: {}
[8.855186] (-) TimerEvent: {}
[8.955857] (-) TimerEvent: {}
[9.056590] (-) TimerEvent: {}
[9.157320] (-) TimerEvent: {}
[9.257874] (-) TimerEvent: {}
[9.358634] (-) TimerEvent: {}
[9.459441] (-) TimerEvent: {}
[9.560205] (-) TimerEvent: {}
[9.660885] (-) TimerEvent: {}
[9.761555] (-) TimerEvent: {}
[9.862285] (-) TimerEvent: {}
[9.962981] (-) TimerEvent: {}
[10.063587] (-) TimerEvent: {}
[10.164131] (-) TimerEvent: {}
[10.264727] (-) TimerEvent: {}
[10.365413] (-) TimerEvent: {}
[10.466161] (-) TimerEvent: {}
[10.566578] (-) TimerEvent: {}
[10.667003] (-) TimerEvent: {}
[10.767588] (-) TimerEvent: {}
[10.868120] (-) TimerEvent: {}
[10.968675] (-) TimerEvent: {}
[11.069313] (-) TimerEvent: {}
[11.170079] (-) TimerEvent: {}
[11.270684] (-) TimerEvent: {}
[11.371256] (-) TimerEvent: {}
[11.471837] (-) TimerEvent: {}
[11.572341] (-) TimerEvent: {}
[11.672936] (-) TimerEvent: {}
[11.773551] (-) TimerEvent: {}
[11.874261] (-) TimerEvent: {}
[11.974859] (-) TimerEvent: {}
[12.075478] (-) TimerEvent: {}
[12.176026] (-) TimerEvent: {}
[12.276600] (-) TimerEvent: {}
[12.377195] (-) TimerEvent: {}
[12.477758] (-) TimerEvent: {}
[12.578372] (-) TimerEvent: {}
[12.678995] (-) TimerEvent: {}
[12.779597] (-) TimerEvent: {}
[12.880311] (-) TimerEvent: {}
[12.981003] (-) TimerEvent: {}
[13.081674] (-) TimerEvent: {}
[13.182251] (-) TimerEvent: {}
[13.282867] (-) TimerEvent: {}
[13.383681] (-) TimerEvent: {}
[13.484252] (-) TimerEvent: {}
[13.584759] (-) TimerEvent: {}
[13.685228] (-) TimerEvent: {}
[13.785770] (-) TimerEvent: {}
[13.886364] (-) TimerEvent: {}
[13.987051] (-) TimerEvent: {}
[14.087615] (-) TimerEvent: {}
[14.188127] (-) TimerEvent: {}
[14.288710] (-) TimerEvent: {}
[14.389171] (-) TimerEvent: {}
[14.489882] (-) TimerEvent: {}
[14.590476] (-) TimerEvent: {}
[14.691184] (-) TimerEvent: {}
[14.791819] (-) TimerEvent: {}
[14.892528] (-) TimerEvent: {}
[14.993041] (-) TimerEvent: {}
[15.093773] (-) TimerEvent: {}
[15.194367] (-) TimerEvent: {}
[15.294824] (-) TimerEvent: {}
[15.395567] (-) TimerEvent: {}
[15.496131] (-) TimerEvent: {}
[15.596757] (-) TimerEvent: {}
[15.697472] (-) TimerEvent: {}
[15.797965] (-) TimerEvent: {}
[15.898565] (-) TimerEvent: {}
[15.999227] (-) TimerEvent: {}
[16.099888] (-) TimerEvent: {}
[16.200480] (-) TimerEvent: {}
[16.301159] (-) TimerEvent: {}
[16.401760] (-) TimerEvent: {}
[16.502339] (-) TimerEvent: {}
[16.603110] (-) TimerEvent: {}
[16.703790] (-) TimerEvent: {}
[16.804535] (-) TimerEvent: {}
[16.905111] (-) TimerEvent: {}
[17.005857] (-) TimerEvent: {}
[17.106415] (-) TimerEvent: {}
[17.206903] (-) TimerEvent: {}
[17.307468] (-) TimerEvent: {}
[17.407885] (-) TimerEvent: {}
[17.508349] (-) TimerEvent: {}
[17.608996] (-) TimerEvent: {}
[17.709642] (-) TimerEvent: {}
[17.810332] (-) TimerEvent: {}
[17.910767] (-) TimerEvent: {}
[18.011372] (-) TimerEvent: {}
[18.112063] (-) TimerEvent: {}
[18.212614] (-) TimerEvent: {}
[18.313268] (-) TimerEvent: {}
[18.413967] (-) TimerEvent: {}
[18.514678] (-) TimerEvent: {}
[18.615441] (-) TimerEvent: {}
[18.716171] (-) TimerEvent: {}
[18.816777] (-) TimerEvent: {}
[18.917300] (-) TimerEvent: {}
[19.018005] (-) TimerEvent: {}
[19.118771] (-) TimerEvent: {}
[19.219387] (-) TimerEvent: {}
[19.319857] (-) TimerEvent: {}
[19.420254] (-) TimerEvent: {}
[19.520753] (-) TimerEvent: {}
[19.621264] (-) TimerEvent: {}
[19.721887] (-) TimerEvent: {}
[19.822603] (-) TimerEvent: {}
[19.923160] (-) TimerEvent: {}
[20.023443] (-) TimerEvent: {}
[20.123899] (-) TimerEvent: {}
[20.224521] (-) TimerEvent: {}
[20.325079] (-) TimerEvent: {}
[20.425703] (-) TimerEvent: {}
[20.526371] (-) TimerEvent: {}
[20.627443] (-) TimerEvent: {}
[20.728159] (-) TimerEvent: {}
[20.828648] (-) TimerEvent: {}
[20.929292] (-) TimerEvent: {}
[21.030041] (-) TimerEvent: {}
[21.130767] (-) TimerEvent: {}
[21.231334] (-) TimerEvent: {}
[21.331856] (-) TimerEvent: {}
[21.432399] (-) TimerEvent: {}
[21.533010] (-) TimerEvent: {}
[21.633637] (-) TimerEvent: {}
[21.734268] (-) TimerEvent: {}
[21.834867] (-) TimerEvent: {}
[21.935385] (-) TimerEvent: {}
[22.036011] (-) TimerEvent: {}
[22.136732] (-) TimerEvent: {}
[22.237443] (-) TimerEvent: {}
[22.338159] (-) TimerEvent: {}
[22.438723] (-) TimerEvent: {}
[22.539345] (-) TimerEvent: {}
[22.640007] (-) TimerEvent: {}
[22.740467] (-) TimerEvent: {}
[22.841195] (-) TimerEvent: {}
[22.941743] (-) TimerEvent: {}
[23.042322] (-) TimerEvent: {}
[23.142963] (-) TimerEvent: {}
[23.243675] (-) TimerEvent: {}
[23.344225] (-) TimerEvent: {}
[23.444838] (-) TimerEvent: {}
[23.545450] (-) TimerEvent: {}
[23.646065] (-) TimerEvent: {}
[23.746637] (-) TimerEvent: {}
[23.847107] (-) TimerEvent: {}
[23.947726] (-) TimerEvent: {}
[24.048260] (-) TimerEvent: {}
[24.148906] (-) TimerEvent: {}
[24.249473] (-) TimerEvent: {}
[24.349962] (-) TimerEvent: {}
[24.450701] (-) TimerEvent: {}
[24.551384] (-) TimerEvent: {}
[24.652193] (-) TimerEvent: {}
[24.752867] (-) TimerEvent: {}
[24.853308] (-) TimerEvent: {}
[24.953767] (-) TimerEvent: {}
[25.054318] (-) TimerEvent: {}
[25.155031] (-) TimerEvent: {}
[25.255681] (-) TimerEvent: {}
[25.356263] (-) TimerEvent: {}
[25.456790] (-) TimerEvent: {}
[25.557319] (-) TimerEvent: {}
[25.657851] (-) TimerEvent: {}
[25.758420] (-) TimerEvent: {}
[25.859030] (-) TimerEvent: {}
[25.959536] (-) TimerEvent: {}
[26.060074] (-) TimerEvent: {}
[26.160703] (-) TimerEvent: {}
[26.261287] (-) TimerEvent: {}
[26.361870] (-) TimerEvent: {}
[26.462469] (-) TimerEvent: {}
[26.563138] (-) TimerEvent: {}
[26.663761] (-) TimerEvent: {}
[26.764323] (-) TimerEvent: {}
[26.864767] (-) TimerEvent: {}
[26.965300] (-) TimerEvent: {}
[27.065970] (-) TimerEvent: {}
[27.166592] (-) TimerEvent: {}
[27.267270] (-) TimerEvent: {}
[27.367869] (-) TimerEvent: {}
[27.468245] (-) TimerEvent: {}
[27.568736] (-) TimerEvent: {}
[27.669180] (-) TimerEvent: {}
[27.769770] (-) TimerEvent: {}
[27.870135] (-) TimerEvent: {}
[27.970607] (-) TimerEvent: {}
[28.071277] (-) TimerEvent: {}
[28.171719] (-) TimerEvent: {}
[28.272165] (-) TimerEvent: {}
[28.372894] (-) TimerEvent: {}
[28.473577] (-) TimerEvent: {}
[28.573921] (-) TimerEvent: {}
[28.674398] (-) TimerEvent: {}
[28.774873] (-) TimerEvent: {}
[28.875526] (-) TimerEvent: {}
[28.976135] (-) TimerEvent: {}
[29.076748] (-) TimerEvent: {}
[29.177295] (-) TimerEvent: {}
[29.278058] (-) TimerEvent: {}
[29.378651] (-) TimerEvent: {}
[29.479241] (-) TimerEvent: {}
[29.579792] (-) TimerEvent: {}
[29.680333] (-) TimerEvent: {}
[29.780949] (-) TimerEvent: {}
[29.881572] (-) TimerEvent: {}
[29.982309] (-) TimerEvent: {}
[30.083003] (-) TimerEvent: {}
[30.183635] (-) TimerEvent: {}
[30.284336] (-) TimerEvent: {}
[30.385007] (-) TimerEvent: {}
[30.485693] (-) TimerEvent: {}
[30.586304] (-) TimerEvent: {}
[30.686978] (-) TimerEvent: {}
[30.787661] (-) TimerEvent: {}
[30.888272] (-) TimerEvent: {}
[30.988916] (-) TimerEvent: {}
[31.089598] (-) TimerEvent: {}
[31.190208] (-) TimerEvent: {}
[31.290927] (-) TimerEvent: {}
[31.391576] (-) TimerEvent: {}
[31.492126] (-) TimerEvent: {}
[31.592730] (-) TimerEvent: {}
[31.693370] (-) TimerEvent: {}
[31.794147] (-) TimerEvent: {}
[31.894780] (-) TimerEvent: {}
[31.995298] (-) TimerEvent: {}
[32.095776] (-) TimerEvent: {}
[32.196327] (-) TimerEvent: {}
[32.297061] (-) TimerEvent: {}
[32.397729] (-) TimerEvent: {}
[32.498302] (-) TimerEvent: {}
[32.598826] (-) TimerEvent: {}
[32.699578] (-) TimerEvent: {}
[32.800274] (-) TimerEvent: {}
[32.900988] (-) TimerEvent: {}
[33.001597] (-) TimerEvent: {}
[33.102167] (-) TimerEvent: {}
[33.202902] (-) TimerEvent: {}
[33.303528] (-) TimerEvent: {}
[33.403957] (-) TimerEvent: {}
[33.504452] (-) TimerEvent: {}
[33.605363] (-) TimerEvent: {}
[33.706413] (-) TimerEvent: {}
[33.806897] (-) TimerEvent: {}
[33.907618] (-) TimerEvent: {}
[34.008169] (-) TimerEvent: {}
[34.108762] (-) TimerEvent: {}
[34.209355] (-) TimerEvent: {}
[34.310130] (-) TimerEvent: {}
[34.410644] (-) TimerEvent: {}
[34.511187] (-) TimerEvent: {}
[34.611819] (-) TimerEvent: {}
[34.712443] (-) TimerEvent: {}
[34.813159] (-) TimerEvent: {}
[34.913725] (-) TimerEvent: {}
[35.014250] (-) TimerEvent: {}
[35.114816] (-) TimerEvent: {}
[35.215395] (-) TimerEvent: {}
[35.315964] (-) TimerEvent: {}
[35.416436] (-) TimerEvent: {}
[35.516977] (-) TimerEvent: {}
[35.617568] (-) TimerEvent: {}
[35.718187] (-) TimerEvent: {}
[35.818762] (-) TimerEvent: {}
[35.919530] (-) TimerEvent: {}
[36.020295] (-) TimerEvent: {}
[36.121035] (-) TimerEvent: {}
[36.221705] (-) TimerEvent: {}
[36.322238] (-) TimerEvent: {}
[36.422872] (-) TimerEvent: {}
[36.523627] (-) TimerEvent: {}
[36.624370] (-) TimerEvent: {}
[36.725171] (-) TimerEvent: {}
[36.825861] (-) TimerEvent: {}
[36.926466] (-) TimerEvent: {}
[37.027101] (-) TimerEvent: {}
[37.127780] (-) TimerEvent: {}
[37.228393] (-) TimerEvent: {}
[37.328943] (-) TimerEvent: {}
[37.429457] (-) TimerEvent: {}
[37.530216] (-) TimerEvent: {}
[37.631066] (-) TimerEvent: {}
[37.731811] (-) TimerEvent: {}
[37.832536] (-) TimerEvent: {}
[37.933274] (-) TimerEvent: {}
[38.033848] (-) TimerEvent: {}
[38.134392] (-) TimerEvent: {}
[38.235085] (-) TimerEvent: {}
[38.335820] (-) TimerEvent: {}
[38.436596] (-) TimerEvent: {}
[38.537508] (-) TimerEvent: {}
[38.638057] (-) TimerEvent: {}
[38.738598] (-) TimerEvent: {}
[38.839015] (-) TimerEvent: {}
[38.939418] (-) TimerEvent: {}
[39.040015] (-) TimerEvent: {}
[39.140671] (-) TimerEvent: {}
[39.241326] (-) TimerEvent: {}
[39.341905] (-) TimerEvent: {}
[39.442618] (-) TimerEvent: {}
[39.543172] (-) TimerEvent: {}
[39.643790] (-) TimerEvent: {}
[39.744651] (-) TimerEvent: {}
[39.845320] (-) TimerEvent: {}
[39.945956] (-) TimerEvent: {}
[40.046516] (-) TimerEvent: {}
[40.147170] (-) TimerEvent: {}
[40.247632] (-) TimerEvent: {}
[40.348218] (-) TimerEvent: {}
[40.448817] (-) TimerEvent: {}
[40.549633] (-) TimerEvent: {}
[40.650357] (-) TimerEvent: {}
[40.751062] (-) TimerEvent: {}
[40.851720] (-) TimerEvent: {}
[40.952438] (-) TimerEvent: {}
[41.053158] (-) TimerEvent: {}
[41.153696] (-) TimerEvent: {}
[41.254164] (-) TimerEvent: {}
[41.354932] (-) TimerEvent: {}
[41.455656] (-) TimerEvent: {}
[41.556397] (-) TimerEvent: {}
[41.657086] (-) TimerEvent: {}
[41.757701] (-) TimerEvent: {}
[41.858333] (-) TimerEvent: {}
[41.959008] (-) TimerEvent: {}
[42.059726] (-) TimerEvent: {}
[42.160471] (-) TimerEvent: {}
[42.261100] (-) TimerEvent: {}
[42.361780] (-) TimerEvent: {}
[42.462420] (-) TimerEvent: {}
[42.563054] (-) TimerEvent: {}
[42.663594] (-) TimerEvent: {}
[42.764168] (-) TimerEvent: {}
[42.864743] (-) TimerEvent: {}
[42.965325] (-) TimerEvent: {}
[43.065944] (-) TimerEvent: {}
[43.166574] (-) TimerEvent: {}
[43.267292] (-) TimerEvent: {}
[43.368041] (-) TimerEvent: {}
[43.468743] (-) TimerEvent: {}
[43.569424] (-) TimerEvent: {}
[43.670115] (-) TimerEvent: {}
[43.770762] (-) TimerEvent: {}
[43.871472] (-) TimerEvent: {}
[43.972246] (-) TimerEvent: {}
[44.073032] (-) TimerEvent: {}
[44.173701] (-) TimerEvent: {}
[44.274168] (-) TimerEvent: {}
[44.374722] (-) TimerEvent: {}
[44.475175] (-) TimerEvent: {}
[44.575680] (-) TimerEvent: {}
[44.676208] (-) TimerEvent: {}
[44.776798] (-) TimerEvent: {}
[44.877307] (-) TimerEvent: {}
[44.977924] (-) TimerEvent: {}
[45.078562] (-) TimerEvent: {}
[45.179145] (-) TimerEvent: {}
[45.279738] (-) TimerEvent: {}
[45.380209] (-) TimerEvent: {}
[45.480712] (-) TimerEvent: {}
[45.581201] (-) TimerEvent: {}
[45.681678] (-) TimerEvent: {}
[45.782025] (-) TimerEvent: {}
[45.882553] (-) TimerEvent: {}
[45.983089] (-) TimerEvent: {}
[46.083787] (-) TimerEvent: {}
[46.184331] (-) TimerEvent: {}
[46.284808] (-) TimerEvent: {}
[46.385420] (-) TimerEvent: {}
[46.486021] (-) TimerEvent: {}
[46.586588] (-) TimerEvent: {}
[46.687069] (-) TimerEvent: {}
[46.787654] (-) TimerEvent: {}
[46.888283] (-) TimerEvent: {}
[46.988845] (-) TimerEvent: {}
[47.089622] (-) TimerEvent: {}
[47.190231] (-) TimerEvent: {}
[47.290918] (-) TimerEvent: {}
[47.391589] (-) TimerEvent: {}
[47.492264] (-) TimerEvent: {}
[47.592977] (-) TimerEvent: {}
[47.693587] (-) TimerEvent: {}
[47.794136] (-) TimerEvent: {}
[47.894877] (-) TimerEvent: {}
[47.995382] (-) TimerEvent: {}
[48.096011] (-) TimerEvent: {}
[48.196637] (-) TimerEvent: {}
[48.297159] (-) TimerEvent: {}
[48.397699] (-) TimerEvent: {}
[48.498322] (-) TimerEvent: {}
[48.598864] (-) TimerEvent: {}
[48.699404] (-) TimerEvent: {}
[48.800076] (-) TimerEvent: {}
[48.900761] (-) TimerEvent: {}
[49.001454] (-) TimerEvent: {}
[49.102167] (-) TimerEvent: {}
[49.202685] (-) TimerEvent: {}
[49.303238] (-) TimerEvent: {}
[49.403946] (-) TimerEvent: {}
[49.504660] (-) TimerEvent: {}
[49.605171] (-) TimerEvent: {}
[49.705898] (-) TimerEvent: {}
[49.806407] (-) TimerEvent: {}
[49.906935] (-) TimerEvent: {}
[50.007439] (-) TimerEvent: {}
[50.108027] (-) TimerEvent: {}
[50.208685] (-) TimerEvent: {}
[50.309233] (-) TimerEvent: {}
[50.409570] (-) TimerEvent: {}
[50.509938] (-) TimerEvent: {}
[50.610542] (-) TimerEvent: {}
[50.710859] (-) TimerEvent: {}
[50.811210] (-) TimerEvent: {}
[50.911646] (-) TimerEvent: {}
[51.012160] (-) TimerEvent: {}
[51.112739] (-) TimerEvent: {}
[51.213437] (-) TimerEvent: {}
[51.314113] (-) TimerEvent: {}
[51.414801] (-) TimerEvent: {}
[51.515396] (-) TimerEvent: {}
[51.615877] (-) TimerEvent: {}
[51.716404] (-) TimerEvent: {}
[51.816741] (-) TimerEvent: {}
[51.917197] (-) TimerEvent: {}
[52.017545] (-) TimerEvent: {}
[52.118035] (-) TimerEvent: {}
[52.218621] (-) TimerEvent: {}
[52.318908] (-) TimerEvent: {}
[52.419527] (-) TimerEvent: {}
[52.520192] (-) TimerEvent: {}
[52.620921] (-) TimerEvent: {}
[52.721657] (-) TimerEvent: {}
[52.822379] (-) TimerEvent: {}
[52.922949] (-) TimerEvent: {}
[53.023578] (-) TimerEvent: {}
[53.124122] (-) TimerEvent: {}
[53.224694] (-) TimerEvent: {}
[53.325219] (-) TimerEvent: {}
[53.425842] (-) TimerEvent: {}
[53.526521] (-) TimerEvent: {}
[53.627187] (-) TimerEvent: {}
[53.727792] (-) TimerEvent: {}
[53.828442] (-) TimerEvent: {}
[53.929112] (-) TimerEvent: {}
[54.029673] (-) TimerEvent: {}
[54.130190] (-) TimerEvent: {}
[54.230797] (-) TimerEvent: {}
[54.331389] (-) TimerEvent: {}
[54.431825] (-) TimerEvent: {}
[54.532388] (-) TimerEvent: {}
[54.633117] (-) TimerEvent: {}
[54.733767] (-) TimerEvent: {}
[54.834557] (-) TimerEvent: {}
[54.935274] (-) TimerEvent: {}
[55.035819] (-) TimerEvent: {}
[55.136355] (-) TimerEvent: {}
[55.237005] (-) TimerEvent: {}
[55.337582] (-) TimerEvent: {}
[55.438330] (-) TimerEvent: {}
[55.538887] (-) TimerEvent: {}
[55.639438] (-) TimerEvent: {}
[55.739843] (-) TimerEvent: {}
[55.840332] (-) TimerEvent: {}
[55.940817] (-) TimerEvent: {}
[56.041315] (-) TimerEvent: {}
[56.141732] (-) TimerEvent: {}
[56.242306] (-) TimerEvent: {}
[56.342970] (-) TimerEvent: {}
[56.443668] (-) TimerEvent: {}
[56.544349] (-) TimerEvent: {}
[56.645080] (-) TimerEvent: {}
[56.745684] (-) TimerEvent: {}
[56.846446] (-) TimerEvent: {}
[56.947180] (-) TimerEvent: {}
[57.047938] (-) TimerEvent: {}
[57.148608] (-) TimerEvent: {}
[57.249299] (-) TimerEvent: {}
[57.350064] (-) TimerEvent: {}
[57.450612] (-) TimerEvent: {}
[57.551051] (-) TimerEvent: {}
[57.651376] (-) TimerEvent: {}
[57.751818] (-) TimerEvent: {}
[57.852364] (-) TimerEvent: {}
[57.953024] (-) TimerEvent: {}
[58.053561] (-) TimerEvent: {}
[58.154102] (-) TimerEvent: {}
[58.254669] (-) TimerEvent: {}
[58.355088] (-) TimerEvent: {}
[58.455593] (-) TimerEvent: {}
[58.556162] (-) TimerEvent: {}
[58.656685] (-) TimerEvent: {}
[58.757359] (-) TimerEvent: {}
[58.857922] (-) TimerEvent: {}
[58.958593] (-) TimerEvent: {}
[59.059360] (-) TimerEvent: {}
[59.159932] (-) TimerEvent: {}
[59.260437] (-) TimerEvent: {}
[59.361137] (-) TimerEvent: {}
[59.461889] (-) TimerEvent: {}
[59.562649] (-) TimerEvent: {}
[59.663391] (-) TimerEvent: {}
[59.764124] (-) TimerEvent: {}
[59.864870] (-) TimerEvent: {}
[59.965531] (-) TimerEvent: {}
[60.066202] (-) TimerEvent: {}
[60.166736] (-) TimerEvent: {}
[60.267208] (-) TimerEvent: {}
[60.367830] (-) TimerEvent: {}
[60.468470] (-) TimerEvent: {}
[60.569195] (-) TimerEvent: {}
[60.669904] (-) TimerEvent: {}
[60.770612] (-) TimerEvent: {}
[60.871335] (-) TimerEvent: {}
[60.972121] (-) TimerEvent: {}
[61.072874] (-) TimerEvent: {}
[61.173425] (-) TimerEvent: {}
[61.273983] (-) TimerEvent: {}
[61.374635] (-) TimerEvent: {}
[61.475302] (-) TimerEvent: {}
[61.576112] (-) TimerEvent: {}
[61.676749] (-) TimerEvent: {}
[61.777217] (-) TimerEvent: {}
[61.877976] (-) TimerEvent: {}
[61.978584] (-) TimerEvent: {}
[62.079011] (-) TimerEvent: {}
[62.179461] (-) TimerEvent: {}
[62.280310] (-) TimerEvent: {}
[62.381369] (-) TimerEvent: {}
[62.481920] (-) TimerEvent: {}
[62.582404] (-) TimerEvent: {}
[62.682939] (-) TimerEvent: {}
[62.783541] (-) TimerEvent: {}
[62.883998] (-) TimerEvent: {}
[62.984534] (-) TimerEvent: {}
[63.085076] (-) TimerEvent: {}
[63.185685] (-) TimerEvent: {}
[63.286254] (-) TimerEvent: {}
[63.386892] (-) TimerEvent: {}
[63.487519] (-) TimerEvent: {}
[63.588024] (-) TimerEvent: {}
[63.688670] (-) TimerEvent: {}
[63.789385] (-) TimerEvent: {}
[63.890312] (-) TimerEvent: {}
[63.990808] (-) TimerEvent: {}
[64.091521] (-) TimerEvent: {}
[64.192205] (-) TimerEvent: {}
[64.292910] (-) TimerEvent: {}
[64.393619] (-) TimerEvent: {}
[64.494321] (-) TimerEvent: {}
[64.594927] (-) TimerEvent: {}
[64.695608] (-) TimerEvent: {}
[64.796175] (-) TimerEvent: {}
[64.896649] (-) TimerEvent: {}
[64.997008] (-) TimerEvent: {}
[65.097475] (-) TimerEvent: {}
[65.197915] (-) TimerEvent: {}
[65.298625] (-) TimerEvent: {}
[65.399306] (-) TimerEvent: {}
[65.500005] (-) TimerEvent: {}
[65.600580] (-) TimerEvent: {}
[65.701140] (-) TimerEvent: {}
[65.801844] (-) TimerEvent: {}
[65.902452] (-) TimerEvent: {}
[66.003260] (-) TimerEvent: {}
[66.104056] (-) TimerEvent: {}
[66.204689] (-) TimerEvent: {}
[66.305306] (-) TimerEvent: {}
[66.405735] (-) TimerEvent: {}
[66.506351] (-) TimerEvent: {}
[66.606777] (-) TimerEvent: {}
[66.707210] (-) TimerEvent: {}
[66.807683] (-) TimerEvent: {}
[66.908100] (-) TimerEvent: {}
[67.008686] (-) TimerEvent: {}
[67.109091] (-) TimerEvent: {}
[67.209372] (-) TimerEvent: {}
[67.309691] (-) TimerEvent: {}
[67.410271] (-) TimerEvent: {}
[67.510794] (-) TimerEvent: {}
[67.611280] (-) TimerEvent: {}
[67.711631] (-) TimerEvent: {}
[67.812116] (-) TimerEvent: {}
[67.912553] (-) TimerEvent: {}
[68.012974] (-) TimerEvent: {}
[68.113325] (-) TimerEvent: {}
[68.213729] (-) TimerEvent: {}
[68.314240] (-) TimerEvent: {}
[68.414688] (-) TimerEvent: {}
[68.515195] (-) TimerEvent: {}
[68.615725] (-) TimerEvent: {}
[68.716228] (-) TimerEvent: {}
[68.816757] (-) TimerEvent: {}
[68.917226] (-) TimerEvent: {}
[69.017796] (-) TimerEvent: {}
[69.118293] (-) TimerEvent: {}
[69.218704] (-) TimerEvent: {}
[69.319189] (-) TimerEvent: {}
[69.419850] (-) TimerEvent: {}
[69.520212] (-) TimerEvent: {}
[69.620883] (-) TimerEvent: {}
[69.721517] (-) TimerEvent: {}
[69.821910] (-) TimerEvent: {}
[69.922348] (-) TimerEvent: {}
[70.022905] (-) TimerEvent: {}
[70.123307] (-) TimerEvent: {}
[70.223799] (-) TimerEvent: {}
[70.324218] (-) TimerEvent: {}
[70.424584] (-) TimerEvent: {}
[70.525174] (-) TimerEvent: {}
[70.625755] (-) TimerEvent: {}
[70.726244] (-) TimerEvent: {}
[70.826872] (-) TimerEvent: {}
[70.927554] (-) TimerEvent: {}
[71.027930] (-) TimerEvent: {}
[71.128527] (-) TimerEvent: {}
[71.229161] (-) TimerEvent: {}
[71.329867] (-) TimerEvent: {}
[71.430368] (-) TimerEvent: {}
[71.530848] (-) TimerEvent: {}
[71.631613] (-) TimerEvent: {}
[71.732122] (-) TimerEvent: {}
[71.832460] (-) TimerEvent: {}
[71.904665] (micro_ros_agent) StderrLine: {'line': b'HEAD is now at eb322062 Bump version to 1.9.2\n'}
[71.932614] (-) TimerEvent: {}
[71.969832] (micro_ros_agent) StdoutLine: {'line': b"[ 12%] \x1b[34m\x1b[1mPerforming update step for 'spdlog'\x1b[0m\n"}
[71.987581] (micro_ros_agent) StdoutLine: {'line': b"[ 18%] \x1b[34m\x1b[1mNo patch step for 'spdlog'\x1b[0m\n"}
[72.006883] (micro_ros_agent) StdoutLine: {'line': b"[ 25%] \x1b[34m\x1b[1mPerforming configure step for 'spdlog'\x1b[0m\n"}
[72.017407] (micro_ros_agent) StdoutLine: {'line': b'loading initial cache file /home/ali/STM32CubeIDE/stm32_uros_ws/Panik/microros_ws/build/micro_ros_agent/agent/src/xrceagent-build/spdlog/tmp/spdlog-cache-.cmake\n'}
[72.032715] (-) TimerEvent: {}
[72.072440] (micro_ros_agent) StdoutLine: {'line': b'-- The CXX compiler identification is GNU 13.3.0\n'}
[72.089059] (micro_ros_agent) StdoutLine: {'line': b'-- Detecting CXX compiler ABI info\n'}
[72.132873] (-) TimerEvent: {}
[72.188756] (micro_ros_agent) StdoutLine: {'line': b'-- Detecting CXX compiler ABI info - done\n'}
[72.194706] (micro_ros_agent) StdoutLine: {'line': b'-- Check for working CXX compiler: /usr/bin/c++ - skipped\n'}
[72.194809] (micro_ros_agent) StdoutLine: {'line': b'-- Detecting CXX compile features\n'}
[72.195008] (micro_ros_agent) StdoutLine: {'line': b'-- Detecting CXX compile features - done\n'}
[72.195303] (micro_ros_agent) StdoutLine: {'line': b'-- Build spdlog: 1.9.2\n'}
[72.198026] (micro_ros_agent) StdoutLine: {'line': b'-- Performing Test CMAKE_HAVE_LIBC_PTHREAD\n'}
[72.233101] (-) TimerEvent: {}
[72.279330] (micro_ros_agent) StdoutLine: {'line': b'-- Performing Test CMAKE_HAVE_LIBC_PTHREAD - Success\n'}
[72.280116] (micro_ros_agent) StdoutLine: {'line': b'-- Found Threads: TRUE  \n'}
[72.280228] (micro_ros_agent) StdoutLine: {'line': b'-- Build type: Release\n'}
[72.280670] (micro_ros_agent) StdoutLine: {'line': b'-- Generating example(s)\n'}
[72.281080] (micro_ros_agent) StdoutLine: {'line': b'-- Generating install\n'}
[72.287368] (micro_ros_agent) StdoutLine: {'line': b'-- Configuring done (0.3s)\n'}
[72.290857] (micro_ros_agent) StdoutLine: {'line': b'-- Generating done (0.0s)\n'}
[72.291126] (micro_ros_agent) StdoutLine: {'line': b'-- Build files have been written to: /home/ali/STM32CubeIDE/stm32_uros_ws/Panik/microros_ws/build/micro_ros_agent/agent/src/xrceagent-build/spdlog/src/spdlog-build\n'}
[72.304114] (micro_ros_agent) StdoutLine: {'line': b"[ 31%] \x1b[34m\x1b[1mPerforming build step for 'spdlog'\x1b[0m\n"}
[72.333092] (micro_ros_agent) StdoutLine: {'line': b'[ 10%] \x1b[32mBuilding CXX object CMakeFiles/spdlog.dir/src/color_sinks.cpp.o\x1b[0m\n'}
[72.333365] (-) TimerEvent: {}
[72.333470] (micro_ros_agent) StdoutLine: {'line': b'[ 30%] \x1b[32mBuilding CXX object CMakeFiles/spdlog.dir/src/file_sinks.cpp.o\x1b[0m\n'}
[72.333612] (micro_ros_agent) StdoutLine: {'line': b'[ 30%] \x1b[32mBuilding CXX object CMakeFiles/spdlog.dir/src/async.cpp.o\x1b[0m\n'}
[72.333696] (micro_ros_agent) StdoutLine: {'line': b'[ 40%] \x1b[32mBuilding CXX object CMakeFiles/spdlog.dir/src/stdout_sinks.cpp.o\x1b[0m\n'}
[72.333773] (micro_ros_agent) StdoutLine: {'line': b'[ 50%] \x1b[32mBuilding CXX object CMakeFiles/spdlog.dir/src/cfg.cpp.o\x1b[0m\n'}
[72.333849] (micro_ros_agent) StdoutLine: {'line': b'[ 60%] \x1b[32mBuilding CXX object CMakeFiles/spdlog.dir/src/fmt.cpp.o\x1b[0m\n'}
[72.334118] (micro_ros_agent) StdoutLine: {'line': b'[ 70%] \x1b[32mBuilding CXX object CMakeFiles/spdlog.dir/src/spdlog.cpp.o\x1b[0m\n'}
[72.433601] (-) TimerEvent: {}
[72.533978] (-) TimerEvent: {}
[72.634341] (-) TimerEvent: {}
[72.734713] (-) TimerEvent: {}
[72.835095] (-) TimerEvent: {}
[72.935456] (-) TimerEvent: {}
[73.035828] (-) TimerEvent: {}
[73.136185] (-) TimerEvent: {}
[73.236555] (-) TimerEvent: {}
[73.336801] (-) TimerEvent: {}
[73.437074] (-) TimerEvent: {}
[73.537450] (-) TimerEvent: {}
[73.637670] (-) TimerEvent: {}
[73.737925] (-) TimerEvent: {}
[73.838156] (-) TimerEvent: {}
[73.938454] (-) TimerEvent: {}
[74.038682] (-) TimerEvent: {}
[74.138877] (-) TimerEvent: {}
[74.239119] (-) TimerEvent: {}
[74.339375] (-) TimerEvent: {}
[74.439629] (-) TimerEvent: {}
[74.539872] (-) TimerEvent: {}
[74.640105] (-) TimerEvent: {}
[74.740363] (-) TimerEvent: {}
[74.840663] (-) TimerEvent: {}
[74.940987] (-) TimerEvent: {}
[75.041269] (-) TimerEvent: {}
[75.141560] (-) TimerEvent: {}
[75.241883] (-) TimerEvent: {}
[75.342111] (-) TimerEvent: {}
[75.442438] (-) TimerEvent: {}
[75.542710] (-) TimerEvent: {}
[75.643033] (-) TimerEvent: {}
[75.743257] (-) TimerEvent: {}
[75.843576] (-) TimerEvent: {}
[75.943793] (-) TimerEvent: {}
[76.044118] (-) TimerEvent: {}
[76.144410] (-) TimerEvent: {}
[76.244849] (-) TimerEvent: {}
[76.345146] (-) TimerEvent: {}
[76.445438] (-) TimerEvent: {}
[76.504739] (micro_ros_agent) StdoutLine: {'line': b'[ 80%] \x1b[32m\x1b[1mLinking CXX static library libspdlog.a\x1b[0m\n'}
[76.545666] (-) TimerEvent: {}
[76.555833] (micro_ros_agent) StdoutLine: {'line': b'[ 80%] Built target spdlog\n'}
[76.570233] (micro_ros_agent) StdoutLine: {'line': b'[ 90%] \x1b[32mBuilding CXX object example/CMakeFiles/example.dir/example.cpp.o\x1b[0m\n'}
[76.645884] (-) TimerEvent: {}
[76.746110] (-) TimerEvent: {}
[76.846468] (-) TimerEvent: {}
[76.946834] (-) TimerEvent: {}
[77.047097] (-) TimerEvent: {}
[77.147446] (-) TimerEvent: {}
[77.247832] (-) TimerEvent: {}
[77.348194] (-) TimerEvent: {}
[77.448543] (-) TimerEvent: {}
[77.548770] (-) TimerEvent: {}
[77.649121] (-) TimerEvent: {}
[77.749342] (-) TimerEvent: {}
[77.849682] (-) TimerEvent: {}
[77.950024] (-) TimerEvent: {}
[78.050357] (-) TimerEvent: {}
[78.150699] (-) TimerEvent: {}
[78.251045] (-) TimerEvent: {}
[78.351390] (-) TimerEvent: {}
[78.451736] (-) TimerEvent: {}
[78.552073] (-) TimerEvent: {}
[78.652413] (-) TimerEvent: {}
[78.752784] (-) TimerEvent: {}
[78.853031] (-) TimerEvent: {}
[78.953385] (-) TimerEvent: {}
[79.052124] (micro_ros_agent) StdoutLine: {'line': b'[100%] \x1b[32m\x1b[1mLinking CXX executable example\x1b[0m\n'}
[79.053499] (-) TimerEvent: {}
[79.107604] (micro_ros_agent) StdoutLine: {'line': b'[100%] Built target example\n'}
[79.128015] (micro_ros_agent) StdoutLine: {'line': b"[ 37%] \x1b[34m\x1b[1mPerforming install step for 'spdlog'\x1b[0m\n"}
[79.153686] (-) TimerEvent: {}
[79.173515] (micro_ros_agent) StdoutLine: {'line': b'[ 80%] Built target spdlog\n'}
[79.192209] (micro_ros_agent) StdoutLine: {'line': b'[100%] Built target example\n'}
[79.204442] (micro_ros_agent) StdoutLine: {'line': b'\x1b[36mInstall the project...\x1b[0m\n'}
[79.211841] (micro_ros_agent) StdoutLine: {'line': b'-- Install configuration: "Release"\n'}
[79.212004] (micro_ros_agent) StdoutLine: {'line': b'-- Installing: /home/ali/STM32CubeIDE/stm32_uros_ws/Panik/microros_ws/build/micro_ros_agent/agent/src/xrceagent-build/temp_install/spdlog-1.9.2/include\n'}
[79.212083] (micro_ros_agent) StdoutLine: {'line': b'-- Installing: /home/ali/STM32CubeIDE/stm32_uros_ws/Panik/microros_ws/build/micro_ros_agent/agent/src/xrceagent-build/temp_install/spdlog-1.9.2/include/spdlog\n'}
[79.212208] (micro_ros_agent) StdoutLine: {'line': b'-- Installing: /home/ali/STM32CubeIDE/stm32_uros_ws/Panik/microros_ws/build/micro_ros_agent/agent/src/xrceagent-build/temp_install/spdlog-1.9.2/include/spdlog/fmt\n'}
[79.212284] (micro_ros_agent) StdoutLine: {'line': b'-- Installing: /home/ali/STM32CubeIDE/stm32_uros_ws/Panik/microros_ws/build/micro_ros_agent/agent/src/xrceagent-build/temp_install/spdlog-1.9.2/include/spdlog/fmt/bin_to_hex.h\n'}
[79.212355] (micro_ros_agent) StdoutLine: {'line': b'-- Installing: /home/ali/STM32CubeIDE/stm32_uros_ws/Panik/microros_ws/build/micro_ros_agent/agent/src/xrceagent-build/temp_install/spdlog-1.9.2/include/spdlog/fmt/chrono.h\n'}
[79.212425] (micro_ros_agent) StdoutLine: {'line': b'-- Installing: /home/ali/STM32CubeIDE/stm32_uros_ws/Panik/microros_ws/build/micro_ros_agent/agent/src/xrceagent-build/temp_install/spdlog-1.9.2/include/spdlog/fmt/compile.h\n'}
[79.212501] (micro_ros_agent) StdoutLine: {'line': b'-- Installing: /home/ali/STM32CubeIDE/stm32_uros_ws/Panik/microros_ws/build/micro_ros_agent/agent/src/xrceagent-build/temp_install/spdlog-1.9.2/include/spdlog/fmt/xchar.h\n'}
[79.212746] (micro_ros_agent) StdoutLine: {'line': b'-- Installing: /home/ali/STM32CubeIDE/stm32_uros_ws/Panik/microros_ws/build/micro_ros_agent/agent/src/xrceagent-build/temp_install/spdlog-1.9.2/include/spdlog/fmt/fmt.h\n'}
[79.212799] (micro_ros_agent) StdoutLine: {'line': b'-- Installing: /home/ali/STM32CubeIDE/stm32_uros_ws/Panik/microros_ws/build/micro_ros_agent/agent/src/xrceagent-build/temp_install/spdlog-1.9.2/include/spdlog/fmt/ostr.h\n'}
[79.212834] (micro_ros_agent) StdoutLine: {'line': b'-- Installing: /home/ali/STM32CubeIDE/stm32_uros_ws/Panik/microros_ws/build/micro_ros_agent/agent/src/xrceagent-build/temp_install/spdlog-1.9.2/include/spdlog/common.h\n'}
[79.213015] (micro_ros_agent) StdoutLine: {'line': b'-- Installing: /home/ali/STM32CubeIDE/stm32_uros_ws/Panik/microros_ws/build/micro_ros_agent/agent/src/xrceagent-build/temp_install/spdlog-1.9.2/include/spdlog/logger.h\n'}
[79.213088] (micro_ros_agent) StdoutLine: {'line': b'-- Installing: /home/ali/STM32CubeIDE/stm32_uros_ws/Panik/microros_ws/build/micro_ros_agent/agent/src/xrceagent-build/temp_install/spdlog-1.9.2/include/spdlog/logger-inl.h\n'}
[79.213123] (micro_ros_agent) StdoutLine: {'line': b'-- Installing: /home/ali/STM32CubeIDE/stm32_uros_ws/Panik/microros_ws/build/micro_ros_agent/agent/src/xrceagent-build/temp_install/spdlog-1.9.2/include/spdlog/spdlog.h\n'}
[79.213157] (micro_ros_agent) StdoutLine: {'line': b'-- Installing: /home/ali/STM32CubeIDE/stm32_uros_ws/Panik/microros_ws/build/micro_ros_agent/agent/src/xrceagent-build/temp_install/spdlog-1.9.2/include/spdlog/details\n'}
[79.213189] (micro_ros_agent) StdoutLine: {'line': b'-- Installing: /home/ali/STM32CubeIDE/stm32_uros_ws/Panik/microros_ws/build/micro_ros_agent/agent/src/xrceagent-build/temp_install/spdlog-1.9.2/include/spdlog/details/log_msg_buffer-inl.h\n'}
[79.213220] (micro_ros_agent) StdoutLine: {'line': b'-- Installing: /home/ali/STM32CubeIDE/stm32_uros_ws/Panik/microros_ws/build/micro_ros_agent/agent/src/xrceagent-build/temp_install/spdlog-1.9.2/include/spdlog/details/file_helper.h\n'}
[79.213251] (micro_ros_agent) StdoutLine: {'line': b'-- Installing: /home/ali/STM32CubeIDE/stm32_uros_ws/Panik/microros_ws/build/micro_ros_agent/agent/src/xrceagent-build/temp_install/spdlog-1.9.2/include/spdlog/details/registry-inl.h\n'}
[79.213281] (micro_ros_agent) StdoutLine: {'line': b'-- Installing: /home/ali/STM32CubeIDE/stm32_uros_ws/Panik/microros_ws/build/micro_ros_agent/agent/src/xrceagent-build/temp_install/spdlog-1.9.2/include/spdlog/details/registry.h\n'}
[79.213311] (micro_ros_agent) StdoutLine: {'line': b'-- Installing: /home/ali/STM32CubeIDE/stm32_uros_ws/Panik/microros_ws/build/micro_ros_agent/agent/src/xrceagent-build/temp_install/spdlog-1.9.2/include/spdlog/details/log_msg.h\n'}
[79.213377] (micro_ros_agent) StdoutLine: {'line': b'-- Installing: /home/ali/STM32CubeIDE/stm32_uros_ws/Panik/microros_ws/build/micro_ros_agent/agent/src/xrceagent-build/temp_install/spdlog-1.9.2/include/spdlog/details/synchronous_factory.h\n'}
[79.213408] (micro_ros_agent) StdoutLine: {'line': b'-- Installing: /home/ali/STM32CubeIDE/stm32_uros_ws/Panik/microros_ws/build/micro_ros_agent/agent/src/xrceagent-build/temp_install/spdlog-1.9.2/include/spdlog/details/log_msg-inl.h\n'}
[79.213438] (micro_ros_agent) StdoutLine: {'line': b'-- Installing: /home/ali/STM32CubeIDE/stm32_uros_ws/Panik/microros_ws/build/micro_ros_agent/agent/src/xrceagent-build/temp_install/spdlog-1.9.2/include/spdlog/details/backtracer-inl.h\n'}
[79.213468] (micro_ros_agent) StdoutLine: {'line': b'-- Installing: /home/ali/STM32CubeIDE/stm32_uros_ws/Panik/microros_ws/build/micro_ros_agent/agent/src/xrceagent-build/temp_install/spdlog-1.9.2/include/spdlog/details/tcp_client-windows.h\n'}
[79.213500] (micro_ros_agent) StdoutLine: {'line': b'-- Installing: /home/ali/STM32CubeIDE/stm32_uros_ws/Panik/microros_ws/build/micro_ros_agent/agent/src/xrceagent-build/temp_install/spdlog-1.9.2/include/spdlog/details/periodic_worker-inl.h\n'}
[79.213531] (micro_ros_agent) StdoutLine: {'line': b'-- Installing: /home/ali/STM32CubeIDE/stm32_uros_ws/Panik/microros_ws/build/micro_ros_agent/agent/src/xrceagent-build/temp_install/spdlog-1.9.2/include/spdlog/details/file_helper-inl.h\n'}
[79.213567] (micro_ros_agent) StdoutLine: {'line': b'-- Installing: /home/ali/STM32CubeIDE/stm32_uros_ws/Panik/microros_ws/build/micro_ros_agent/agent/src/xrceagent-build/temp_install/spdlog-1.9.2/include/spdlog/details/null_mutex.h\n'}
[79.213601] (micro_ros_agent) StdoutLine: {'line': b'-- Installing: /home/ali/STM32CubeIDE/stm32_uros_ws/Panik/microros_ws/build/micro_ros_agent/agent/src/xrceagent-build/temp_install/spdlog-1.9.2/include/spdlog/details/backtracer.h\n'}
[79.213633] (micro_ros_agent) StdoutLine: {'line': b'-- Installing: /home/ali/STM32CubeIDE/stm32_uros_ws/Panik/microros_ws/build/micro_ros_agent/agent/src/xrceagent-build/temp_install/spdlog-1.9.2/include/spdlog/details/thread_pool.h\n'}
[79.213663] (micro_ros_agent) StdoutLine: {'line': b'-- Installing: /home/ali/STM32CubeIDE/stm32_uros_ws/Panik/microros_ws/build/micro_ros_agent/agent/src/xrceagent-build/temp_install/spdlog-1.9.2/include/spdlog/details/mpmc_blocking_q.h\n'}
[79.213691] (micro_ros_agent) StdoutLine: {'line': b'-- Installing: /home/ali/STM32CubeIDE/stm32_uros_ws/Panik/microros_ws/build/micro_ros_agent/agent/src/xrceagent-build/temp_install/spdlog-1.9.2/include/spdlog/details/fmt_helper.h\n'}
[79.213720] (micro_ros_agent) StdoutLine: {'line': b'-- Installing: /home/ali/STM32CubeIDE/stm32_uros_ws/Panik/microros_ws/build/micro_ros_agent/agent/src/xrceagent-build/temp_install/spdlog-1.9.2/include/spdlog/details/tcp_client.h\n'}
[79.213750] (micro_ros_agent) StdoutLine: {'line': b'-- Installing: /home/ali/STM32CubeIDE/stm32_uros_ws/Panik/microros_ws/build/micro_ros_agent/agent/src/xrceagent-build/temp_install/spdlog-1.9.2/include/spdlog/details/os.h\n'}
[79.213780] (micro_ros_agent) StdoutLine: {'line': b'-- Installing: /home/ali/STM32CubeIDE/stm32_uros_ws/Panik/microros_ws/build/micro_ros_agent/agent/src/xrceagent-build/temp_install/spdlog-1.9.2/include/spdlog/details/thread_pool-inl.h\n'}
[79.213809] (micro_ros_agent) StdoutLine: {'line': b'-- Installing: /home/ali/STM32CubeIDE/stm32_uros_ws/Panik/microros_ws/build/micro_ros_agent/agent/src/xrceagent-build/temp_install/spdlog-1.9.2/include/spdlog/details/console_globals.h\n'}
[79.213838] (micro_ros_agent) StdoutLine: {'line': b'-- Installing: /home/ali/STM32CubeIDE/stm32_uros_ws/Panik/microros_ws/build/micro_ros_agent/agent/src/xrceagent-build/temp_install/spdlog-1.9.2/include/spdlog/details/windows_include.h\n'}
[79.213866] (micro_ros_agent) StdoutLine: {'line': b'-- Installing: /home/ali/STM32CubeIDE/stm32_uros_ws/Panik/microros_ws/build/micro_ros_agent/agent/src/xrceagent-build/temp_install/spdlog-1.9.2/include/spdlog/details/periodic_worker.h\n'}
[79.213897] (micro_ros_agent) StdoutLine: {'line': b'-- Installing: /home/ali/STM32CubeIDE/stm32_uros_ws/Panik/microros_ws/build/micro_ros_agent/agent/src/xrceagent-build/temp_install/spdlog-1.9.2/include/spdlog/details/os-inl.h\n'}
[79.213926] (micro_ros_agent) StdoutLine: {'line': b'-- Installing: /home/ali/STM32CubeIDE/stm32_uros_ws/Panik/microros_ws/build/micro_ros_agent/agent/src/xrceagent-build/temp_install/spdlog-1.9.2/include/spdlog/details/circular_q.h\n'}
[79.213957] (micro_ros_agent) StdoutLine: {'line': b'-- Installing: /home/ali/STM32CubeIDE/stm32_uros_ws/Panik/microros_ws/build/micro_ros_agent/agent/src/xrceagent-build/temp_install/spdlog-1.9.2/include/spdlog/details/log_msg_buffer.h\n'}
[79.213986] (micro_ros_agent) StdoutLine: {'line': b'-- Installing: /home/ali/STM32CubeIDE/stm32_uros_ws/Panik/microros_ws/build/micro_ros_agent/agent/src/xrceagent-build/temp_install/spdlog-1.9.2/include/spdlog/pattern_formatter-inl.h\n'}
[79.214017] (micro_ros_agent) StdoutLine: {'line': b'-- Installing: /home/ali/STM32CubeIDE/stm32_uros_ws/Panik/microros_ws/build/micro_ros_agent/agent/src/xrceagent-build/temp_install/spdlog-1.9.2/include/spdlog/common-inl.h\n'}
[79.214047] (micro_ros_agent) StdoutLine: {'line': b'-- Installing: /home/ali/STM32CubeIDE/stm32_uros_ws/Panik/microros_ws/build/micro_ros_agent/agent/src/xrceagent-build/temp_install/spdlog-1.9.2/include/spdlog/formatter.h\n'}
[79.214076] (micro_ros_agent) StdoutLine: {'line': b'-- Installing: /home/ali/STM32CubeIDE/stm32_uros_ws/Panik/microros_ws/build/micro_ros_agent/agent/src/xrceagent-build/temp_install/spdlog-1.9.2/include/spdlog/async.h\n'}
[79.214105] (micro_ros_agent) StdoutLine: {'line': b'-- Installing: /home/ali/STM32CubeIDE/stm32_uros_ws/Panik/microros_ws/build/micro_ros_agent/agent/src/xrceagent-build/temp_install/spdlog-1.9.2/include/spdlog/fwd.h\n'}
[79.214134] (micro_ros_agent) StdoutLine: {'line': b'-- Installing: /home/ali/STM32CubeIDE/stm32_uros_ws/Panik/microros_ws/build/micro_ros_agent/agent/src/xrceagent-build/temp_install/spdlog-1.9.2/include/spdlog/async_logger.h\n'}
[79.214162] (micro_ros_agent) StdoutLine: {'line': b'-- Installing: /home/ali/STM32CubeIDE/stm32_uros_ws/Panik/microros_ws/build/micro_ros_agent/agent/src/xrceagent-build/temp_install/spdlog-1.9.2/include/spdlog/cfg\n'}
[79.214191] (micro_ros_agent) StdoutLine: {'line': b'-- Installing: /home/ali/STM32CubeIDE/stm32_uros_ws/Panik/microros_ws/build/micro_ros_agent/agent/src/xrceagent-build/temp_install/spdlog-1.9.2/include/spdlog/cfg/env.h\n'}
[79.214237] (micro_ros_agent) StdoutLine: {'line': b'-- Installing: /home/ali/STM32CubeIDE/stm32_uros_ws/Panik/microros_ws/build/micro_ros_agent/agent/src/xrceagent-build/temp_install/spdlog-1.9.2/include/spdlog/cfg/helpers.h\n'}
[79.214326] (micro_ros_agent) StdoutLine: {'line': b'-- Installing: /home/ali/STM32CubeIDE/stm32_uros_ws/Panik/microros_ws/build/micro_ros_agent/agent/src/xrceagent-build/temp_install/spdlog-1.9.2/include/spdlog/cfg/helpers-inl.h\n'}
[79.214358] (micro_ros_agent) StdoutLine: {'line': b'-- Installing: /home/ali/STM32CubeIDE/stm32_uros_ws/Panik/microros_ws/build/micro_ros_agent/agent/src/xrceagent-build/temp_install/spdlog-1.9.2/include/spdlog/cfg/argv.h\n'}
[79.214388] (micro_ros_agent) StdoutLine: {'line': b'-- Installing: /home/ali/STM32CubeIDE/stm32_uros_ws/Panik/microros_ws/build/micro_ros_agent/agent/src/xrceagent-build/temp_install/spdlog-1.9.2/include/spdlog/stopwatch.h\n'}
[79.214419] (micro_ros_agent) StdoutLine: {'line': b'-- Installing: /home/ali/STM32CubeIDE/stm32_uros_ws/Panik/microros_ws/build/micro_ros_agent/agent/src/xrceagent-build/temp_install/spdlog-1.9.2/include/spdlog/async_logger-inl.h\n'}
[79.214449] (micro_ros_agent) StdoutLine: {'line': b'-- Installing: /home/ali/STM32CubeIDE/stm32_uros_ws/Panik/microros_ws/build/micro_ros_agent/agent/src/xrceagent-build/temp_install/spdlog-1.9.2/include/spdlog/pattern_formatter.h\n'}
[79.214477] (micro_ros_agent) StdoutLine: {'line': b'-- Installing: /home/ali/STM32CubeIDE/stm32_uros_ws/Panik/microros_ws/build/micro_ros_agent/agent/src/xrceagent-build/temp_install/spdlog-1.9.2/include/spdlog/version.h\n'}
[79.214508] (micro_ros_agent) StdoutLine: {'line': b'-- Installing: /home/ali/STM32CubeIDE/stm32_uros_ws/Panik/microros_ws/build/micro_ros_agent/agent/src/xrceagent-build/temp_install/spdlog-1.9.2/include/spdlog/tweakme.h\n'}
[79.214539] (micro_ros_agent) StdoutLine: {'line': b'-- Installing: /home/ali/STM32CubeIDE/stm32_uros_ws/Panik/microros_ws/build/micro_ros_agent/agent/src/xrceagent-build/temp_install/spdlog-1.9.2/include/spdlog/sinks\n'}
[79.214572] (micro_ros_agent) StdoutLine: {'line': b'-- Installing: /home/ali/STM32CubeIDE/stm32_uros_ws/Panik/microros_ws/build/micro_ros_agent/agent/src/xrceagent-build/temp_install/spdlog-1.9.2/include/spdlog/sinks/android_sink.h\n'}
[79.214606] (micro_ros_agent) StdoutLine: {'line': b'-- Installing: /home/ali/STM32CubeIDE/stm32_uros_ws/Panik/microros_ws/build/micro_ros_agent/agent/src/xrceagent-build/temp_install/spdlog-1.9.2/include/spdlog/sinks/win_eventlog_sink.h\n'}
[79.214638] (micro_ros_agent) StdoutLine: {'line': b'-- Installing: /home/ali/STM32CubeIDE/stm32_uros_ws/Panik/microros_ws/build/micro_ros_agent/agent/src/xrceagent-build/temp_install/spdlog-1.9.2/include/spdlog/sinks/qt_sinks.h\n'}
[79.214670] (micro_ros_agent) StdoutLine: {'line': b'-- Installing: /home/ali/STM32CubeIDE/stm32_uros_ws/Panik/microros_ws/build/micro_ros_agent/agent/src/xrceagent-build/temp_install/spdlog-1.9.2/include/spdlog/sinks/daily_file_sink.h\n'}
[79.214699] (micro_ros_agent) StdoutLine: {'line': b'-- Installing: /home/ali/STM32CubeIDE/stm32_uros_ws/Panik/microros_ws/build/micro_ros_agent/agent/src/xrceagent-build/temp_install/spdlog-1.9.2/include/spdlog/sinks/msvc_sink.h\n'}
[79.214728] (micro_ros_agent) StdoutLine: {'line': b'-- Installing: /home/ali/STM32CubeIDE/stm32_uros_ws/Panik/microros_ws/build/micro_ros_agent/agent/src/xrceagent-build/temp_install/spdlog-1.9.2/include/spdlog/sinks/ansicolor_sink.h\n'}
[79.214758] (micro_ros_agent) StdoutLine: {'line': b'-- Installing: /home/ali/STM32CubeIDE/stm32_uros_ws/Panik/microros_ws/build/micro_ros_agent/agent/src/xrceagent-build/temp_install/spdlog-1.9.2/include/spdlog/sinks/stdout_color_sinks.h\n'}
[79.214789] (micro_ros_agent) StdoutLine: {'line': b'-- Installing: /home/ali/STM32CubeIDE/stm32_uros_ws/Panik/microros_ws/build/micro_ros_agent/agent/src/xrceagent-build/temp_install/spdlog-1.9.2/include/spdlog/sinks/stdout_sinks-inl.h\n'}
[79.214820] (micro_ros_agent) StdoutLine: {'line': b'-- Installing: /home/ali/STM32CubeIDE/stm32_uros_ws/Panik/microros_ws/build/micro_ros_agent/agent/src/xrceagent-build/temp_install/spdlog-1.9.2/include/spdlog/sinks/base_sink.h\n'}
[79.214850] (micro_ros_agent) StdoutLine: {'line': b'-- Installing: /home/ali/STM32CubeIDE/stm32_uros_ws/Panik/microros_ws/build/micro_ros_agent/agent/src/xrceagent-build/temp_install/spdlog-1.9.2/include/spdlog/sinks/wincolor_sink.h\n'}
[79.214879] (micro_ros_agent) StdoutLine: {'line': b'-- Installing: /home/ali/STM32CubeIDE/stm32_uros_ws/Panik/microros_ws/build/micro_ros_agent/agent/src/xrceagent-build/temp_install/spdlog-1.9.2/include/spdlog/sinks/ringbuffer_sink.h\n'}
[79.214908] (micro_ros_agent) StdoutLine: {'line': b'-- Installing: /home/ali/STM32CubeIDE/stm32_uros_ws/Panik/microros_ws/build/micro_ros_agent/agent/src/xrceagent-build/temp_install/spdlog-1.9.2/include/spdlog/sinks/base_sink-inl.h\n'}
[79.214937] (micro_ros_agent) StdoutLine: {'line': b'-- Installing: /home/ali/STM32CubeIDE/stm32_uros_ws/Panik/microros_ws/build/micro_ros_agent/agent/src/xrceagent-build/temp_install/spdlog-1.9.2/include/spdlog/sinks/basic_file_sink.h\n'}
[79.214965] (micro_ros_agent) StdoutLine: {'line': b'-- Installing: /home/ali/STM32CubeIDE/stm32_uros_ws/Panik/microros_ws/build/micro_ros_agent/agent/src/xrceagent-build/temp_install/spdlog-1.9.2/include/spdlog/sinks/dup_filter_sink.h\n'}
[79.214993] (micro_ros_agent) StdoutLine: {'line': b'-- Installing: /home/ali/STM32CubeIDE/stm32_uros_ws/Panik/microros_ws/build/micro_ros_agent/agent/src/xrceagent-build/temp_install/spdlog-1.9.2/include/spdlog/sinks/syslog_sink.h\n'}
[79.215022] (micro_ros_agent) StdoutLine: {'line': b'-- Installing: /home/ali/STM32CubeIDE/stm32_uros_ws/Panik/microros_ws/build/micro_ros_agent/agent/src/xrceagent-build/temp_install/spdlog-1.9.2/include/spdlog/sinks/rotating_file_sink-inl.h\n'}
[79.215051] (micro_ros_agent) StdoutLine: {'line': b'-- Installing: /home/ali/STM32CubeIDE/stm32_uros_ws/Panik/microros_ws/build/micro_ros_agent/agent/src/xrceagent-build/temp_install/spdlog-1.9.2/include/spdlog/sinks/systemd_sink.h\n'}
[79.215081] (micro_ros_agent) StdoutLine: {'line': b'-- Installing: /home/ali/STM32CubeIDE/stm32_uros_ws/Panik/microros_ws/build/micro_ros_agent/agent/src/xrceagent-build/temp_install/spdlog-1.9.2/include/spdlog/sinks/ansicolor_sink-inl.h\n'}
[79.215124] (micro_ros_agent) StdoutLine: {'line': b'-- Installing: /home/ali/STM32CubeIDE/stm32_uros_ws/Panik/microros_ws/build/micro_ros_agent/agent/src/xrceagent-build/temp_install/spdlog-1.9.2/include/spdlog/sinks/sink-inl.h\n'}
[79.215190] (micro_ros_agent) StdoutLine: {'line': b'-- Installing: /home/ali/STM32CubeIDE/stm32_uros_ws/Panik/microros_ws/build/micro_ros_agent/agent/src/xrceagent-build/temp_install/spdlog-1.9.2/include/spdlog/sinks/tcp_sink.h\n'}
[79.215222] (micro_ros_agent) StdoutLine: {'line': b'-- Installing: /home/ali/STM32CubeIDE/stm32_uros_ws/Panik/microros_ws/build/micro_ros_agent/agent/src/xrceagent-build/temp_install/spdlog-1.9.2/include/spdlog/sinks/basic_file_sink-inl.h\n'}
[79.215251] (micro_ros_agent) StdoutLine: {'line': b'-- Installing: /home/ali/STM32CubeIDE/stm32_uros_ws/Panik/microros_ws/build/micro_ros_agent/agent/src/xrceagent-build/temp_install/spdlog-1.9.2/include/spdlog/sinks/mongo_sink.h\n'}
[79.215279] (micro_ros_agent) StdoutLine: {'line': b'-- Installing: /home/ali/STM32CubeIDE/stm32_uros_ws/Panik/microros_ws/build/micro_ros_agent/agent/src/xrceagent-build/temp_install/spdlog-1.9.2/include/spdlog/sinks/rotating_file_sink.h\n'}
[79.215306] (micro_ros_agent) StdoutLine: {'line': b'-- Installing: /home/ali/STM32CubeIDE/stm32_uros_ws/Panik/microros_ws/build/micro_ros_agent/agent/src/xrceagent-build/temp_install/spdlog-1.9.2/include/spdlog/sinks/null_sink.h\n'}
[79.215336] (micro_ros_agent) StdoutLine: {'line': b'-- Installing: /home/ali/STM32CubeIDE/stm32_uros_ws/Panik/microros_ws/build/micro_ros_agent/agent/src/xrceagent-build/temp_install/spdlog-1.9.2/include/spdlog/sinks/ostream_sink.h\n'}
[79.215364] (micro_ros_agent) StdoutLine: {'line': b'-- Installing: /home/ali/STM32CubeIDE/stm32_uros_ws/Panik/microros_ws/build/micro_ros_agent/agent/src/xrceagent-build/temp_install/spdlog-1.9.2/include/spdlog/sinks/hourly_file_sink.h\n'}
[79.215394] (micro_ros_agent) StdoutLine: {'line': b'-- Installing: /home/ali/STM32CubeIDE/stm32_uros_ws/Panik/microros_ws/build/micro_ros_agent/agent/src/xrceagent-build/temp_install/spdlog-1.9.2/include/spdlog/sinks/wincolor_sink-inl.h\n'}
[79.215424] (micro_ros_agent) StdoutLine: {'line': b'-- Installing: /home/ali/STM32CubeIDE/stm32_uros_ws/Panik/microros_ws/build/micro_ros_agent/agent/src/xrceagent-build/temp_install/spdlog-1.9.2/include/spdlog/sinks/stdout_color_sinks-inl.h\n'}
[79.215453] (micro_ros_agent) StdoutLine: {'line': b'-- Installing: /home/ali/STM32CubeIDE/stm32_uros_ws/Panik/microros_ws/build/micro_ros_agent/agent/src/xrceagent-build/temp_install/spdlog-1.9.2/include/spdlog/sinks/stdout_sinks.h\n'}
[79.215486] (micro_ros_agent) StdoutLine: {'line': b'-- Installing: /home/ali/STM32CubeIDE/stm32_uros_ws/Panik/microros_ws/build/micro_ros_agent/agent/src/xrceagent-build/temp_install/spdlog-1.9.2/include/spdlog/sinks/sink.h\n'}
[79.215523] (micro_ros_agent) StdoutLine: {'line': b'-- Installing: /home/ali/STM32CubeIDE/stm32_uros_ws/Panik/microros_ws/build/micro_ros_agent/agent/src/xrceagent-build/temp_install/spdlog-1.9.2/include/spdlog/sinks/dist_sink.h\n'}
[79.215554] (micro_ros_agent) StdoutLine: {'line': b'-- Installing: /home/ali/STM32CubeIDE/stm32_uros_ws/Panik/microros_ws/build/micro_ros_agent/agent/src/xrceagent-build/temp_install/spdlog-1.9.2/include/spdlog/spdlog-inl.h\n'}
[79.215587] (micro_ros_agent) StdoutLine: {'line': b'-- Installing: /home/ali/STM32CubeIDE/stm32_uros_ws/Panik/microros_ws/build/micro_ros_agent/agent/src/xrceagent-build/temp_install/spdlog-1.9.2/lib/libspdlog.a\n'}
[79.215634] (micro_ros_agent) StdoutLine: {'line': b'-- Installing: /home/ali/STM32CubeIDE/stm32_uros_ws/Panik/microros_ws/build/micro_ros_agent/agent/src/xrceagent-build/temp_install/spdlog-1.9.2/include/spdlog/fmt/bundled/\n'}
[79.215683] (micro_ros_agent) StdoutLine: {'line': b'-- Installing: /home/ali/STM32CubeIDE/stm32_uros_ws/Panik/microros_ws/build/micro_ros_agent/agent/src/xrceagent-build/temp_install/spdlog-1.9.2/include/spdlog/fmt/bundled//core.h\n'}
[79.215731] (micro_ros_agent) StdoutLine: {'line': b'-- Installing: /home/ali/STM32CubeIDE/stm32_uros_ws/Panik/microros_ws/build/micro_ros_agent/agent/src/xrceagent-build/temp_install/spdlog-1.9.2/include/spdlog/fmt/bundled//chrono.h\n'}
[79.215777] (micro_ros_agent) StdoutLine: {'line': b'-- Installing: /home/ali/STM32CubeIDE/stm32_uros_ws/Panik/microros_ws/build/micro_ros_agent/agent/src/xrceagent-build/temp_install/spdlog-1.9.2/include/spdlog/fmt/bundled//compile.h\n'}
[79.215824] (micro_ros_agent) StdoutLine: {'line': b'-- Installing: /home/ali/STM32CubeIDE/stm32_uros_ws/Panik/microros_ws/build/micro_ros_agent/agent/src/xrceagent-build/temp_install/spdlog-1.9.2/include/spdlog/fmt/bundled//color.h\n'}
[79.215870] (micro_ros_agent) StdoutLine: {'line': b'-- Installing: /home/ali/STM32CubeIDE/stm32_uros_ws/Panik/microros_ws/build/micro_ros_agent/agent/src/xrceagent-build/temp_install/spdlog-1.9.2/include/spdlog/fmt/bundled//ranges.h\n'}
[79.215916] (micro_ros_agent) StdoutLine: {'line': b'-- Installing: /home/ali/STM32CubeIDE/stm32_uros_ws/Panik/microros_ws/build/micro_ros_agent/agent/src/xrceagent-build/temp_install/spdlog-1.9.2/include/spdlog/fmt/bundled//printf.h\n'}
[79.215962] (micro_ros_agent) StdoutLine: {'line': b'-- Installing: /home/ali/STM32CubeIDE/stm32_uros_ws/Panik/microros_ws/build/micro_ros_agent/agent/src/xrceagent-build/temp_install/spdlog-1.9.2/include/spdlog/fmt/bundled//os.h\n'}
[79.216007] (micro_ros_agent) StdoutLine: {'line': b'-- Installing: /home/ali/STM32CubeIDE/stm32_uros_ws/Panik/microros_ws/build/micro_ros_agent/agent/src/xrceagent-build/temp_install/spdlog-1.9.2/include/spdlog/fmt/bundled//args.h\n'}
[79.216048] (micro_ros_agent) StdoutLine: {'line': b'-- Installing: /home/ali/STM32CubeIDE/stm32_uros_ws/Panik/microros_ws/build/micro_ros_agent/agent/src/xrceagent-build/temp_install/spdlog-1.9.2/include/spdlog/fmt/bundled//format-inl.h\n'}
[79.216132] (micro_ros_agent) StdoutLine: {'line': b'-- Installing: /home/ali/STM32CubeIDE/stm32_uros_ws/Panik/microros_ws/build/micro_ros_agent/agent/src/xrceagent-build/temp_install/spdlog-1.9.2/include/spdlog/fmt/bundled//ostream.h\n'}
[79.216177] (micro_ros_agent) StdoutLine: {'line': b'-- Installing: /home/ali/STM32CubeIDE/stm32_uros_ws/Panik/microros_ws/build/micro_ros_agent/agent/src/xrceagent-build/temp_install/spdlog-1.9.2/include/spdlog/fmt/bundled//xchar.h\n'}
[79.216222] (micro_ros_agent) StdoutLine: {'line': b'-- Installing: /home/ali/STM32CubeIDE/stm32_uros_ws/Panik/microros_ws/build/micro_ros_agent/agent/src/xrceagent-build/temp_install/spdlog-1.9.2/include/spdlog/fmt/bundled//locale.h\n'}
[79.216267] (micro_ros_agent) StdoutLine: {'line': b'-- Installing: /home/ali/STM32CubeIDE/stm32_uros_ws/Panik/microros_ws/build/micro_ros_agent/agent/src/xrceagent-build/temp_install/spdlog-1.9.2/include/spdlog/fmt/bundled//format.h\n'}
[79.216374] (micro_ros_agent) StdoutLine: {'line': b'-- Installing: /home/ali/STM32CubeIDE/stm32_uros_ws/Panik/microros_ws/build/micro_ros_agent/agent/src/xrceagent-build/temp_install/spdlog-1.9.2/lib/pkgconfig/spdlog.pc\n'}
[79.216472] (micro_ros_agent) StdoutLine: {'line': b'-- Installing: /home/ali/STM32CubeIDE/stm32_uros_ws/Panik/microros_ws/build/micro_ros_agent/agent/src/xrceagent-build/temp_install/spdlog-1.9.2/lib/cmake/spdlog/spdlogConfigTargets.cmake\n'}
[79.216541] (micro_ros_agent) StdoutLine: {'line': b'-- Installing: /home/ali/STM32CubeIDE/stm32_uros_ws/Panik/microros_ws/build/micro_ros_agent/agent/src/xrceagent-build/temp_install/spdlog-1.9.2/lib/cmake/spdlog/spdlogConfigTargets-release.cmake\n'}
[79.216593] (micro_ros_agent) StdoutLine: {'line': b'-- Installing: /home/ali/STM32CubeIDE/stm32_uros_ws/Panik/microros_ws/build/micro_ros_agent/agent/src/xrceagent-build/temp_install/spdlog-1.9.2/lib/cmake/spdlog/spdlogConfig.cmake\n'}
[79.216643] (micro_ros_agent) StdoutLine: {'line': b'-- Installing: /home/ali/STM32CubeIDE/stm32_uros_ws/Panik/microros_ws/build/micro_ros_agent/agent/src/xrceagent-build/temp_install/spdlog-1.9.2/lib/cmake/spdlog/spdlogConfigVersion.cmake\n'}
[79.231175] (micro_ros_agent) StdoutLine: {'line': b"[ 43%] \x1b[34m\x1b[1mCompleted 'spdlog'\x1b[0m\n"}
[79.253755] (-) TimerEvent: {}
[79.260102] (micro_ros_agent) StdoutLine: {'line': b'[ 50%] Built target spdlog\n'}
[79.278309] (micro_ros_agent) StdoutLine: {'line': b"[ 56%] \x1b[34m\x1b[1mCreating directories for 'uagent'\x1b[0m\n"}
[79.305912] (micro_ros_agent) StdoutLine: {'line': b"[ 62%] \x1b[34m\x1b[1mNo download step for 'uagent'\x1b[0m\n"}
[79.326764] (micro_ros_agent) StdoutLine: {'line': b"[ 68%] \x1b[34m\x1b[1mNo update step for 'uagent'\x1b[0m\n"}
[79.346297] (micro_ros_agent) StdoutLine: {'line': b"[ 75%] \x1b[34m\x1b[1mNo patch step for 'uagent'\x1b[0m\n"}
[79.353838] (-) TimerEvent: {}
[79.371514] (micro_ros_agent) StdoutLine: {'line': b"[ 81%] \x1b[34m\x1b[1mPerforming configure step for 'uagent'\x1b[0m\n"}
[79.384313] (micro_ros_agent) StdoutLine: {'line': b'loading initial cache file /home/ali/STM32CubeIDE/stm32_uros_ws/Panik/microros_ws/build/micro_ros_agent/agent/src/xrceagent-build/uagent-prefix/tmp/uagent-cache-.cmake\n'}
[79.390632] (micro_ros_agent) StdoutLine: {'line': b"-- Setting build type to 'Release' as none was specified.\n"}
[79.407464] (micro_ros_agent) StdoutLine: {'line': b'-- Found TinyXML2: /usr/lib/x86_64-linux-gnu/cmake/tinyxml2\n'}
[79.453950] (-) TimerEvent: {}
[79.481696] (micro_ros_agent) StdoutLine: {'line': b'-- Found OpenSSL: /usr/lib/x86_64-linux-gnu/libcrypto.so (found version "3.0.13")  \n'}
[79.484997] (micro_ros_agent) StdoutLine: {'line': b'-- Performing Test CMAKE_HAVE_LIBC_PTHREAD\n'}
[79.554092] (-) TimerEvent: {}
[79.566920] (micro_ros_agent) StdoutLine: {'line': b'-- Performing Test CMAKE_HAVE_LIBC_PTHREAD - Success\n'}
[79.567599] (micro_ros_agent) StdoutLine: {'line': b'-- Found Threads: TRUE  \n'}
[79.569953] (micro_ros_agent) StdoutLine: {'line': b'-- Configuring done (0.2s)\n'}
[79.575503] (micro_ros_agent) StdoutLine: {'line': b'-- Generating done (0.0s)\n'}
[79.575850] (micro_ros_agent) StdoutLine: {'line': b'-- Build files have been written to: /home/ali/STM32CubeIDE/stm32_uros_ws/Panik/microros_ws/build/micro_ros_agent/agent/src/xrceagent-build\n'}
[79.589534] (micro_ros_agent) StdoutLine: {'line': b"[ 87%] \x1b[34m\x1b[1mPerforming build step for 'uagent'\x1b[0m\n"}
[79.637573] (micro_ros_agent) StdoutLine: {'line': b'[  7%] \x1b[32mBuilding CXX object CMakeFiles/microxrcedds_agent.dir/src/cpp/datawriter/DataWriter.cpp.o\x1b[0m\n'}
[79.637767] (micro_ros_agent) StdoutLine: {'line': b'[ 19%] \x1b[32mBuilding CXX object CMakeFiles/microxrcedds_agent.dir/src/cpp/client/ProxyClient.cpp.o\x1b[0m\n'}
[79.637875] (micro_ros_agent) StdoutLine: {'line': b'[ 19%] \x1b[32mBuilding CXX object CMakeFiles/microxrcedds_agent.dir/src/cpp/AgentInstance.cpp.o\x1b[0m\n'}
[79.637934] (micro_ros_agent) StdoutLine: {'line': b'[ 19%] \x1b[32mBuilding CXX object CMakeFiles/microxrcedds_agent.dir/src/cpp/Root.cpp.o\x1b[0m\n'}
[79.637990] (micro_ros_agent) StdoutLine: {'line': b'[ 19%] \x1b[32mBuilding CXX object CMakeFiles/microxrcedds_agent.dir/src/cpp/topic/Topic.cpp.o\x1b[0m\n'}
[79.638046] (micro_ros_agent) StdoutLine: {'line': b'[ 19%] \x1b[32mBuilding CXX object CMakeFiles/microxrcedds_agent.dir/src/cpp/processor/Processor.cpp.o\x1b[0m\n'}
[79.638101] (micro_ros_agent) StdoutLine: {'line': b'[ 19%] \x1b[32mBuilding CXX object CMakeFiles/microxrcedds_agent.dir/src/cpp/participant/Participant.cpp.o\x1b[0m\n'}
[79.638153] (micro_ros_agent) StdoutLine: {'line': b'[ 23%] \x1b[32mBuilding CXX object CMakeFiles/microxrcedds_agent.dir/src/cpp/subscriber/Subscriber.cpp.o\x1b[0m\n'}
[79.638205] (micro_ros_agent) StdoutLine: {'line': b'[ 23%] \x1b[32mBuilding CXX object CMakeFiles/microxrcedds_agent.dir/src/cpp/datareader/DataReader.cpp.o\x1b[0m\n'}
[79.638257] (micro_ros_agent) StdoutLine: {'line': b'[ 19%] \x1b[32mBuilding CXX object CMakeFiles/microxrcedds_agent.dir/src/cpp/Agent.cpp.o\x1b[0m\n'}
[79.638310] (micro_ros_agent) StdoutLine: {'line': b'[ 26%] \x1b[32mBuilding CXX object CMakeFiles/microxrcedds_agent.dir/src/cpp/publisher/Publisher.cpp.o\x1b[0m\n'}
[79.638358] (micro_ros_agent) StdoutLine: {'line': b'[ 28%] \x1b[32mBuilding CXX object CMakeFiles/microxrcedds_agent.dir/src/cpp/object/XRCEObject.cpp.o\x1b[0m\n'}
[79.638460] (micro_ros_agent) StdoutLine: {'line': b'[ 30%] \x1b[32mBuilding CXX object CMakeFiles/microxrcedds_agent.dir/src/cpp/types/SubMessageHeader.cpp.o\x1b[0m\n'}
[79.638529] (micro_ros_agent) StdoutLine: {'line': b'[ 33%] \x1b[32mBuilding CXX object CMakeFiles/microxrcedds_agent.dir/src/cpp/requester/Requester.cpp.o\x1b[0m\n'}
[79.638579] (micro_ros_agent) StdoutLine: {'line': b'[ 35%] \x1b[32mBuilding CXX object CMakeFiles/microxrcedds_agent.dir/src/cpp/message/InputMessage.cpp.o\x1b[0m\n'}
[79.638702] (micro_ros_agent) StdoutLine: {'line': b'[ 38%] \x1b[32mBuilding CXX object CMakeFiles/microxrcedds_agent.dir/src/cpp/types/MessageHeader.cpp.o\x1b[0m\n'}
[79.639216] (micro_ros_agent) StdoutLine: {'line': b'[ 42%] \x1b[32mBuilding CXX object CMakeFiles/microxrcedds_agent.dir/src/cpp/replier/Replier.cpp.o\x1b[0m\n'}
[79.639359] (micro_ros_agent) StdoutLine: {'line': b'[ 40%] \x1b[32mBuilding CXX object CMakeFiles/microxrcedds_agent.dir/src/cpp/utils/ArgumentParser.cpp.o\x1b[0m\n'}
[79.639461] (micro_ros_agent) StdoutLine: {'line': b'[ 45%] \x1b[32mBuilding CXX object CMakeFiles/microxrcedds_agent.dir/src/cpp/message/OutputMessage.cpp.o\x1b[0m\n'}
[79.643392] (micro_ros_agent) StdoutLine: {'line': b'[ 47%] \x1b[32mBuilding CXX object CMakeFiles/microxrcedds_agent.dir/src/cpp/types/XRCETypes.cpp.o\x1b[0m\n'}
[79.654193] (-) TimerEvent: {}
[79.754461] (-) TimerEvent: {}
[79.855553] (-) TimerEvent: {}
[79.955839] (-) TimerEvent: {}
[80.056164] (-) TimerEvent: {}
[80.168871] (-) TimerEvent: {}
[80.177799] (micro_ros_agent) StdoutLine: {'line': b'[ 50%] \x1b[32mBuilding CXX object CMakeFiles/microxrcedds_agent.dir/src/cpp/transport/Server.cpp.o\x1b[0m\n'}
[80.186838] (micro_ros_agent) StdoutLine: {'line': b'[ 52%] \x1b[32mBuilding CXX object CMakeFiles/microxrcedds_agent.dir/src/cpp/transport/stream_framing/StreamFramingProtocol.cpp.o\x1b[0m\n'}
[80.270593] (-) TimerEvent: {}
[80.311579] (micro_ros_agent) StdoutLine: {'line': b'[ 54%] \x1b[32mBuilding CXX object CMakeFiles/microxrcedds_agent.dir/src/cpp/transport/custom/CustomAgent.cpp.o\x1b[0m\n'}
[80.370717] (-) TimerEvent: {}
[80.430268] (micro_ros_agent) StdoutLine: {'line': b'[ 57%] \x1b[32mBuilding CXX object CMakeFiles/microxrcedds_agent.dir/src/cpp/transport/udp/UDPv4AgentLinux.cpp.o\x1b[0m\n'}
[80.470819] (-) TimerEvent: {}
[80.571119] (-) TimerEvent: {}
[80.650644] (micro_ros_agent) StdoutLine: {'line': b'[ 59%] \x1b[32mBuilding CXX object CMakeFiles/microxrcedds_agent.dir/src/cpp/transport/udp/UDPv6AgentLinux.cpp.o\x1b[0m\n'}
[80.671242] (-) TimerEvent: {}
[80.771561] (-) TimerEvent: {}
[80.871888] (-) TimerEvent: {}
[80.972233] (-) TimerEvent: {}
[80.976228] (micro_ros_agent) StdoutLine: {'line': b'[ 61%] \x1b[32mBuilding CXX object CMakeFiles/microxrcedds_agent.dir/src/cpp/transport/tcp/TCPv4AgentLinux.cpp.o\x1b[0m\n'}
[81.072353] (-) TimerEvent: {}
[81.096607] (micro_ros_agent) StdoutLine: {'line': b'[ 64%] \x1b[32mBuilding CXX object CMakeFiles/microxrcedds_agent.dir/src/cpp/transport/tcp/TCPv6AgentLinux.cpp.o\x1b[0m\n'}
[81.118820] (micro_ros_agent) StdoutLine: {'line': b'[ 66%] \x1b[32mBuilding CXX object CMakeFiles/microxrcedds_agent.dir/src/cpp/transport/serial/SerialAgentLinux.cpp.o\x1b[0m\n'}
[81.172473] (-) TimerEvent: {}
[81.272792] (-) TimerEvent: {}
[81.373139] (-) TimerEvent: {}
[81.473462] (-) TimerEvent: {}
[81.573790] (-) TimerEvent: {}
[81.674106] (-) TimerEvent: {}
[81.720596] (micro_ros_agent) StdoutLine: {'line': b'[ 69%] \x1b[32mBuilding CXX object CMakeFiles/microxrcedds_agent.dir/src/cpp/transport/serial/TermiosAgentLinux.cpp.o\x1b[0m\n'}
[81.774215] (-) TimerEvent: {}
[81.877547] (-) TimerEvent: {}
[81.977861] (-) TimerEvent: {}
[82.078183] (-) TimerEvent: {}
[82.178510] (-) TimerEvent: {}
[82.278833] (-) TimerEvent: {}
[82.379174] (-) TimerEvent: {}
[82.479507] (-) TimerEvent: {}
[82.580805] (-) TimerEvent: {}
[82.681085] (-) TimerEvent: {}
[82.781387] (-) TimerEvent: {}
[82.881692] (-) TimerEvent: {}
[82.983732] (-) TimerEvent: {}
[83.084007] (-) TimerEvent: {}
[83.147845] (micro_ros_agent) StdoutLine: {'line': b'[ 71%] \x1b[32mBuilding CXX object CMakeFiles/microxrcedds_agent.dir/src/cpp/transport/serial/MultiSerialAgentLinux.cpp.o\x1b[0m\n'}
[83.163146] (micro_ros_agent) StdoutLine: {'line': b'[ 73%] \x1b[32mBuilding CXX object CMakeFiles/microxrcedds_agent.dir/src/cpp/transport/serial/MultiTermiosAgentLinux.cpp.o\x1b[0m\n'}
[83.184118] (-) TimerEvent: {}
[83.285417] (-) TimerEvent: {}
[83.385702] (-) TimerEvent: {}
[83.487852] (-) TimerEvent: {}
[83.588129] (-) TimerEvent: {}
[83.688413] (-) TimerEvent: {}
[83.788701] (-) TimerEvent: {}
[83.889679] (-) TimerEvent: {}
[83.926055] (micro_ros_agent) StdoutLine: {'line': b'[ 76%] \x1b[32mBuilding CXX object CMakeFiles/microxrcedds_agent.dir/src/cpp/transport/serial/PseudoTerminalAgentLinux.cpp.o\x1b[0m\n'}
[83.989781] (-) TimerEvent: {}
[84.091470] (-) TimerEvent: {}
[84.192552] (-) TimerEvent: {}
[84.204713] (micro_ros_agent) StdoutLine: {'line': b'[ 78%] \x1b[32mBuilding CXX object CMakeFiles/microxrcedds_agent.dir/src/cpp/transport/can/CanAgentLinux.cpp.o\x1b[0m\n'}
[84.292665] (-) TimerEvent: {}
[84.304550] (micro_ros_agent) StdoutLine: {'line': b'[ 80%] \x1b[32mBuilding CXX object CMakeFiles/microxrcedds_agent.dir/src/cpp/transport/discovery/DiscoveryServerLinux.cpp.o\x1b[0m\n'}
[84.392771] (-) TimerEvent: {}
[84.447901] (micro_ros_agent) StdoutLine: {'line': b'[ 83%] \x1b[32mBuilding CXX object CMakeFiles/microxrcedds_agent.dir/src/cpp/transport/discovery/DiscoveryServer.cpp.o\x1b[0m\n'}
[84.492883] (-) TimerEvent: {}
[84.593185] (-) TimerEvent: {}
[84.641876] (micro_ros_agent) StdoutLine: {'line': b'[ 85%] \x1b[32mBuilding CXX object CMakeFiles/microxrcedds_agent.dir/src/cpp/types/TopicPubSubType.cpp.o\x1b[0m\n'}
[84.695724] (-) TimerEvent: {}
[84.786549] (micro_ros_agent) StdoutLine: {'line': b'[ 88%] \x1b[32mBuilding CXX object CMakeFiles/microxrcedds_agent.dir/src/cpp/xmlobjects/xmlobjects.cpp.o\x1b[0m\n'}
[84.795834] (-) TimerEvent: {}
[84.896130] (-) TimerEvent: {}
[84.913322] (micro_ros_agent) StdoutLine: {'line': b'[ 90%] \x1b[32mBuilding CXX object CMakeFiles/microxrcedds_agent.dir/src/cpp/middleware/fast/FastEntities.cpp.o\x1b[0m\n'}
[84.996245] (-) TimerEvent: {}
[85.096988] (-) TimerEvent: {}
[85.119261] (micro_ros_agent) StdoutLine: {'line': b'[ 92%] \x1b[32mBuilding CXX object CMakeFiles/microxrcedds_agent.dir/src/cpp/middleware/fast/FastMiddleware.cpp.o\x1b[0m\n'}
[85.197101] (-) TimerEvent: {}
[85.281872] (micro_ros_agent) StdoutLine: {'line': b'[ 95%] \x1b[32mBuilding CXX object CMakeFiles/microxrcedds_agent.dir/src/cpp/middleware/fastdds/FastDDSEntities.cpp.o\x1b[0m\n'}
[85.297219] (-) TimerEvent: {}
[85.397535] (-) TimerEvent: {}
[85.469249] (micro_ros_agent) StdoutLine: {'line': b'[ 97%] \x1b[32mBuilding CXX object CMakeFiles/microxrcedds_agent.dir/src/cpp/middleware/fastdds/FastDDSMiddleware.cpp.o\x1b[0m\n'}
[85.497650] (-) TimerEvent: {}
[85.597963] (-) TimerEvent: {}
[85.699551] (-) TimerEvent: {}
[85.799846] (-) TimerEvent: {}
[85.900146] (-) TimerEvent: {}
[86.000461] (-) TimerEvent: {}
[86.100773] (-) TimerEvent: {}
[86.204555] (-) TimerEvent: {}
[86.304866] (-) TimerEvent: {}
[86.405180] (-) TimerEvent: {}
[86.505472] (-) TimerEvent: {}
[86.605724] (-) TimerEvent: {}
[86.705990] (-) TimerEvent: {}
[86.806269] (-) TimerEvent: {}
[86.906553] (-) TimerEvent: {}
[87.006835] (-) TimerEvent: {}
[87.107115] (-) TimerEvent: {}
[87.207391] (-) TimerEvent: {}
[87.307664] (-) TimerEvent: {}
[87.407920] (-) TimerEvent: {}
[87.508179] (-) TimerEvent: {}
[87.608436] (-) TimerEvent: {}
[87.708729] (-) TimerEvent: {}
[87.809112] (-) TimerEvent: {}
[87.909491] (-) TimerEvent: {}
[88.009734] (-) TimerEvent: {}
[88.110024] (-) TimerEvent: {}
[88.210292] (-) TimerEvent: {}
[88.310538] (-) TimerEvent: {}
[88.410789] (-) TimerEvent: {}
[88.511182] (-) TimerEvent: {}
[88.611556] (-) TimerEvent: {}
[88.711876] (-) TimerEvent: {}
[88.812245] (-) TimerEvent: {}
[88.912619] (-) TimerEvent: {}
[89.012863] (-) TimerEvent: {}
[89.113105] (-) TimerEvent: {}
[89.213380] (-) TimerEvent: {}
[89.313667] (-) TimerEvent: {}
[89.413945] (-) TimerEvent: {}
[89.514187] (-) TimerEvent: {}
[89.614544] (-) TimerEvent: {}
[89.714902] (-) TimerEvent: {}
[89.815254] (-) TimerEvent: {}
[89.915602] (-) TimerEvent: {}
[90.015965] (-) TimerEvent: {}
[90.116331] (-) TimerEvent: {}
[90.216690] (-) TimerEvent: {}
[90.317010] (-) TimerEvent: {}
[90.417274] (-) TimerEvent: {}
[90.517626] (-) TimerEvent: {}
[90.617880] (-) TimerEvent: {}
[90.718124] (-) TimerEvent: {}
[90.818472] (-) TimerEvent: {}
[90.918744] (-) TimerEvent: {}
[91.018712] (micro_ros_agent) StdoutLine: {'line': b'[100%] \x1b[32m\x1b[1mLinking CXX shared library libmicroxrcedds_agent.so\x1b[0m\n'}
[91.018903] (-) TimerEvent: {}
[91.119212] (-) TimerEvent: {}
[91.182684] (micro_ros_agent) StdoutLine: {'line': b'[100%] Built target microxrcedds_agent\n'}
[91.198323] (micro_ros_agent) StdoutLine: {'line': b"\x1b[34m\x1b[1mNo install step for 'uagent'\x1b[0m\n"}
[91.213365] (micro_ros_agent) StdoutLine: {'line': b"\x1b[34m\x1b[1mCompleted 'uagent'\x1b[0m\n"}
[91.219333] (-) TimerEvent: {}
[91.237677] (micro_ros_agent) StdoutLine: {'line': b'Built target uagent\n'}
[91.255624] (micro_ros_agent) StdoutLine: {'line': b"[ 31%] \x1b[34m\x1b[1mPerforming install step for 'xrceagent'\x1b[0m\n"}
[91.319519] (-) TimerEvent: {}
[91.327196] (micro_ros_agent) StdoutLine: {'line': b'[100%] Built target microxrcedds_agent\n'}
[91.341494] (micro_ros_agent) StdoutLine: {'line': b'\x1b[36mInstall the project...\x1b[0m\n'}
[91.347370] (micro_ros_agent) StdoutLine: {'line': b'-- Install configuration: "Release"\n'}
[91.347830] (micro_ros_agent) StdoutLine: {'line': b'-- Installing: /home/ali/STM32CubeIDE/stm32_uros_ws/Panik/microros_ws/install/micro_ros_agent/lib/libmicroxrcedds_agent.so.2.4.3\n'}
[91.349793] (micro_ros_agent) StdoutLine: {'line': b'-- Installing: /home/ali/STM32CubeIDE/stm32_uros_ws/Panik/microros_ws/install/micro_ros_agent/lib/libmicroxrcedds_agent.so.2.4\n'}
[91.351640] (micro_ros_agent) StdoutLine: {'line': b'-- Set non-toolchain portion of runtime path of "/home/ali/STM32CubeIDE/stm32_uros_ws/Panik/microros_ws/install/micro_ros_agent/lib/libmicroxrcedds_agent.so.2.4.3" to ""\n'}
[91.351772] (micro_ros_agent) StdoutLine: {'line': b'-- Installing: /home/ali/STM32CubeIDE/stm32_uros_ws/Panik/microros_ws/install/micro_ros_agent/lib/libmicroxrcedds_agent.so\n'}
[91.351831] (micro_ros_agent) StdoutLine: {'line': b'-- Installing: /home/ali/STM32CubeIDE/stm32_uros_ws/Panik/microros_ws/install/micro_ros_agent/include/uxr/agent\n'}
[91.352013] (micro_ros_agent) StdoutLine: {'line': b'-- Installing: /home/ali/STM32CubeIDE/stm32_uros_ws/Panik/microros_ws/install/micro_ros_agent/include/uxr/agent/object\n'}
[91.352136] (micro_ros_agent) StdoutLine: {'line': b'-- Installing: /home/ali/STM32CubeIDE/stm32_uros_ws/Panik/microros_ws/install/micro_ros_agent/include/uxr/agent/object/XRCEObject.hpp\n'}
[91.352197] (micro_ros_agent) StdoutLine: {'line': b'-- Installing: /home/ali/STM32CubeIDE/stm32_uros_ws/Panik/microros_ws/install/micro_ros_agent/include/uxr/agent/replier\n'}
[91.352251] (micro_ros_agent) StdoutLine: {'line': b'-- Installing: /home/ali/STM32CubeIDE/stm32_uros_ws/Panik/microros_ws/install/micro_ros_agent/include/uxr/agent/replier/Replier.hpp\n'}
[91.352303] (micro_ros_agent) StdoutLine: {'line': b'-- Installing: /home/ali/STM32CubeIDE/stm32_uros_ws/Panik/microros_ws/install/micro_ros_agent/include/uxr/agent/participant\n'}
[91.352356] (micro_ros_agent) StdoutLine: {'line': b'-- Installing: /home/ali/STM32CubeIDE/stm32_uros_ws/Panik/microros_ws/install/micro_ros_agent/include/uxr/agent/participant/Participant.hpp\n'}
[91.352409] (micro_ros_agent) StdoutLine: {'line': b'-- Installing: /home/ali/STM32CubeIDE/stm32_uros_ws/Panik/microros_ws/install/micro_ros_agent/include/uxr/agent/datareader\n'}
[91.352593] (micro_ros_agent) StdoutLine: {'line': b'-- Installing: /home/ali/STM32CubeIDE/stm32_uros_ws/Panik/microros_ws/install/micro_ros_agent/include/uxr/agent/datareader/DataReader.hpp\n'}
[91.352730] (micro_ros_agent) StdoutLine: {'line': b'-- Installing: /home/ali/STM32CubeIDE/stm32_uros_ws/Panik/microros_ws/install/micro_ros_agent/include/uxr/agent/Agent.hpp\n'}
[91.352797] (micro_ros_agent) StdoutLine: {'line': b'-- Installing: /home/ali/STM32CubeIDE/stm32_uros_ws/Panik/microros_ws/install/micro_ros_agent/include/uxr/agent/visibility.hpp\n'}
[91.352855] (micro_ros_agent) StdoutLine: {'line': b'-- Installing: /home/ali/STM32CubeIDE/stm32_uros_ws/Panik/microros_ws/install/micro_ros_agent/include/uxr/agent/client\n'}
[91.352909] (micro_ros_agent) StdoutLine: {'line': b'-- Installing: /home/ali/STM32CubeIDE/stm32_uros_ws/Panik/microros_ws/install/micro_ros_agent/include/uxr/agent/client/ProxyClient.hpp\n'}
[91.352963] (micro_ros_agent) StdoutLine: {'line': b'-- Installing: /home/ali/STM32CubeIDE/stm32_uros_ws/Panik/microros_ws/install/micro_ros_agent/include/uxr/agent/client/session\n'}
[91.353017] (micro_ros_agent) StdoutLine: {'line': b'-- Installing: /home/ali/STM32CubeIDE/stm32_uros_ws/Panik/microros_ws/install/micro_ros_agent/include/uxr/agent/client/session/stream\n'}
[91.353069] (micro_ros_agent) StdoutLine: {'line': b'-- Installing: /home/ali/STM32CubeIDE/stm32_uros_ws/Panik/microros_ws/install/micro_ros_agent/include/uxr/agent/client/session/stream/OutputStream.hpp\n'}
[91.353121] (micro_ros_agent) StdoutLine: {'line': b'-- Installing: /home/ali/STM32CubeIDE/stm32_uros_ws/Panik/microros_ws/install/micro_ros_agent/include/uxr/agent/client/session/stream/InputStream.hpp\n'}
[91.353175] (micro_ros_agent) StdoutLine: {'line': b'-- Installing: /home/ali/STM32CubeIDE/stm32_uros_ws/Panik/microros_ws/install/micro_ros_agent/include/uxr/agent/client/session/Session.hpp\n'}
[91.353236] (micro_ros_agent) StdoutLine: {'line': b'-- Installing: /home/ali/STM32CubeIDE/stm32_uros_ws/Panik/microros_ws/install/micro_ros_agent/include/uxr/agent/client/session/SessionInfo.hpp\n'}
[91.353335] (micro_ros_agent) StdoutLine: {'line': b'-- Installing: /home/ali/STM32CubeIDE/stm32_uros_ws/Panik/microros_ws/install/micro_ros_agent/include/uxr/agent/subscriber\n'}
[91.353388] (micro_ros_agent) StdoutLine: {'line': b'-- Installing: /home/ali/STM32CubeIDE/stm32_uros_ws/Panik/microros_ws/install/micro_ros_agent/include/uxr/agent/subscriber/Subscriber.hpp\n'}
[91.353440] (micro_ros_agent) StdoutLine: {'line': b'-- Installing: /home/ali/STM32CubeIDE/stm32_uros_ws/Panik/microros_ws/install/micro_ros_agent/include/uxr/agent/requester\n'}
[91.353566] (micro_ros_agent) StdoutLine: {'line': b'-- Installing: /home/ali/STM32CubeIDE/stm32_uros_ws/Panik/microros_ws/install/micro_ros_agent/include/uxr/agent/requester/Requester.hpp\n'}
[91.353690] (micro_ros_agent) StdoutLine: {'line': b'-- Installing: /home/ali/STM32CubeIDE/stm32_uros_ws/Panik/microros_ws/install/micro_ros_agent/include/uxr/agent/publisher\n'}
[91.353782] (micro_ros_agent) StdoutLine: {'line': b'-- Installing: /home/ali/STM32CubeIDE/stm32_uros_ws/Panik/microros_ws/install/micro_ros_agent/include/uxr/agent/publisher/Publisher.hpp\n'}
[91.353856] (micro_ros_agent) StdoutLine: {'line': b'-- Installing: /home/ali/STM32CubeIDE/stm32_uros_ws/Panik/microros_ws/install/micro_ros_agent/include/uxr/agent/transport\n'}
[91.353911] (micro_ros_agent) StdoutLine: {'line': b'-- Installing: /home/ali/STM32CubeIDE/stm32_uros_ws/Panik/microros_ws/install/micro_ros_agent/include/uxr/agent/transport/TransportRc.hpp\n'}
[91.353965] (micro_ros_agent) StdoutLine: {'line': b'-- Installing: /home/ali/STM32CubeIDE/stm32_uros_ws/Panik/microros_ws/install/micro_ros_agent/include/uxr/agent/transport/udp\n'}
[91.354018] (micro_ros_agent) StdoutLine: {'line': b'-- Installing: /home/ali/STM32CubeIDE/stm32_uros_ws/Panik/microros_ws/install/micro_ros_agent/include/uxr/agent/transport/udp/UDPv4AgentWindows.hpp\n'}
[91.354071] (micro_ros_agent) StdoutLine: {'line': b'-- Installing: /home/ali/STM32CubeIDE/stm32_uros_ws/Panik/microros_ws/install/micro_ros_agent/include/uxr/agent/transport/udp/UDPv6AgentLinux.hpp\n'}
[91.354126] (micro_ros_agent) StdoutLine: {'line': b'-- Installing: /home/ali/STM32CubeIDE/stm32_uros_ws/Panik/microros_ws/install/micro_ros_agent/include/uxr/agent/transport/udp/UDPv4AgentLinux.hpp\n'}
[91.354181] (micro_ros_agent) StdoutLine: {'line': b'-- Installing: /home/ali/STM32CubeIDE/stm32_uros_ws/Panik/microros_ws/install/micro_ros_agent/include/uxr/agent/transport/udp/UDPv6AgentWindows.hpp\n'}
[91.354255] (micro_ros_agent) StdoutLine: {'line': b'-- Installing: /home/ali/STM32CubeIDE/stm32_uros_ws/Panik/microros_ws/install/micro_ros_agent/include/uxr/agent/transport/can\n'}
[91.354342] (micro_ros_agent) StdoutLine: {'line': b'-- Installing: /home/ali/STM32CubeIDE/stm32_uros_ws/Panik/microros_ws/install/micro_ros_agent/include/uxr/agent/transport/can/CanAgentLinux.hpp\n'}
[91.354396] (micro_ros_agent) StdoutLine: {'line': b'-- Installing: /home/ali/STM32CubeIDE/stm32_uros_ws/Panik/microros_ws/install/micro_ros_agent/include/uxr/agent/transport/tcp\n'}
[91.354449] (micro_ros_agent) StdoutLine: {'line': b'-- Installing: /home/ali/STM32CubeIDE/stm32_uros_ws/Panik/microros_ws/install/micro_ros_agent/include/uxr/agent/transport/tcp/TCPServerBase.hpp\n'}
[91.354507] (micro_ros_agent) StdoutLine: {'line': b'-- Installing: /home/ali/STM32CubeIDE/stm32_uros_ws/Panik/microros_ws/install/micro_ros_agent/include/uxr/agent/transport/tcp/TCPConnection.hpp\n'}
[91.354561] (micro_ros_agent) StdoutLine: {'line': b'-- Installing: /home/ali/STM32CubeIDE/stm32_uros_ws/Panik/microros_ws/install/micro_ros_agent/include/uxr/agent/transport/tcp/TCPv6AgentWindows.hpp\n'}
[91.354636] (micro_ros_agent) StdoutLine: {'line': b'-- Installing: /home/ali/STM32CubeIDE/stm32_uros_ws/Panik/microros_ws/install/micro_ros_agent/include/uxr/agent/transport/tcp/TCPv6AgentLinux.hpp\n'}
[91.354692] (micro_ros_agent) StdoutLine: {'line': b'-- Installing: /home/ali/STM32CubeIDE/stm32_uros_ws/Panik/microros_ws/install/micro_ros_agent/include/uxr/agent/transport/tcp/TCPv4AgentWindows.hpp\n'}
[91.354743] (micro_ros_agent) StdoutLine: {'line': b'-- Installing: /home/ali/STM32CubeIDE/stm32_uros_ws/Panik/microros_ws/install/micro_ros_agent/include/uxr/agent/transport/tcp/TCPv4AgentLinux.hpp\n'}
[91.354816] (micro_ros_agent) StdoutLine: {'line': b'-- Installing: /home/ali/STM32CubeIDE/stm32_uros_ws/Panik/microros_ws/install/micro_ros_agent/include/uxr/agent/transport/util\n'}
[91.354881] (micro_ros_agent) StdoutLine: {'line': b'-- Installing: /home/ali/STM32CubeIDE/stm32_uros_ws/Panik/microros_ws/install/micro_ros_agent/include/uxr/agent/transport/util/InterfaceWindows.hpp\n'}
[91.354930] (micro_ros_agent) StdoutLine: {'line': b'-- Installing: /home/ali/STM32CubeIDE/stm32_uros_ws/Panik/microros_ws/install/micro_ros_agent/include/uxr/agent/transport/util/InterfaceLinux.hpp\n'}
[91.355004] (micro_ros_agent) StdoutLine: {'line': b'-- Installing: /home/ali/STM32CubeIDE/stm32_uros_ws/Panik/microros_ws/install/micro_ros_agent/include/uxr/agent/transport/stream_framing\n'}
[91.355057] (micro_ros_agent) StdoutLine: {'line': b'-- Installing: /home/ali/STM32CubeIDE/stm32_uros_ws/Panik/microros_ws/install/micro_ros_agent/include/uxr/agent/transport/stream_framing/StreamFramingProtocol.hpp\n'}
[91.355130] (micro_ros_agent) StdoutLine: {'line': b'-- Installing: /home/ali/STM32CubeIDE/stm32_uros_ws/Panik/microros_ws/install/micro_ros_agent/include/uxr/agent/transport/custom\n'}
[91.355181] (micro_ros_agent) StdoutLine: {'line': b'-- Installing: /home/ali/STM32CubeIDE/stm32_uros_ws/Panik/microros_ws/install/micro_ros_agent/include/uxr/agent/transport/custom/CustomAgent.hpp\n'}
[91.355247] (micro_ros_agent) StdoutLine: {'line': b'-- Installing: /home/ali/STM32CubeIDE/stm32_uros_ws/Panik/microros_ws/install/micro_ros_agent/include/uxr/agent/transport/Server.hpp\n'}
[91.355321] (micro_ros_agent) StdoutLine: {'line': b'-- Installing: /home/ali/STM32CubeIDE/stm32_uros_ws/Panik/microros_ws/install/micro_ros_agent/include/uxr/agent/transport/discovery\n'}
[91.355371] (micro_ros_agent) StdoutLine: {'line': b'-- Installing: /home/ali/STM32CubeIDE/stm32_uros_ws/Panik/microros_ws/install/micro_ros_agent/include/uxr/agent/transport/discovery/DiscoveryServer.hpp\n'}
[91.355450] (micro_ros_agent) StdoutLine: {'line': b'-- Installing: /home/ali/STM32CubeIDE/stm32_uros_ws/Panik/microros_ws/install/micro_ros_agent/include/uxr/agent/transport/discovery/DiscoveryServerLinux.hpp\n'}
[91.355512] (micro_ros_agent) StdoutLine: {'line': b'-- Installing: /home/ali/STM32CubeIDE/stm32_uros_ws/Panik/microros_ws/install/micro_ros_agent/include/uxr/agent/transport/discovery/DiscoveryServerWindows.hpp\n'}
[91.355584] (micro_ros_agent) StdoutLine: {'line': b'-- Installing: /home/ali/STM32CubeIDE/stm32_uros_ws/Panik/microros_ws/install/micro_ros_agent/include/uxr/agent/transport/SessionManager.hpp\n'}
[91.355656] (micro_ros_agent) StdoutLine: {'line': b'-- Installing: /home/ali/STM32CubeIDE/stm32_uros_ws/Panik/microros_ws/install/micro_ros_agent/include/uxr/agent/transport/p2p\n'}
[91.355728] (micro_ros_agent) StdoutLine: {'line': b'-- Installing: /home/ali/STM32CubeIDE/stm32_uros_ws/Panik/microros_ws/install/micro_ros_agent/include/uxr/agent/transport/p2p/AgentDiscovererLinux.hpp\n'}
[91.355798] (micro_ros_agent) StdoutLine: {'line': b'-- Installing: /home/ali/STM32CubeIDE/stm32_uros_ws/Panik/microros_ws/install/micro_ros_agent/include/uxr/agent/transport/p2p/AgentDiscoverer.hpp\n'}
[91.355898] (micro_ros_agent) StdoutLine: {'line': b'-- Installing: /home/ali/STM32CubeIDE/stm32_uros_ws/Panik/microros_ws/install/micro_ros_agent/include/uxr/agent/transport/endpoint\n'}
[91.355973] (micro_ros_agent) StdoutLine: {'line': b'-- Installing: /home/ali/STM32CubeIDE/stm32_uros_ws/Panik/microros_ws/install/micro_ros_agent/include/uxr/agent/transport/endpoint/MultiSerialEndPoint.hpp\n'}
[91.356048] (micro_ros_agent) StdoutLine: {'line': b'-- Installing: /home/ali/STM32CubeIDE/stm32_uros_ws/Panik/microros_ws/install/micro_ros_agent/include/uxr/agent/transport/endpoint/IPv4EndPoint.hpp\n'}
[91.356120] (micro_ros_agent) StdoutLine: {'line': b'-- Installing: /home/ali/STM32CubeIDE/stm32_uros_ws/Panik/microros_ws/install/micro_ros_agent/include/uxr/agent/transport/endpoint/CustomEndPoint.hpp\n'}
[91.356251] (micro_ros_agent) StdoutLine: {'line': b'-- Installing: /home/ali/STM32CubeIDE/stm32_uros_ws/Panik/microros_ws/install/micro_ros_agent/include/uxr/agent/transport/endpoint/IPv6EndPoint.hpp\n'}
[91.356323] (micro_ros_agent) StdoutLine: {'line': b'-- Installing: /home/ali/STM32CubeIDE/stm32_uros_ws/Panik/microros_ws/install/micro_ros_agent/include/uxr/agent/transport/endpoint/SerialEndPoint.hpp\n'}
[91.356392] (micro_ros_agent) StdoutLine: {'line': b'-- Installing: /home/ali/STM32CubeIDE/stm32_uros_ws/Panik/microros_ws/install/micro_ros_agent/include/uxr/agent/transport/endpoint/CanEndPoint.hpp\n'}
[91.356469] (micro_ros_agent) StdoutLine: {'line': b'-- Installing: /home/ali/STM32CubeIDE/stm32_uros_ws/Panik/microros_ws/install/micro_ros_agent/include/uxr/agent/transport/serial\n'}
[91.356550] (micro_ros_agent) StdoutLine: {'line': b'-- Installing: /home/ali/STM32CubeIDE/stm32_uros_ws/Panik/microros_ws/install/micro_ros_agent/include/uxr/agent/transport/serial/PseudoTerminalAgentLinux.hpp\n'}
[91.356629] (micro_ros_agent) StdoutLine: {'line': b'-- Installing: /home/ali/STM32CubeIDE/stm32_uros_ws/Panik/microros_ws/install/micro_ros_agent/include/uxr/agent/transport/serial/SerialAgentLinux.hpp\n'}
[91.356683] (micro_ros_agent) StdoutLine: {'line': b'-- Installing: /home/ali/STM32CubeIDE/stm32_uros_ws/Panik/microros_ws/install/micro_ros_agent/include/uxr/agent/transport/serial/baud_rate_table_linux.h\n'}
[91.356755] (micro_ros_agent) StdoutLine: {'line': b'-- Installing: /home/ali/STM32CubeIDE/stm32_uros_ws/Panik/microros_ws/install/micro_ros_agent/include/uxr/agent/transport/serial/TermiosAgentLinux.hpp\n'}
[91.356826] (micro_ros_agent) StdoutLine: {'line': b'-- Installing: /home/ali/STM32CubeIDE/stm32_uros_ws/Panik/microros_ws/install/micro_ros_agent/include/uxr/agent/transport/serial/MultiSerialAgentLinux.hpp\n'}
[91.356898] (micro_ros_agent) StdoutLine: {'line': b'-- Installing: /home/ali/STM32CubeIDE/stm32_uros_ws/Panik/microros_ws/install/micro_ros_agent/include/uxr/agent/transport/serial/MultiTermiosAgentLinux.hpp\n'}
[91.356976] (micro_ros_agent) StdoutLine: {'line': b'-- Installing: /home/ali/STM32CubeIDE/stm32_uros_ws/Panik/microros_ws/install/micro_ros_agent/include/uxr/agent/message\n'}
[91.357031] (micro_ros_agent) StdoutLine: {'line': b'-- Installing: /home/ali/STM32CubeIDE/stm32_uros_ws/Panik/microros_ws/install/micro_ros_agent/include/uxr/agent/message/InputMessage.hpp\n'}
[91.357108] (micro_ros_agent) StdoutLine: {'line': b'-- Installing: /home/ali/STM32CubeIDE/stm32_uros_ws/Panik/microros_ws/install/micro_ros_agent/include/uxr/agent/message/OutputMessage.hpp\n'}
[91.357166] (micro_ros_agent) StdoutLine: {'line': b'-- Installing: /home/ali/STM32CubeIDE/stm32_uros_ws/Panik/microros_ws/install/micro_ros_agent/include/uxr/agent/message/Packet.hpp\n'}
[91.357244] (micro_ros_agent) StdoutLine: {'line': b'-- Installing: /home/ali/STM32CubeIDE/stm32_uros_ws/Panik/microros_ws/install/micro_ros_agent/include/uxr/agent/processor\n'}
[91.357302] (micro_ros_agent) StdoutLine: {'line': b'-- Installing: /home/ali/STM32CubeIDE/stm32_uros_ws/Panik/microros_ws/install/micro_ros_agent/include/uxr/agent/processor/Processor.hpp\n'}
[91.357382] (micro_ros_agent) StdoutLine: {'line': b'-- Installing: /home/ali/STM32CubeIDE/stm32_uros_ws/Panik/microros_ws/install/micro_ros_agent/include/uxr/agent/middleware\n'}
[91.357436] (micro_ros_agent) StdoutLine: {'line': b'-- Installing: /home/ali/STM32CubeIDE/stm32_uros_ws/Panik/microros_ws/install/micro_ros_agent/include/uxr/agent/middleware/fast\n'}
[91.357605] (micro_ros_agent) StdoutLine: {'line': b'-- Installing: /home/ali/STM32CubeIDE/stm32_uros_ws/Panik/microros_ws/install/micro_ros_agent/include/uxr/agent/middleware/fast/FastEntities.hpp\n'}
[91.357663] (micro_ros_agent) StdoutLine: {'line': b'-- Installing: /home/ali/STM32CubeIDE/stm32_uros_ws/Panik/microros_ws/install/micro_ros_agent/include/uxr/agent/middleware/fast/FastMiddleware.hpp\n'}
[91.357736] (micro_ros_agent) StdoutLine: {'line': b'-- Installing: /home/ali/STM32CubeIDE/stm32_uros_ws/Panik/microros_ws/install/micro_ros_agent/include/uxr/agent/middleware/ced\n'}
[91.357821] (micro_ros_agent) StdoutLine: {'line': b'-- Installing: /home/ali/STM32CubeIDE/stm32_uros_ws/Panik/microros_ws/install/micro_ros_agent/include/uxr/agent/middleware/ced/CedEntities.hpp\n'}
[91.357981] (micro_ros_agent) StdoutLine: {'line': b'-- Installing: /home/ali/STM32CubeIDE/stm32_uros_ws/Panik/microros_ws/install/micro_ros_agent/include/uxr/agent/middleware/ced/CedMiddleware.hpp\n'}
[91.358210] (micro_ros_agent) StdoutLine: {'line': b'-- Installing: /home/ali/STM32CubeIDE/stm32_uros_ws/Panik/microros_ws/install/micro_ros_agent/include/uxr/agent/middleware/fastdds\n'}
[91.358272] (micro_ros_agent) StdoutLine: {'line': b'-- Installing: /home/ali/STM32CubeIDE/stm32_uros_ws/Panik/microros_ws/install/micro_ros_agent/include/uxr/agent/middleware/fastdds/FastDDSMiddleware.hpp\n'}
[91.358334] (micro_ros_agent) StdoutLine: {'line': b'-- Installing: /home/ali/STM32CubeIDE/stm32_uros_ws/Panik/microros_ws/install/micro_ros_agent/include/uxr/agent/middleware/fastdds/FastDDSEntities.hpp\n'}
[91.358397] (micro_ros_agent) StdoutLine: {'line': b'-- Installing: /home/ali/STM32CubeIDE/stm32_uros_ws/Panik/microros_ws/install/micro_ros_agent/include/uxr/agent/middleware/Middleware.hpp\n'}
[91.358465] (micro_ros_agent) StdoutLine: {'line': b'-- Installing: /home/ali/STM32CubeIDE/stm32_uros_ws/Panik/microros_ws/install/micro_ros_agent/include/uxr/agent/middleware/utils\n'}
[91.358519] (micro_ros_agent) StdoutLine: {'line': b'-- Installing: /home/ali/STM32CubeIDE/stm32_uros_ws/Panik/microros_ws/install/micro_ros_agent/include/uxr/agent/middleware/utils/Callbacks.hpp\n'}
[91.358581] (micro_ros_agent) StdoutLine: {'line': b'-- Installing: /home/ali/STM32CubeIDE/stm32_uros_ws/Panik/microros_ws/install/micro_ros_agent/include/uxr/agent/datawriter\n'}
[91.358739] (micro_ros_agent) StdoutLine: {'line': b'-- Installing: /home/ali/STM32CubeIDE/stm32_uros_ws/Panik/microros_ws/install/micro_ros_agent/include/uxr/agent/datawriter/DataWriter.hpp\n'}
[91.358840] (micro_ros_agent) StdoutLine: {'line': b'-- Installing: /home/ali/STM32CubeIDE/stm32_uros_ws/Panik/microros_ws/install/micro_ros_agent/include/uxr/agent/utils\n'}
[91.358933] (micro_ros_agent) StdoutLine: {'line': b'-- Installing: /home/ali/STM32CubeIDE/stm32_uros_ws/Panik/microros_ws/install/micro_ros_agent/include/uxr/agent/utils/SeqNum.hpp\n'}
[91.358992] (micro_ros_agent) StdoutLine: {'line': b'-- Installing: /home/ali/STM32CubeIDE/stm32_uros_ws/Panik/microros_ws/install/micro_ros_agent/include/uxr/agent/utils/Color.hpp\n'}
[91.359052] (micro_ros_agent) StdoutLine: {'line': b'-- Installing: /home/ali/STM32CubeIDE/stm32_uros_ws/Panik/microros_ws/install/micro_ros_agent/include/uxr/agent/utils/SharedMutex.hpp\n'}
[91.359107] (micro_ros_agent) StdoutLine: {'line': b'-- Installing: /home/ali/STM32CubeIDE/stm32_uros_ws/Panik/microros_ws/install/micro_ros_agent/include/uxr/agent/utils/SharedMutexPriority.hpp\n'}
[91.359164] (micro_ros_agent) StdoutLine: {'line': b'-- Installing: /home/ali/STM32CubeIDE/stm32_uros_ws/Panik/microros_ws/install/micro_ros_agent/include/uxr/agent/utils/Time.hpp\n'}
[91.359254] (micro_ros_agent) StdoutLine: {'line': b'-- Installing: /home/ali/STM32CubeIDE/stm32_uros_ws/Panik/microros_ws/install/micro_ros_agent/include/uxr/agent/utils/Functions.hpp\n'}
[91.359310] (micro_ros_agent) StdoutLine: {'line': b'-- Installing: /home/ali/STM32CubeIDE/stm32_uros_ws/Panik/microros_ws/install/micro_ros_agent/include/uxr/agent/utils/ArgumentParser.hpp\n'}
[91.359496] (micro_ros_agent) StdoutLine: {'line': b'-- Installing: /home/ali/STM32CubeIDE/stm32_uros_ws/Panik/microros_ws/install/micro_ros_agent/include/uxr/agent/utils/Conversion.hpp\n'}
[91.359554] (micro_ros_agent) StdoutLine: {'line': b'-- Installing: /home/ali/STM32CubeIDE/stm32_uros_ws/Panik/microros_ws/install/micro_ros_agent/include/uxr/agent/utils/TokenBucket.hpp\n'}
[91.359610] (micro_ros_agent) StdoutLine: {'line': b'-- Installing: /home/ali/STM32CubeIDE/stm32_uros_ws/Panik/microros_ws/install/micro_ros_agent/include/uxr/agent/Root.hpp\n'}
[91.359696] (micro_ros_agent) StdoutLine: {'line': b'-- Installing: /home/ali/STM32CubeIDE/stm32_uros_ws/Panik/microros_ws/install/micro_ros_agent/include/uxr/agent/scheduler\n'}
[91.359750] (micro_ros_agent) StdoutLine: {'line': b'-- Installing: /home/ali/STM32CubeIDE/stm32_uros_ws/Panik/microros_ws/install/micro_ros_agent/include/uxr/agent/scheduler/PacketScheduler.hpp\n'}
[91.359804] (micro_ros_agent) StdoutLine: {'line': b'-- Installing: /home/ali/STM32CubeIDE/stm32_uros_ws/Panik/microros_ws/install/micro_ros_agent/include/uxr/agent/scheduler/Scheduler.hpp\n'}
[91.359860] (micro_ros_agent) StdoutLine: {'line': b'-- Installing: /home/ali/STM32CubeIDE/stm32_uros_ws/Panik/microros_ws/install/micro_ros_agent/include/uxr/agent/reader\n'}
[91.359921] (micro_ros_agent) StdoutLine: {'line': b'-- Installing: /home/ali/STM32CubeIDE/stm32_uros_ws/Panik/microros_ws/install/micro_ros_agent/include/uxr/agent/reader/Reader.hpp\n'}
[91.359966] (micro_ros_agent) StdoutLine: {'line': b'-- Installing: /home/ali/STM32CubeIDE/stm32_uros_ws/Panik/microros_ws/install/micro_ros_agent/include/uxr/agent/p2p\n'}
[91.360021] (micro_ros_agent) StdoutLine: {'line': b'-- Installing: /home/ali/STM32CubeIDE/stm32_uros_ws/Panik/microros_ws/install/micro_ros_agent/include/uxr/agent/p2p/InternalClient.hpp\n'}
[91.360071] (micro_ros_agent) StdoutLine: {'line': b'-- Installing: /home/ali/STM32CubeIDE/stm32_uros_ws/Panik/microros_ws/install/micro_ros_agent/include/uxr/agent/p2p/InternalClientManager.hpp\n'}
[91.360161] (micro_ros_agent) StdoutLine: {'line': b'-- Installing: /home/ali/STM32CubeIDE/stm32_uros_ws/Panik/microros_ws/install/micro_ros_agent/include/uxr/agent/types\n'}
[91.360219] (micro_ros_agent) StdoutLine: {'line': b'-- Installing: /home/ali/STM32CubeIDE/stm32_uros_ws/Panik/microros_ws/install/micro_ros_agent/include/uxr/agent/types/MessageHeader.hpp\n'}
[91.360273] (micro_ros_agent) StdoutLine: {'line': b'-- Installing: /home/ali/STM32CubeIDE/stm32_uros_ws/Panik/microros_ws/install/micro_ros_agent/include/uxr/agent/types/XRCETypes.hpp\n'}
[91.360516] (micro_ros_agent) StdoutLine: {'line': b'-- Installing: /home/ali/STM32CubeIDE/stm32_uros_ws/Panik/microros_ws/install/micro_ros_agent/include/uxr/agent/types/SubMessageHeader.hpp\n'}
[91.360574] (micro_ros_agent) StdoutLine: {'line': b'-- Installing: /home/ali/STM32CubeIDE/stm32_uros_ws/Panik/microros_ws/install/micro_ros_agent/include/uxr/agent/types/Optional.hpp\n'}
[91.360631] (micro_ros_agent) StdoutLine: {'line': b'-- Installing: /home/ali/STM32CubeIDE/stm32_uros_ws/Panik/microros_ws/install/micro_ros_agent/include/uxr/agent/types/TopicPubSubType.hpp\n'}
[91.360685] (micro_ros_agent) StdoutLine: {'line': b'-- Installing: /home/ali/STM32CubeIDE/stm32_uros_ws/Panik/microros_ws/install/micro_ros_agent/include/uxr/agent/AgentInstance.hpp\n'}
[91.360741] (micro_ros_agent) StdoutLine: {'line': b'-- Installing: /home/ali/STM32CubeIDE/stm32_uros_ws/Panik/microros_ws/install/micro_ros_agent/include/uxr/agent/topic\n'}
[91.360793] (micro_ros_agent) StdoutLine: {'line': b'-- Installing: /home/ali/STM32CubeIDE/stm32_uros_ws/Panik/microros_ws/install/micro_ros_agent/include/uxr/agent/topic/Topic.hpp\n'}
[91.360869] (micro_ros_agent) StdoutLine: {'line': b'-- Installing: /home/ali/STM32CubeIDE/stm32_uros_ws/Panik/microros_ws/install/micro_ros_agent/include/uxr/agent/logger\n'}
[91.360920] (micro_ros_agent) StdoutLine: {'line': b'-- Installing: /home/ali/STM32CubeIDE/stm32_uros_ws/Panik/microros_ws/install/micro_ros_agent/include/uxr/agent/logger/Logger.hpp\n'}
[91.361035] (micro_ros_agent) StdoutLine: {'line': b'-- Installing: /home/ali/STM32CubeIDE/stm32_uros_ws/Panik/microros_ws/install/micro_ros_agent/share/microxrcedds_agent/cmake/microxrcedds_agentTargets.cmake\n'}
[91.361108] (micro_ros_agent) StdoutLine: {'line': b'-- Installing: /home/ali/STM32CubeIDE/stm32_uros_ws/Panik/microros_ws/install/micro_ros_agent/share/microxrcedds_agent/cmake/microxrcedds_agentTargets-release.cmake\n'}
[91.361175] (micro_ros_agent) StdoutLine: {'line': b'-- Installing: /home/ali/STM32CubeIDE/stm32_uros_ws/Panik/microros_ws/install/micro_ros_agent/include/uxr/agent/config.hpp\n'}
[91.361235] (micro_ros_agent) StdoutLine: {'line': b'-- Installing: /home/ali/STM32CubeIDE/stm32_uros_ws/Panik/microros_ws/install/micro_ros_agent/share/microxrcedds_agent/LICENSE\n'}
[91.361355] (micro_ros_agent) StdoutLine: {'line': b'-- Installing: /home/ali/STM32CubeIDE/stm32_uros_ws/Panik/microros_ws/install/micro_ros_agent/share/microxrcedds_agent/cmake/microxrcedds_agentConfig.cmake\n'}
[91.361402] (micro_ros_agent) StdoutLine: {'line': b'-- Installing: /home/ali/STM32CubeIDE/stm32_uros_ws/Panik/microros_ws/install/micro_ros_agent/share/microxrcedds_agent/cmake/microxrcedds_agentConfigVersion.cmake\n'}
[91.361470] (micro_ros_agent) StdoutLine: {'line': b'-- Up-to-date: /home/ali/STM32CubeIDE/stm32_uros_ws/Panik/microros_ws/install/micro_ros_agent\n'}
[91.361525] (micro_ros_agent) StdoutLine: {'line': b'-- Up-to-date: /home/ali/STM32CubeIDE/stm32_uros_ws/Panik/microros_ws/install/micro_ros_agent/lib\n'}
[91.361581] (micro_ros_agent) StdoutLine: {'line': b'-- Installing: /home/ali/STM32CubeIDE/stm32_uros_ws/Panik/microros_ws/install/micro_ros_agent/lib/pkgconfig\n'}
[91.361623] (micro_ros_agent) StdoutLine: {'line': b'-- Installing: /home/ali/STM32CubeIDE/stm32_uros_ws/Panik/microros_ws/install/micro_ros_agent/lib/pkgconfig/spdlog.pc\n'}
[91.361673] (micro_ros_agent) StdoutLine: {'line': b'-- Installing: /home/ali/STM32CubeIDE/stm32_uros_ws/Panik/microros_ws/install/micro_ros_agent/lib/libspdlog.a\n'}
[91.362398] (micro_ros_agent) StdoutLine: {'line': b'-- Installing: /home/ali/STM32CubeIDE/stm32_uros_ws/Panik/microros_ws/install/micro_ros_agent/lib/cmake\n'}
[91.362440] (micro_ros_agent) StdoutLine: {'line': b'-- Installing: /home/ali/STM32CubeIDE/stm32_uros_ws/Panik/microros_ws/install/micro_ros_agent/lib/cmake/spdlog\n'}
[91.362497] (micro_ros_agent) StdoutLine: {'line': b'-- Installing: /home/ali/STM32CubeIDE/stm32_uros_ws/Panik/microros_ws/install/micro_ros_agent/lib/cmake/spdlog/spdlogConfigTargets.cmake\n'}
[91.362537] (micro_ros_agent) StdoutLine: {'line': b'-- Installing: /home/ali/STM32CubeIDE/stm32_uros_ws/Panik/microros_ws/install/micro_ros_agent/lib/cmake/spdlog/spdlogConfigVersion.cmake\n'}
[91.362577] (micro_ros_agent) StdoutLine: {'line': b'-- Installing: /home/ali/STM32CubeIDE/stm32_uros_ws/Panik/microros_ws/install/micro_ros_agent/lib/cmake/spdlog/spdlogConfig.cmake\n'}
[91.362632] (micro_ros_agent) StdoutLine: {'line': b'-- Installing: /home/ali/STM32CubeIDE/stm32_uros_ws/Panik/microros_ws/install/micro_ros_agent/lib/cmake/spdlog/spdlogConfigTargets-release.cmake\n'}
[91.362671] (micro_ros_agent) StdoutLine: {'line': b'-- Up-to-date: /home/ali/STM32CubeIDE/stm32_uros_ws/Panik/microros_ws/install/micro_ros_agent/include\n'}
[91.362707] (micro_ros_agent) StdoutLine: {'line': b'-- Installing: /home/ali/STM32CubeIDE/stm32_uros_ws/Panik/microros_ws/install/micro_ros_agent/include/spdlog\n'}
[91.362744] (micro_ros_agent) StdoutLine: {'line': b'-- Installing: /home/ali/STM32CubeIDE/stm32_uros_ws/Panik/microros_ws/install/micro_ros_agent/include/spdlog/fmt\n'}
[91.362791] (micro_ros_agent) StdoutLine: {'line': b'-- Installing: /home/ali/STM32CubeIDE/stm32_uros_ws/Panik/microros_ws/install/micro_ros_agent/include/spdlog/fmt/bin_to_hex.h\n'}
[91.362847] (micro_ros_agent) StdoutLine: {'line': b'-- Installing: /home/ali/STM32CubeIDE/stm32_uros_ws/Panik/microros_ws/install/micro_ros_agent/include/spdlog/fmt/chrono.h\n'}
[91.362884] (micro_ros_agent) StdoutLine: {'line': b'-- Installing: /home/ali/STM32CubeIDE/stm32_uros_ws/Panik/microros_ws/install/micro_ros_agent/include/spdlog/fmt/compile.h\n'}
[91.362918] (micro_ros_agent) StdoutLine: {'line': b'-- Installing: /home/ali/STM32CubeIDE/stm32_uros_ws/Panik/microros_ws/install/micro_ros_agent/include/spdlog/fmt/xchar.h\n'}
[91.362955] (micro_ros_agent) StdoutLine: {'line': b'-- Installing: /home/ali/STM32CubeIDE/stm32_uros_ws/Panik/microros_ws/install/micro_ros_agent/include/spdlog/fmt/bundled\n'}
[91.362991] (micro_ros_agent) StdoutLine: {'line': b'-- Installing: /home/ali/STM32CubeIDE/stm32_uros_ws/Panik/microros_ws/install/micro_ros_agent/include/spdlog/fmt/bundled/core.h\n'}
[91.363038] (micro_ros_agent) StdoutLine: {'line': b'-- Installing: /home/ali/STM32CubeIDE/stm32_uros_ws/Panik/microros_ws/install/micro_ros_agent/include/spdlog/fmt/bundled/chrono.h\n'}
[91.363090] (micro_ros_agent) StdoutLine: {'line': b'-- Installing: /home/ali/STM32CubeIDE/stm32_uros_ws/Panik/microros_ws/install/micro_ros_agent/include/spdlog/fmt/bundled/compile.h\n'}
[91.363128] (micro_ros_agent) StdoutLine: {'line': b'-- Installing: /home/ali/STM32CubeIDE/stm32_uros_ws/Panik/microros_ws/install/micro_ros_agent/include/spdlog/fmt/bundled/color.h\n'}
[91.363179] (micro_ros_agent) StdoutLine: {'line': b'-- Installing: /home/ali/STM32CubeIDE/stm32_uros_ws/Panik/microros_ws/install/micro_ros_agent/include/spdlog/fmt/bundled/ranges.h\n'}
[91.363218] (micro_ros_agent) StdoutLine: {'line': b'-- Installing: /home/ali/STM32CubeIDE/stm32_uros_ws/Panik/microros_ws/install/micro_ros_agent/include/spdlog/fmt/bundled/printf.h\n'}
[91.363268] (micro_ros_agent) StdoutLine: {'line': b'-- Installing: /home/ali/STM32CubeIDE/stm32_uros_ws/Panik/microros_ws/install/micro_ros_agent/include/spdlog/fmt/bundled/os.h\n'}
[91.363306] (micro_ros_agent) StdoutLine: {'line': b'-- Installing: /home/ali/STM32CubeIDE/stm32_uros_ws/Panik/microros_ws/install/micro_ros_agent/include/spdlog/fmt/bundled/args.h\n'}
[91.363353] (micro_ros_agent) StdoutLine: {'line': b'-- Installing: /home/ali/STM32CubeIDE/stm32_uros_ws/Panik/microros_ws/install/micro_ros_agent/include/spdlog/fmt/bundled/format-inl.h\n'}
[91.363399] (micro_ros_agent) StdoutLine: {'line': b'-- Installing: /home/ali/STM32CubeIDE/stm32_uros_ws/Panik/microros_ws/install/micro_ros_agent/include/spdlog/fmt/bundled/ostream.h\n'}
[91.363445] (micro_ros_agent) StdoutLine: {'line': b'-- Installing: /home/ali/STM32CubeIDE/stm32_uros_ws/Panik/microros_ws/install/micro_ros_agent/include/spdlog/fmt/bundled/xchar.h\n'}
[91.363496] (micro_ros_agent) StdoutLine: {'line': b'-- Installing: /home/ali/STM32CubeIDE/stm32_uros_ws/Panik/microros_ws/install/micro_ros_agent/include/spdlog/fmt/bundled/locale.h\n'}
[91.363546] (micro_ros_agent) StdoutLine: {'line': b'-- Installing: /home/ali/STM32CubeIDE/stm32_uros_ws/Panik/microros_ws/install/micro_ros_agent/include/spdlog/fmt/bundled/format.h\n'}
[91.363606] (micro_ros_agent) StdoutLine: {'line': b'-- Installing: /home/ali/STM32CubeIDE/stm32_uros_ws/Panik/microros_ws/install/micro_ros_agent/include/spdlog/fmt/fmt.h\n'}
[91.363647] (micro_ros_agent) StdoutLine: {'line': b'-- Installing: /home/ali/STM32CubeIDE/stm32_uros_ws/Panik/microros_ws/install/micro_ros_agent/include/spdlog/fmt/ostr.h\n'}
[91.363695] (micro_ros_agent) StdoutLine: {'line': b'-- Installing: /home/ali/STM32CubeIDE/stm32_uros_ws/Panik/microros_ws/install/micro_ros_agent/include/spdlog/common.h\n'}
[91.363741] (micro_ros_agent) StdoutLine: {'line': b'-- Installing: /home/ali/STM32CubeIDE/stm32_uros_ws/Panik/microros_ws/install/micro_ros_agent/include/spdlog/logger.h\n'}
[91.363786] (micro_ros_agent) StdoutLine: {'line': b'-- Installing: /home/ali/STM32CubeIDE/stm32_uros_ws/Panik/microros_ws/install/micro_ros_agent/include/spdlog/logger-inl.h\n'}
[91.363832] (micro_ros_agent) StdoutLine: {'line': b'-- Installing: /home/ali/STM32CubeIDE/stm32_uros_ws/Panik/microros_ws/install/micro_ros_agent/include/spdlog/spdlog.h\n'}
[91.363878] (micro_ros_agent) StdoutLine: {'line': b'-- Installing: /home/ali/STM32CubeIDE/stm32_uros_ws/Panik/microros_ws/install/micro_ros_agent/include/spdlog/details\n'}
[91.363924] (micro_ros_agent) StdoutLine: {'line': b'-- Installing: /home/ali/STM32CubeIDE/stm32_uros_ws/Panik/microros_ws/install/micro_ros_agent/include/spdlog/details/log_msg_buffer-inl.h\n'}
[91.363974] (micro_ros_agent) StdoutLine: {'line': b'-- Installing: /home/ali/STM32CubeIDE/stm32_uros_ws/Panik/microros_ws/install/micro_ros_agent/include/spdlog/details/file_helper.h\n'}
[91.364022] (micro_ros_agent) StdoutLine: {'line': b'-- Installing: /home/ali/STM32CubeIDE/stm32_uros_ws/Panik/microros_ws/install/micro_ros_agent/include/spdlog/details/registry-inl.h\n'}
[91.364068] (micro_ros_agent) StdoutLine: {'line': b'-- Installing: /home/ali/STM32CubeIDE/stm32_uros_ws/Panik/microros_ws/install/micro_ros_agent/include/spdlog/details/registry.h\n'}
[91.364119] (micro_ros_agent) StdoutLine: {'line': b'-- Installing: /home/ali/STM32CubeIDE/stm32_uros_ws/Panik/microros_ws/install/micro_ros_agent/include/spdlog/details/log_msg.h\n'}
[91.364154] (micro_ros_agent) StdoutLine: {'line': b'-- Installing: /home/ali/STM32CubeIDE/stm32_uros_ws/Panik/microros_ws/install/micro_ros_agent/include/spdlog/details/synchronous_factory.h\n'}
[91.364205] (micro_ros_agent) StdoutLine: {'line': b'-- Installing: /home/ali/STM32CubeIDE/stm32_uros_ws/Panik/microros_ws/install/micro_ros_agent/include/spdlog/details/log_msg-inl.h\n'}
[91.364240] (micro_ros_agent) StdoutLine: {'line': b'-- Installing: /home/ali/STM32CubeIDE/stm32_uros_ws/Panik/microros_ws/install/micro_ros_agent/include/spdlog/details/backtracer-inl.h\n'}
[91.364280] (micro_ros_agent) StdoutLine: {'line': b'-- Installing: /home/ali/STM32CubeIDE/stm32_uros_ws/Panik/microros_ws/install/micro_ros_agent/include/spdlog/details/tcp_client-windows.h\n'}
[91.364323] (micro_ros_agent) StdoutLine: {'line': b'-- Installing: /home/ali/STM32CubeIDE/stm32_uros_ws/Panik/microros_ws/install/micro_ros_agent/include/spdlog/details/periodic_worker-inl.h\n'}
[91.364355] (micro_ros_agent) StdoutLine: {'line': b'-- Installing: /home/ali/STM32CubeIDE/stm32_uros_ws/Panik/microros_ws/install/micro_ros_agent/include/spdlog/details/file_helper-inl.h\n'}
[91.364398] (micro_ros_agent) StdoutLine: {'line': b'-- Installing: /home/ali/STM32CubeIDE/stm32_uros_ws/Panik/microros_ws/install/micro_ros_agent/include/spdlog/details/null_mutex.h\n'}
[91.364429] (micro_ros_agent) StdoutLine: {'line': b'-- Installing: /home/ali/STM32CubeIDE/stm32_uros_ws/Panik/microros_ws/install/micro_ros_agent/include/spdlog/details/backtracer.h\n'}
[91.364472] (micro_ros_agent) StdoutLine: {'line': b'-- Installing: /home/ali/STM32CubeIDE/stm32_uros_ws/Panik/microros_ws/install/micro_ros_agent/include/spdlog/details/thread_pool.h\n'}
[91.364507] (micro_ros_agent) StdoutLine: {'line': b'-- Installing: /home/ali/STM32CubeIDE/stm32_uros_ws/Panik/microros_ws/install/micro_ros_agent/include/spdlog/details/mpmc_blocking_q.h\n'}
[91.364560] (micro_ros_agent) StdoutLine: {'line': b'-- Installing: /home/ali/STM32CubeIDE/stm32_uros_ws/Panik/microros_ws/install/micro_ros_agent/include/spdlog/details/fmt_helper.h\n'}
[91.364591] (micro_ros_agent) StdoutLine: {'line': b'-- Installing: /home/ali/STM32CubeIDE/stm32_uros_ws/Panik/microros_ws/install/micro_ros_agent/include/spdlog/details/tcp_client.h\n'}
[91.364638] (micro_ros_agent) StdoutLine: {'line': b'-- Installing: /home/ali/STM32CubeIDE/stm32_uros_ws/Panik/microros_ws/install/micro_ros_agent/include/spdlog/details/os.h\n'}
[91.364667] (micro_ros_agent) StdoutLine: {'line': b'-- Installing: /home/ali/STM32CubeIDE/stm32_uros_ws/Panik/microros_ws/install/micro_ros_agent/include/spdlog/details/thread_pool-inl.h\n'}
[91.364709] (micro_ros_agent) StdoutLine: {'line': b'-- Installing: /home/ali/STM32CubeIDE/stm32_uros_ws/Panik/microros_ws/install/micro_ros_agent/include/spdlog/details/console_globals.h\n'}
[91.364749] (micro_ros_agent) StdoutLine: {'line': b'-- Installing: /home/ali/STM32CubeIDE/stm32_uros_ws/Panik/microros_ws/install/micro_ros_agent/include/spdlog/details/windows_include.h\n'}
[91.364794] (micro_ros_agent) StdoutLine: {'line': b'-- Installing: /home/ali/STM32CubeIDE/stm32_uros_ws/Panik/microros_ws/install/micro_ros_agent/include/spdlog/details/periodic_worker.h\n'}
[91.364825] (micro_ros_agent) StdoutLine: {'line': b'-- Installing: /home/ali/STM32CubeIDE/stm32_uros_ws/Panik/microros_ws/install/micro_ros_agent/include/spdlog/details/os-inl.h\n'}
[91.364868] (micro_ros_agent) StdoutLine: {'line': b'-- Installing: /home/ali/STM32CubeIDE/stm32_uros_ws/Panik/microros_ws/install/micro_ros_agent/include/spdlog/details/circular_q.h\n'}
[91.364898] (micro_ros_agent) StdoutLine: {'line': b'-- Installing: /home/ali/STM32CubeIDE/stm32_uros_ws/Panik/microros_ws/install/micro_ros_agent/include/spdlog/details/log_msg_buffer.h\n'}
[91.364939] (micro_ros_agent) StdoutLine: {'line': b'-- Installing: /home/ali/STM32CubeIDE/stm32_uros_ws/Panik/microros_ws/install/micro_ros_agent/include/spdlog/pattern_formatter-inl.h\n'}
[91.364980] (micro_ros_agent) StdoutLine: {'line': b'-- Installing: /home/ali/STM32CubeIDE/stm32_uros_ws/Panik/microros_ws/install/micro_ros_agent/include/spdlog/common-inl.h\n'}
[91.365025] (micro_ros_agent) StdoutLine: {'line': b'-- Installing: /home/ali/STM32CubeIDE/stm32_uros_ws/Panik/microros_ws/install/micro_ros_agent/include/spdlog/formatter.h\n'}
[91.365056] (micro_ros_agent) StdoutLine: {'line': b'-- Installing: /home/ali/STM32CubeIDE/stm32_uros_ws/Panik/microros_ws/install/micro_ros_agent/include/spdlog/async.h\n'}
[91.365100] (micro_ros_agent) StdoutLine: {'line': b'-- Installing: /home/ali/STM32CubeIDE/stm32_uros_ws/Panik/microros_ws/install/micro_ros_agent/include/spdlog/fwd.h\n'}
[91.365131] (micro_ros_agent) StdoutLine: {'line': b'-- Installing: /home/ali/STM32CubeIDE/stm32_uros_ws/Panik/microros_ws/install/micro_ros_agent/include/spdlog/async_logger.h\n'}
[91.365176] (micro_ros_agent) StdoutLine: {'line': b'-- Installing: /home/ali/STM32CubeIDE/stm32_uros_ws/Panik/microros_ws/install/micro_ros_agent/include/spdlog/cfg\n'}
[91.365208] (micro_ros_agent) StdoutLine: {'line': b'-- Installing: /home/ali/STM32CubeIDE/stm32_uros_ws/Panik/microros_ws/install/micro_ros_agent/include/spdlog/cfg/env.h\n'}
[91.365251] (micro_ros_agent) StdoutLine: {'line': b'-- Installing: /home/ali/STM32CubeIDE/stm32_uros_ws/Panik/microros_ws/install/micro_ros_agent/include/spdlog/cfg/helpers.h\n'}
[91.365285] (micro_ros_agent) StdoutLine: {'line': b'-- Installing: /home/ali/STM32CubeIDE/stm32_uros_ws/Panik/microros_ws/install/micro_ros_agent/include/spdlog/cfg/helpers-inl.h\n'}
[91.365328] (micro_ros_agent) StdoutLine: {'line': b'-- Installing: /home/ali/STM32CubeIDE/stm32_uros_ws/Panik/microros_ws/install/micro_ros_agent/include/spdlog/cfg/argv.h\n'}
[91.365361] (micro_ros_agent) StdoutLine: {'line': b'-- Installing: /home/ali/STM32CubeIDE/stm32_uros_ws/Panik/microros_ws/install/micro_ros_agent/include/spdlog/stopwatch.h\n'}
[91.365404] (micro_ros_agent) StdoutLine: {'line': b'-- Installing: /home/ali/STM32CubeIDE/stm32_uros_ws/Panik/microros_ws/install/micro_ros_agent/include/spdlog/async_logger-inl.h\n'}
[91.365439] (micro_ros_agent) StdoutLine: {'line': b'-- Installing: /home/ali/STM32CubeIDE/stm32_uros_ws/Panik/microros_ws/install/micro_ros_agent/include/spdlog/pattern_formatter.h\n'}
[91.365488] (micro_ros_agent) StdoutLine: {'line': b'-- Installing: /home/ali/STM32CubeIDE/stm32_uros_ws/Panik/microros_ws/install/micro_ros_agent/include/spdlog/version.h\n'}
[91.365523] (micro_ros_agent) StdoutLine: {'line': b'-- Installing: /home/ali/STM32CubeIDE/stm32_uros_ws/Panik/microros_ws/install/micro_ros_agent/include/spdlog/tweakme.h\n'}
[91.365553] (micro_ros_agent) StdoutLine: {'line': b'-- Installing: /home/ali/STM32CubeIDE/stm32_uros_ws/Panik/microros_ws/install/micro_ros_agent/include/spdlog/sinks\n'}
[91.365595] (micro_ros_agent) StdoutLine: {'line': b'-- Installing: /home/ali/STM32CubeIDE/stm32_uros_ws/Panik/microros_ws/install/micro_ros_agent/include/spdlog/sinks/android_sink.h\n'}
[91.365628] (micro_ros_agent) StdoutLine: {'line': b'-- Installing: /home/ali/STM32CubeIDE/stm32_uros_ws/Panik/microros_ws/install/micro_ros_agent/include/spdlog/sinks/win_eventlog_sink.h\n'}
[91.365671] (micro_ros_agent) StdoutLine: {'line': b'-- Installing: /home/ali/STM32CubeIDE/stm32_uros_ws/Panik/microros_ws/install/micro_ros_agent/include/spdlog/sinks/qt_sinks.h\n'}
[91.365705] (micro_ros_agent) StdoutLine: {'line': b'-- Installing: /home/ali/STM32CubeIDE/stm32_uros_ws/Panik/microros_ws/install/micro_ros_agent/include/spdlog/sinks/daily_file_sink.h\n'}
[91.365748] (micro_ros_agent) StdoutLine: {'line': b'-- Installing: /home/ali/STM32CubeIDE/stm32_uros_ws/Panik/microros_ws/install/micro_ros_agent/include/spdlog/sinks/msvc_sink.h\n'}
[91.365779] (micro_ros_agent) StdoutLine: {'line': b'-- Installing: /home/ali/STM32CubeIDE/stm32_uros_ws/Panik/microros_ws/install/micro_ros_agent/include/spdlog/sinks/ansicolor_sink.h\n'}
[91.365822] (micro_ros_agent) StdoutLine: {'line': b'-- Installing: /home/ali/STM32CubeIDE/stm32_uros_ws/Panik/microros_ws/install/micro_ros_agent/include/spdlog/sinks/stdout_color_sinks.h\n'}
[91.365854] (micro_ros_agent) StdoutLine: {'line': b'-- Installing: /home/ali/STM32CubeIDE/stm32_uros_ws/Panik/microros_ws/install/micro_ros_agent/include/spdlog/sinks/stdout_sinks-inl.h\n'}
[91.365898] (micro_ros_agent) StdoutLine: {'line': b'-- Installing: /home/ali/STM32CubeIDE/stm32_uros_ws/Panik/microros_ws/install/micro_ros_agent/include/spdlog/sinks/base_sink.h\n'}
[91.365931] (micro_ros_agent) StdoutLine: {'line': b'-- Installing: /home/ali/STM32CubeIDE/stm32_uros_ws/Panik/microros_ws/install/micro_ros_agent/include/spdlog/sinks/wincolor_sink.h\n'}
[91.365971] (micro_ros_agent) StdoutLine: {'line': b'-- Installing: /home/ali/STM32CubeIDE/stm32_uros_ws/Panik/microros_ws/install/micro_ros_agent/include/spdlog/sinks/ringbuffer_sink.h\n'}
[91.366021] (micro_ros_agent) StdoutLine: {'line': b'-- Installing: /home/ali/STM32CubeIDE/stm32_uros_ws/Panik/microros_ws/install/micro_ros_agent/include/spdlog/sinks/base_sink-inl.h\n'}
[91.366051] (micro_ros_agent) StdoutLine: {'line': b'-- Installing: /home/ali/STM32CubeIDE/stm32_uros_ws/Panik/microros_ws/install/micro_ros_agent/include/spdlog/sinks/basic_file_sink.h\n'}
[91.366083] (micro_ros_agent) StdoutLine: {'line': b'-- Installing: /home/ali/STM32CubeIDE/stm32_uros_ws/Panik/microros_ws/install/micro_ros_agent/include/spdlog/sinks/dup_filter_sink.h\n'}
[91.366127] (micro_ros_agent) StdoutLine: {'line': b'-- Installing: /home/ali/STM32CubeIDE/stm32_uros_ws/Panik/microros_ws/install/micro_ros_agent/include/spdlog/sinks/syslog_sink.h\n'}
[91.366159] (micro_ros_agent) StdoutLine: {'line': b'-- Installing: /home/ali/STM32CubeIDE/stm32_uros_ws/Panik/microros_ws/install/micro_ros_agent/include/spdlog/sinks/rotating_file_sink-inl.h\n'}
[91.366191] (micro_ros_agent) StdoutLine: {'line': b'-- Installing: /home/ali/STM32CubeIDE/stm32_uros_ws/Panik/microros_ws/install/micro_ros_agent/include/spdlog/sinks/systemd_sink.h\n'}
[91.366236] (micro_ros_agent) StdoutLine: {'line': b'-- Installing: /home/ali/STM32CubeIDE/stm32_uros_ws/Panik/microros_ws/install/micro_ros_agent/include/spdlog/sinks/ansicolor_sink-inl.h\n'}
[91.366267] (micro_ros_agent) StdoutLine: {'line': b'-- Installing: /home/ali/STM32CubeIDE/stm32_uros_ws/Panik/microros_ws/install/micro_ros_agent/include/spdlog/sinks/sink-inl.h\n'}
[91.366298] (micro_ros_agent) StdoutLine: {'line': b'-- Installing: /home/ali/STM32CubeIDE/stm32_uros_ws/Panik/microros_ws/install/micro_ros_agent/include/spdlog/sinks/tcp_sink.h\n'}
[91.366341] (micro_ros_agent) StdoutLine: {'line': b'-- Installing: /home/ali/STM32CubeIDE/stm32_uros_ws/Panik/microros_ws/install/micro_ros_agent/include/spdlog/sinks/basic_file_sink-inl.h\n'}
[91.366374] (micro_ros_agent) StdoutLine: {'line': b'-- Installing: /home/ali/STM32CubeIDE/stm32_uros_ws/Panik/microros_ws/install/micro_ros_agent/include/spdlog/sinks/mongo_sink.h\n'}
[91.366415] (micro_ros_agent) StdoutLine: {'line': b'-- Installing: /home/ali/STM32CubeIDE/stm32_uros_ws/Panik/microros_ws/install/micro_ros_agent/include/spdlog/sinks/rotating_file_sink.h\n'}
[91.366445] (micro_ros_agent) StdoutLine: {'line': b'-- Installing: /home/ali/STM32CubeIDE/stm32_uros_ws/Panik/microros_ws/install/micro_ros_agent/include/spdlog/sinks/null_sink.h\n'}
[91.366490] (micro_ros_agent) StdoutLine: {'line': b'-- Installing: /home/ali/STM32CubeIDE/stm32_uros_ws/Panik/microros_ws/install/micro_ros_agent/include/spdlog/sinks/ostream_sink.h\n'}
[91.366521] (micro_ros_agent) StdoutLine: {'line': b'-- Installing: /home/ali/STM32CubeIDE/stm32_uros_ws/Panik/microros_ws/install/micro_ros_agent/include/spdlog/sinks/hourly_file_sink.h\n'}
[91.366564] (micro_ros_agent) StdoutLine: {'line': b'-- Installing: /home/ali/STM32CubeIDE/stm32_uros_ws/Panik/microros_ws/install/micro_ros_agent/include/spdlog/sinks/wincolor_sink-inl.h\n'}
[91.366600] (micro_ros_agent) StdoutLine: {'line': b'-- Installing: /home/ali/STM32CubeIDE/stm32_uros_ws/Panik/microros_ws/install/micro_ros_agent/include/spdlog/sinks/stdout_color_sinks-inl.h\n'}
[91.366631] (micro_ros_agent) StdoutLine: {'line': b'-- Installing: /home/ali/STM32CubeIDE/stm32_uros_ws/Panik/microros_ws/install/micro_ros_agent/include/spdlog/sinks/stdout_sinks.h\n'}
[91.366673] (micro_ros_agent) StdoutLine: {'line': b'-- Installing: /home/ali/STM32CubeIDE/stm32_uros_ws/Panik/microros_ws/install/micro_ros_agent/include/spdlog/sinks/sink.h\n'}
[91.366704] (micro_ros_agent) StdoutLine: {'line': b'-- Installing: /home/ali/STM32CubeIDE/stm32_uros_ws/Panik/microros_ws/install/micro_ros_agent/include/spdlog/sinks/dist_sink.h\n'}
[91.366743] (micro_ros_agent) StdoutLine: {'line': b'-- Installing: /home/ali/STM32CubeIDE/stm32_uros_ws/Panik/microros_ws/install/micro_ros_agent/include/spdlog/spdlog-inl.h\n'}
[91.381612] (micro_ros_agent) StdoutLine: {'line': b"[ 37%] \x1b[34m\x1b[1mCompleted 'xrceagent'\x1b[0m\n"}
[91.405219] (micro_ros_agent) StdoutLine: {'line': b'[ 50%] Built target xrceagent\n'}
[91.419658] (-) TimerEvent: {}
[91.420992] (micro_ros_agent) StdoutLine: {'line': b"[ 56%] \x1b[34m\x1b[1mCreating directories for 'micro_ros_agent'\x1b[0m\n"}
[91.439860] (micro_ros_agent) StdoutLine: {'line': b"[ 62%] \x1b[34m\x1b[1mNo download step for 'micro_ros_agent'\x1b[0m\n"}
[91.457009] (micro_ros_agent) StdoutLine: {'line': b"[ 68%] \x1b[34m\x1b[1mNo update step for 'micro_ros_agent'\x1b[0m\n"}
[91.476112] (micro_ros_agent) StdoutLine: {'line': b"[ 75%] \x1b[34m\x1b[1mNo patch step for 'micro_ros_agent'\x1b[0m\n"}
[91.504223] (micro_ros_agent) StdoutLine: {'line': b"[ 81%] \x1b[34m\x1b[1mPerforming configure step for 'micro_ros_agent'\x1b[0m\n"}
[91.513400] (micro_ros_agent) StdoutLine: {'line': b'loading initial cache file /home/ali/STM32CubeIDE/stm32_uros_ws/Panik/microros_ws/build/micro_ros_agent/micro_ros_agent-prefix/tmp/micro_ros_agent-cache-.cmake\n'}
[91.519768] (-) TimerEvent: {}
[91.524465] (micro_ros_agent) StdoutLine: {'line': b'-- Found ament_cmake: 2.5.4 (/opt/ros/jazzy/share/ament_cmake/cmake)\n'}
[91.619845] (-) TimerEvent: {}
[91.655889] (micro_ros_agent) StdoutLine: {'line': b'-- Found Python3: /usr/bin/python3 (found version "3.12.3") found components: Interpreter \n'}
[91.720041] (-) TimerEvent: {}
[91.810903] (micro_ros_agent) StdoutLine: {'line': b'-- Found OpenSSL: /usr/lib/x86_64-linux-gnu/libcrypto.so (found version "3.0.13")  \n'}
[91.820239] (-) TimerEvent: {}
[91.821812] (micro_ros_agent) StdoutLine: {'line': b'-- Performing Test CMAKE_HAVE_LIBC_PTHREAD\n'}
[91.905658] (micro_ros_agent) StdoutLine: {'line': b'-- Performing Test CMAKE_HAVE_LIBC_PTHREAD - Success\n'}
[91.906625] (micro_ros_agent) StdoutLine: {'line': b'-- Found Threads: TRUE  \n'}
[91.912300] (micro_ros_agent) StdoutLine: {'line': b'-- Found rosidl_cmake: 4.6.5 (/opt/ros/jazzy/share/rosidl_cmake/cmake)\n'}
[91.913899] (micro_ros_agent) StdoutLine: {'line': b'-- Found rosidl_adapter: 4.6.5 (/opt/ros/jazzy/share/rosidl_adapter/cmake)\n'}
[91.920412] (-) TimerEvent: {}
[91.923474] (micro_ros_agent) StdoutLine: {'line': b'-- Found fastrtps_cmake_module: 3.6.1 (/opt/ros/jazzy/share/fastrtps_cmake_module/cmake)\n'}
[91.925681] (micro_ros_agent) StdoutLine: {'line': b'-- Found rmw_dds_common: 3.1.0 (/opt/ros/jazzy/share/rmw_dds_common/cmake)\n'}
[91.954225] (micro_ros_agent) StdoutLine: {'line': b'-- Found rosidl_generator_c: 4.6.5 (/opt/ros/jazzy/share/rosidl_generator_c/cmake)\n'}
[91.963257] (micro_ros_agent) StdoutLine: {'line': b'-- Found rosidl_generator_cpp: 4.6.5 (/opt/ros/jazzy/share/rosidl_generator_cpp/cmake)\n'}
[91.969646] (micro_ros_agent) StdoutLine: {'line': b'-- Using all available rosidl_typesupport_c: rosidl_typesupport_fastrtps_c;rosidl_typesupport_introspection_c\n'}
[91.982461] (micro_ros_agent) StdoutLine: {'line': b'-- Using all available rosidl_typesupport_cpp: rosidl_typesupport_fastrtps_cpp;rosidl_typesupport_introspection_cpp\n'}
[92.000357] (micro_ros_agent) StdoutLine: {'line': b'-- Found rmw_fastrtps_shared_cpp: 8.4.2 (/opt/ros/jazzy/share/rmw_fastrtps_shared_cpp/cmake)\n'}
[92.020607] (-) TimerEvent: {}
[92.026914] (micro_ros_agent) StdoutLine: {'line': b'-- Found FastRTPS: /opt/ros/jazzy/include (Required is at least version "2.13") \n'}
[92.028488] (micro_ros_agent) StdoutLine: {'line': b'-- Found ament_lint_auto: 0.17.2 (/opt/ros/jazzy/share/ament_lint_auto/cmake)\n'}
[92.030959] (micro_ros_agent) StdoutLine: {'line': b'-- Found ament_cmake_gtest: 2.5.4 (/opt/ros/jazzy/share/ament_cmake_gtest/cmake)\n'}
[92.031989] (micro_ros_agent) StdoutLine: {'line': b'-- Found micro_ros_msgs: 5.0.2 (/home/ali/STM32CubeIDE/stm32_uros_ws/Panik/microros_ws/install/micro_ros_msgs/share/micro_ros_msgs/cmake)\n'}
[92.101228] (micro_ros_agent) StdoutLine: {'line': b'-- Configuring done (0.6s)\n'}
[92.106094] (micro_ros_agent) StdoutLine: {'line': b'-- Generating done (0.0s)\n'}
[92.107801] (micro_ros_agent) StdoutLine: {'line': b'-- Build files have been written to: /home/ali/STM32CubeIDE/stm32_uros_ws/Panik/microros_ws/build/micro_ros_agent\n'}
[92.120691] (-) TimerEvent: {}
[92.125474] (micro_ros_agent) StdoutLine: {'line': b"[ 87%] \x1b[34m\x1b[1mPerforming build step for 'micro_ros_agent'\x1b[0m\n"}
[92.168714] (micro_ros_agent) StdoutLine: {'line': b'[ 33%] \x1b[32mBuilding CXX object CMakeFiles/micro_ros_agent.dir/src/agent/graph_manager/graph_manager.cpp.o\x1b[0m\n'}
[92.168839] (micro_ros_agent) StdoutLine: {'line': b'[ 33%] \x1b[32mBuilding CXX object CMakeFiles/micro_ros_agent.dir/src/agent/Agent.cpp.o\x1b[0m\n'}
[92.170186] (micro_ros_agent) StdoutLine: {'line': b'[ 50%] \x1b[32mBuilding CXX object CMakeFiles/micro_ros_agent.dir/src/main.cpp.o\x1b[0m\n'}
[92.170503] (micro_ros_agent) StdoutLine: {'line': b'[ 66%] \x1b[32mBuilding CXX object CMakeFiles/micro_ros_agent.dir/src/agent/graph_manager/graph_typesupport.cpp.o\x1b[0m\n'}
[92.170671] (micro_ros_agent) StdoutLine: {'line': b'[ 83%] \x1b[32mBuilding CXX object CMakeFiles/micro_ros_agent.dir/src/agent/utils/demangle.cpp.o\x1b[0m\n'}
[92.220793] (-) TimerEvent: {}
[92.321133] (-) TimerEvent: {}
[92.421449] (-) TimerEvent: {}
[92.521782] (-) TimerEvent: {}
[92.622031] (-) TimerEvent: {}
[92.722350] (-) TimerEvent: {}
[92.822669] (-) TimerEvent: {}
[92.922994] (-) TimerEvent: {}
[93.023312] (-) TimerEvent: {}
[93.123630] (-) TimerEvent: {}
[93.223955] (-) TimerEvent: {}
[93.324277] (-) TimerEvent: {}
[93.424553] (-) TimerEvent: {}
[93.524870] (-) TimerEvent: {}
[93.625220] (-) TimerEvent: {}
[93.725539] (-) TimerEvent: {}
[93.825850] (-) TimerEvent: {}
[93.926182] (-) TimerEvent: {}
[94.026509] (-) TimerEvent: {}
[94.126814] (-) TimerEvent: {}
[94.227114] (-) TimerEvent: {}
[94.327411] (-) TimerEvent: {}
[94.425857] (micro_ros_agent) StdoutLine: {'line': b'[100%] \x1b[32m\x1b[1mLinking CXX executable micro_ros_agent\x1b[0m\n'}
[94.427591] (-) TimerEvent: {}
[94.527868] (-) TimerEvent: {}
[94.620296] (micro_ros_agent) StdoutLine: {'line': b'[100%] Built target micro_ros_agent\n'}
[94.628059] (-) TimerEvent: {}
[94.639743] (micro_ros_agent) StdoutLine: {'line': b"\x1b[34m\x1b[1mNo install step for 'micro_ros_agent'\x1b[0m\n"}
[94.669446] (micro_ros_agent) StdoutLine: {'line': b"\x1b[34m\x1b[1mCompleted 'micro_ros_agent'\x1b[0m\n"}
[94.710239] (micro_ros_agent) StdoutLine: {'line': b'Built target micro_ros_agent\n'}
[94.723968] (micro_ros_agent) CommandEnded: {'returncode': 0}
[94.725365] (micro_ros_agent) JobProgress: {'identifier': 'micro_ros_agent', 'progress': 'install'}
[94.726096] (micro_ros_agent) Command: {'cmd': ['/usr/bin/cmake', '--install', '/home/ali/STM32CubeIDE/stm32_uros_ws/Panik/microros_ws/build/micro_ros_agent'], 'cwd': '/home/ali/STM32CubeIDE/stm32_uros_ws/Panik/microros_ws/build/micro_ros_agent', 'env': OrderedDict({'LESSOPEN': '| /usr/bin/lesspipe %s', 'USER': 'ali', 'XDG_SESSION_TYPE': 'x11', 'SHLVL': '2', 'LD_LIBRARY_PATH': '/home/ali/STM32CubeIDE/stm32_uros_ws/Panik/microros_ws/install/micro_ros_msgs/lib:/usr/local/cuda/lib64:/opt/ros/jazzy/opt/rviz_ogre_vendor/lib:/opt/ros/jazzy/lib/x86_64-linux-gnu:/opt/ros/jazzy/opt/gz_math_vendor/lib:/opt/ros/jazzy/opt/gz_utils_vendor/lib:/opt/ros/jazzy/opt/gz_cmake_vendor/lib:/opt/ros/jazzy/lib', 'HOME': '/home/ali', 'CONDA_SHLVL': '0', 'OLDPWD': '/home/ali/STM32CubeIDE/stm32_uros_ws/Panik/microros_ws/src', 'DESKTOP_SESSION': 'ubuntu', 'ROS_PYTHON_VERSION': '3', 'GNOME_SHELL_SESSION_MODE': 'ubuntu', 'GTK_MODULES': 'gail:atk-bridge', 'DBUS_STARTER_BUS_TYPE': 'session', 'SYSTEMD_EXEC_PID': '3737', 'GSM_SKIP_SSH_AGENT_WORKAROUND': 'true', 'DBUS_SESSION_BUS_ADDRESS': 'unix:path=/run/user/1000/bus,guid=0604e28faa751846e4adda7b6881fc05', 'COLORTERM': 'truecolor', '_CE_M': '', 'DEBUGINFOD_URLS': 'https://debuginfod.ubuntu.com', 'COLCON_PREFIX_PATH': '/home/ali/STM32CubeIDE/stm32_uros_ws/Panik/microros_ws/install', 'ROS_DISTRO': 'jazzy', 'LOGNAME': 'ali', '_': '/usr/bin/colcon', 'ROS_VERSION': '2', 'MEMORY_PRESSURE_WATCH': '/sys/fs/cgroup/user.slice/user-1000.slice/user@1000.service/app.slice/app-gnome\\x2dsession\\x2dmanager.slice/gnome-session-manager@ubuntu.service/memory.pressure', 'XDG_SESSION_CLASS': 'user', 'USERNAME': 'ali', 'TERM': 'xterm-256color', 'GNOME_DESKTOP_SESSION_ID': 'this-is-deprecated', '_CE_CONDA': '', 'WINDOWPATH': '2', 'PATH': '/opt/gcc-arm-none-eabi-10.3-2021.10/bin:/opt/xpack-openocd-0.12.0-6/bin:/home/ali/anaconda3/condabin:/usr/local/cuda/bin:/opt/ros/jazzy/bin:/usr/local/sbin:/usr/local/bin:/usr/sbin:/usr/bin:/sbin:/bin:/usr/games:/usr/local/games:/snap/bin:/snap/bin', 'SESSION_MANAGER': 'local/Asus:@/tmp/.ICE-unix/3737,unix/Asus:/tmp/.ICE-unix/3737', 'XDG_MENU_PREFIX': 'gnome-', 'GNOME_TERMINAL_SCREEN': '/org/gnome/Terminal/screen/dcb9ce6c_90fc_45e0_b803_e109dc5ac748', 'XDG_RUNTIME_DIR': '/run/user/1000', 'DISPLAY': ':1', 'LANG': 'en_US.UTF-8', 'XDG_CURRENT_DESKTOP': 'ubuntu:GNOME', 'XMODIFIERS': '@im=ibus', 'XDG_SESSION_DESKTOP': 'ubuntu', 'XAUTHORITY': '/run/user/1000/gdm/Xauthority', 'LS_COLORS': 'rs=0:di=01;34:ln=01;36:mh=00:pi=40;33:so=01;35:do=01;35:bd=40;33;01:cd=40;33;01:or=40;31;01:mi=00:su=37;41:sg=30;43:ca=00:tw=30;42:ow=34;42:st=37;44:ex=01;32:*.tar=01;31:*.tgz=01;31:*.arc=01;31:*.arj=01;31:*.taz=01;31:*.lha=01;31:*.lz4=01;31:*.lzh=01;31:*.lzma=01;31:*.tlz=01;31:*.txz=01;31:*.tzo=01;31:*.t7z=01;31:*.zip=01;31:*.z=01;31:*.dz=01;31:*.gz=01;31:*.lrz=01;31:*.lz=01;31:*.lzo=01;31:*.xz=01;31:*.zst=01;31:*.tzst=01;31:*.bz2=01;31:*.bz=01;31:*.tbz=01;31:*.tbz2=01;31:*.tz=01;31:*.deb=01;31:*.rpm=01;31:*.jar=01;31:*.war=01;31:*.ear=01;31:*.sar=01;31:*.rar=01;31:*.alz=01;31:*.ace=01;31:*.zoo=01;31:*.cpio=01;31:*.7z=01;31:*.rz=01;31:*.cab=01;31:*.wim=01;31:*.swm=01;31:*.dwm=01;31:*.esd=01;31:*.avif=01;35:*.jpg=01;35:*.jpeg=01;35:*.mjpg=01;35:*.mjpeg=01;35:*.gif=01;35:*.bmp=01;35:*.pbm=01;35:*.pgm=01;35:*.ppm=01;35:*.tga=01;35:*.xbm=01;35:*.xpm=01;35:*.tif=01;35:*.tiff=01;35:*.png=01;35:*.svg=01;35:*.svgz=01;35:*.mng=01;35:*.pcx=01;35:*.mov=01;35:*.mpg=01;35:*.mpeg=01;35:*.m2v=01;35:*.mkv=01;35:*.webm=01;35:*.webp=01;35:*.ogm=01;35:*.mp4=01;35:*.m4v=01;35:*.mp4v=01;35:*.vob=01;35:*.qt=01;35:*.nuv=01;35:*.wmv=01;35:*.asf=01;35:*.rm=01;35:*.rmvb=01;35:*.flc=01;35:*.avi=01;35:*.fli=01;35:*.flv=01;35:*.gl=01;35:*.dl=01;35:*.xcf=01;35:*.xwd=01;35:*.yuv=01;35:*.cgm=01;35:*.emf=01;35:*.ogv=01;35:*.ogx=01;35:*.aac=00;36:*.au=00;36:*.flac=00;36:*.m4a=00;36:*.mid=00;36:*.midi=00;36:*.mka=00;36:*.mp3=00;36:*.mpc=00;36:*.ogg=00;36:*.ra=00;36:*.wav=00;36:*.oga=00;36:*.opus=00;36:*.spx=00;36:*.xspf=00;36:*~=00;90:*#=00;90:*.bak=00;90:*.crdownload=00;90:*.dpkg-dist=00;90:*.dpkg-new=00;90:*.dpkg-old=00;90:*.dpkg-tmp=00;90:*.old=00;90:*.orig=00;90:*.part=00;90:*.rej=00;90:*.rpmnew=00;90:*.rpmorig=00;90:*.rpmsave=00;90:*.swp=00;90:*.tmp=00;90:*.ucf-dist=00;90:*.ucf-new=00;90:*.ucf-old=00;90:', 'GNOME_TERMINAL_SERVICE': ':1.151', 'SSH_AUTH_SOCK': '/run/user/1000/keyring/ssh', 'AMENT_PREFIX_PATH': '/home/ali/STM32CubeIDE/stm32_uros_ws/Panik/microros_ws/install/micro_ros_msgs:/home/ali/STM32CubeIDE/stm32_uros_ws/Panik/microros_ws/install/micro_ros_setup:/opt/ros/jazzy', 'CONDA_PYTHON_EXE': '/home/ali/anaconda3/bin/python', 'SHELL': '/bin/bash', 'QT_ACCESSIBILITY': '1', 'GDMSESSION': 'ubuntu', 'LESSCLOSE': '/usr/bin/lesspipe %s %s', 'GPG_AGENT_INFO': '/run/user/1000/gnupg/S.gpg-agent:0:1', 'ROS_AUTOMATIC_DISCOVERY_RANGE': 'SUBNET', 'QT_IM_MODULE': 'ibus', 'PWD': '/home/ali/STM32CubeIDE/stm32_uros_ws/Panik/microros_ws/build/micro_ros_agent', 'LC_ALL': 'en_US.UTF-8', 'XDG_CONFIG_DIRS': '/etc/xdg/xdg-ubuntu:/etc/xdg', 'CONDA_EXE': '/home/ali/anaconda3/bin/conda', 'DBUS_STARTER_ADDRESS': 'unix:path=/run/user/1000/bus,guid=0604e28faa751846e4adda7b6881fc05', 'XDG_DATA_DIRS': '/usr/share/ubuntu:/usr/share/gnome:/usr/local/share/:/usr/share/:/var/lib/snapd/desktop', 'PYTHONPATH': '/home/ali/STM32CubeIDE/stm32_uros_ws/Panik/microros_ws/install/micro_ros_msgs/lib/python3.12/site-packages:/opt/ros/jazzy/lib/python3.12/site-packages', 'COLCON': '1', 'MEMORY_PRESSURE_WRITE': 'c29tZSAyMDAwMDAgMjAwMDAwMAA=', 'VTE_VERSION': '7600', 'CMAKE_PREFIX_PATH': '/home/ali/STM32CubeIDE/stm32_uros_ws/Panik/microros_ws/install/micro_ros_msgs:/home/ali/STM32CubeIDE/stm32_uros_ws/Panik/microros_ws/install/micro_ros_setup:/opt/ros/jazzy/opt/gz_math_vendor:/opt/ros/jazzy/opt/gz_utils_vendor:/opt/ros/jazzy/opt/gz_cmake_vendor:/opt/ros/jazzy'}), 'shell': False}
[94.728156] (-) TimerEvent: {}
[94.735324] (micro_ros_agent) StdoutLine: {'line': b'-- Install configuration: ""\n'}
[94.735477] (micro_ros_agent) StdoutLine: {'line': b'-- Installing: /home/ali/STM32CubeIDE/stm32_uros_ws/Panik/microros_ws/install/micro_ros_agent/share/ament_index/resource_index/package_run_dependencies/micro_ros_agent\n'}
[94.735806] (micro_ros_agent) StdoutLine: {'line': b'-- Installing: /home/ali/STM32CubeIDE/stm32_uros_ws/Panik/microros_ws/install/micro_ros_agent/share/ament_index/resource_index/parent_prefix_path/micro_ros_agent\n'}
[94.735956] (micro_ros_agent) StdoutLine: {'line': b'-- Installing: /home/ali/STM32CubeIDE/stm32_uros_ws/Panik/microros_ws/install/micro_ros_agent/share/micro_ros_agent/environment/ament_prefix_path.sh\n'}
[94.736056] (micro_ros_agent) StdoutLine: {'line': b'-- Installing: /home/ali/STM32CubeIDE/stm32_uros_ws/Panik/microros_ws/install/micro_ros_agent/share/micro_ros_agent/environment/ament_prefix_path.dsv\n'}
[94.736124] (micro_ros_agent) StdoutLine: {'line': b'-- Installing: /home/ali/STM32CubeIDE/stm32_uros_ws/Panik/microros_ws/install/micro_ros_agent/share/micro_ros_agent/environment/path.sh\n'}
[94.736181] (micro_ros_agent) StdoutLine: {'line': b'-- Installing: /home/ali/STM32CubeIDE/stm32_uros_ws/Panik/microros_ws/install/micro_ros_agent/share/micro_ros_agent/environment/path.dsv\n'}
[94.736268] (micro_ros_agent) StdoutLine: {'line': b'-- Installing: /home/ali/STM32CubeIDE/stm32_uros_ws/Panik/microros_ws/install/micro_ros_agent/share/micro_ros_agent/local_setup.bash\n'}
[94.736336] (micro_ros_agent) StdoutLine: {'line': b'-- Installing: /home/ali/STM32CubeIDE/stm32_uros_ws/Panik/microros_ws/install/micro_ros_agent/share/micro_ros_agent/local_setup.sh\n'}
[94.736389] (micro_ros_agent) StdoutLine: {'line': b'-- Installing: /home/ali/STM32CubeIDE/stm32_uros_ws/Panik/microros_ws/install/micro_ros_agent/share/micro_ros_agent/local_setup.zsh\n'}
[94.736467] (micro_ros_agent) StdoutLine: {'line': b'-- Installing: /home/ali/STM32CubeIDE/stm32_uros_ws/Panik/microros_ws/install/micro_ros_agent/share/micro_ros_agent/local_setup.dsv\n'}
[94.736552] (micro_ros_agent) StdoutLine: {'line': b'-- Installing: /home/ali/STM32CubeIDE/stm32_uros_ws/Panik/microros_ws/install/micro_ros_agent/share/micro_ros_agent/package.dsv\n'}
[94.736619] (micro_ros_agent) StdoutLine: {'line': b'-- Installing: /home/ali/STM32CubeIDE/stm32_uros_ws/Panik/microros_ws/install/micro_ros_agent/share/ament_index/resource_index/packages/micro_ros_agent\n'}
[94.736669] (micro_ros_agent) StdoutLine: {'line': b'-- Installing: /home/ali/STM32CubeIDE/stm32_uros_ws/Panik/microros_ws/install/micro_ros_agent/share/micro_ros_agent/cmake/ament_cmake_export_dependencies-extras.cmake\n'}
[94.736743] (micro_ros_agent) StdoutLine: {'line': b'-- Installing: /home/ali/STM32CubeIDE/stm32_uros_ws/Panik/microros_ws/install/micro_ros_agent/share/micro_ros_agent/cmake/micro_ros_agentConfig.cmake\n'}
[94.736806] (micro_ros_agent) StdoutLine: {'line': b'-- Installing: /home/ali/STM32CubeIDE/stm32_uros_ws/Panik/microros_ws/install/micro_ros_agent/share/micro_ros_agent/cmake/micro_ros_agentConfig-version.cmake\n'}
[94.736858] (micro_ros_agent) StdoutLine: {'line': b'-- Installing: /home/ali/STM32CubeIDE/stm32_uros_ws/Panik/microros_ws/install/micro_ros_agent/share/micro_ros_agent/package.xml\n'}
[94.737080] (micro_ros_agent) StdoutLine: {'line': b'-- Installing: /home/ali/STM32CubeIDE/stm32_uros_ws/Panik/microros_ws/install/micro_ros_agent/lib/micro_ros_agent/micro_ros_agent\n'}
[94.737971] (micro_ros_agent) StdoutLine: {'line': b'-- Set non-toolchain portion of runtime path of "/home/ali/STM32CubeIDE/stm32_uros_ws/Panik/microros_ws/install/micro_ros_agent/lib/micro_ros_agent/micro_ros_agent" to ""\n'}
[94.738028] (micro_ros_agent) StdoutLine: {'line': b'-- Installing: /home/ali/STM32CubeIDE/stm32_uros_ws/Panik/microros_ws/install/micro_ros_agent/share/micro_ros_agent/launch\n'}
[94.738103] (micro_ros_agent) StdoutLine: {'line': b'-- Installing: /home/ali/STM32CubeIDE/stm32_uros_ws/Panik/microros_ws/install/micro_ros_agent/share/micro_ros_agent/launch/micro_ros_agent_launch.py\n'}
[94.740141] (micro_ros_agent) CommandEnded: {'returncode': 0}
[94.748860] (micro_ros_agent) JobEnded: {'identifier': 'micro_ros_agent', 'rc': 0}
[94.749225] (-) EventReactorShutdown: {}
